ID_INSTITUCION,INSTITUCION,SECTOR,MUNICIPIO,LATITUD,LONGITUD,TORRE_CERCANA,DEPENDENCIA_TORRE_ESTATAL,LATITUD_TORRE,LONGITUD_TORRE,DIST_KM,LINEA_VISTA,CONEXION_INICIAL,OBSTRUCCION_MAX_M
4570,H.AYUNTAMIENTO - ROSARIO TESOPACO,GOBIERNO,ROSARIO,27.840593,-109.370759,H. Ayuntamiento de Rosario,Telefonía Rural,27.840604,-109.370759,0.001,True,CONEXION DIRECTA VIABLE,-10.17
4545,H.AYUNTAMIENTO - ETCHOJOA,GOBIERNO,ETCHOJOA,26.911615,-109.625925,(TZ-45) Torre Palacio Municipal  Etchojoa,Seguridad,26.911617,-109.625892,0.003,True,CONEXION DIRECTA VIABLE,-10.17
3328,CENTRO DE SALUD RURAL YAVARITOS,SALUD,HUATABAMPO,26.779108,-109.368831,Centro de Salud Rural de Yavaritos,Telefonía Rural,26.77914,-109.36883,0.004,True,CONEXION DIRECTA VIABLE,-10.17
4577,H.AYUNTAMIENTO - SANTA ANA,GOBIERNO,SANTA ANA,30.544353,-111.121269,SANTA ANA,Telemax,30.544389,-111.121275,0.004,True,CONEXION DIRECTA VIABLE,-10.17
4571,H.AYUNTAMIENTO - SAHUARIPA,GOBIERNO,SAHUARIPA,29.056336,-109.233486,H. Ayuntamiento de Sahuaripa 2,Telefonía Rural,29.05637,-109.23347,0.004,True,CONEXION DIRECTA VIABLE,-10.17
4547,H.AYUNTAMIENTO - GRANADOS,GOBIERNO,GRANADOS,29.862285,-109.310382,H. Ayuntamiento de Granados,Telefonía Rural,29.86225,-109.31035,0.005,True,CONEXION DIRECTA VIABLE,-10.17
4544,H.AYUNTAMIENTO - EMPALME,GOBIERNO,EMPALME,27.957535,-110.815897,H. Ayuntamiento Empalme,C5i,27.957581,-110.815899,0.005,True,CONEXION DIRECTA VIABLE,-10.17
4543,H.AYUNTAMIENTO - DIVISADEROS,GOBIERNO,DIVISADEROS,29.614861,-109.47022,DIVISADEROS,Telemax,29.614828,-109.470172,0.006,True,CONEXION DIRECTA VIABLE,-10.17
3354,CENTRO DE SALUD RURAL OQUITOA,SALUD,OQUITOA,30.740895,-111.734868,OQUITOA,CFE,30.7409,-111.7348,0.007,True,CONEXION DIRECTA VIABLE,-10.17
3315,CENTRO DE SALUD RURAL LAS BOCAS,SALUD,HUATABAMPO,26.595008,-109.335506,Centro de Salud Rural de Las Bocas,Telefonía Rural,26.59506,-109.33547,0.007,True,CONEXION DIRECTA VIABLE,-10.17
4567,H.AYUNTAMIENTO - PUERTO PEÑASCO,GOBIERNO,PUERTO PENASCO,31.305894,-113.540519,PUERTO PEÑASCO,Telemax,31.305833,-113.540556,0.008,True,CONEXION DIRECTA VIABLE,-10.17
640,HERMANOS FLORES MAGON,ESCUELAS,CABORCA,30.79,-112.841944,ULTIMO-ESFUERZO,CFE,30.79001,-112.84186,0.008,True,CONEXION DIRECTA VIABLE,-10.17
610,MIS JUGUETITOS,ESCUELAS,CABORCA,30.79,-112.841944,ULTIMO-ESFUERZO,CFE,30.79001,-112.84186,0.008,True,CONEXION DIRECTA VIABLE,-10.17
3262,CENTRO DE SALUD RURAL FCO.JAVIER MINA (CAMPO 60),SALUD,BACUM,27.45822,-110.113308,Centro de Salud Rural de Francisco J Mina (Campo 60),Telefonía Rural,27.45816,-110.11326,0.008,True,CONEXION DIRECTA VIABLE,-10.16
3238,CENTRO DE SALUD RURAL EL CHINO,SALUD,ALAMOS,26.571505,-108.975256,Centro de Salud Rural 189 de El Chino,Telefonía Rural,26.57152,-108.97534,0.009,True,CONEXION DIRECTA VIABLE,-10.17
4531,H.AYUNTAMIENTO - BACUM,GOBIERNO,BACUM,27.549954,-110.083127,(TZ-45) Palacio Municipal BÁCUM,Seguridad,27.549892,-110.083075,0.009,True,CONEXION DIRECTA VIABLE,-10.17
3323,CENTRO DE SALUD RURAL MELCHOR OCAMPO,SALUD,HUATABAMPO,26.534526,-109.176531,Centro de Salud Rural de Melchor Ocampo,Telefonía Rural,26.53461,-109.17651,0.01,True,CONEXION DIRECTA VIABLE,-10.18
3539,Bacoachi,ESCUELAS,BACOACHI,30.632413,-109.968592,BACOACHI,Telemax,30.632433,-109.968483,0.011,True,CONEXION DIRECTA VIABLE,-10.17
4527,H.AYUNTAMIENTO - BACADEHUACHI,GOBIERNO,BACADEHUACHI,29.808684,-109.140623,H. Ayuntamiento de Bacadehuachi,Telefonía Rural,29.80873,-109.14072,0.011,True,CONEXION DIRECTA VIABLE,-10.17
4533,H.AYUNTAMIENTO - BAVIACORA,GOBIERNO,BAVIACORA,29.715184,-110.164969,BAVIÁCORA,Telemax,29.715211,-110.165078,0.011,True,CONEXION DIRECTA VIABLE,-10.16
4532,H.AYUNTAMIENTO - BANAMICHI,GOBIERNO,BANAMICHI,30.007176,-110.2179,BANÁMICHI,Telemax,30.007164,-110.218019,0.012,True,CONEXION DIRECTA VIABLE,-10.16
3348,CENTRO DE SALUD RURAL SANTA MARIA DEL BUARAJE,SALUD,NAVOJOA,27.302888,-109.802754,Centro de Salud Rural de Sta Ma del Buaraje Nvo,Telefonía Rural,27.30295,-109.80285,0.012,True,CONEXION DIRECTA VIABLE,-10.18
4554,H.AYUNTAMIENTO - IMURIS,GOBIERNO,IMURIS,30.777322,-110.861517,(TZ-45) Torre Palacio,Seguridad,30.7773,-110.861639,0.012,True,CONEXION DIRECTA VIABLE,-10.17
4563,H.AYUNTAMIENTO - ONAVAS,GOBIERNO,ONAVAS,28.46015,-109.528877,H. Ayuntamiento  de Onavas,Telefonía Rural,28.460069,-109.528962,0.012,True,CONEXION DIRECTA VIABLE,-10.16
3338,CENTRO DE SALUD RURAL FUNDICION,SALUD,NAVOJOA,27.33057,-109.738374,Centro de Salud Rural de Fundicion,Telefonía Rural,27.33064,-109.73827,0.013,True,CONEXION DIRECTA VIABLE,-10.17
3293,CENTRO DE SALUD RURAL BUAYSIACOBE,SALUD,ETCHOJOA,27.058919,-109.683983,Centro de Salud Rural de Buaysiacobe,Telefonía Rural,27.05884,-109.68408,0.013,True,CONEXION DIRECTA VIABLE,-10.17
4565,H.AYUNTAMIENTO - OQUITOA,GOBIERNO,OQUITOA,30.742107,-111.734815,OQUITOA,Telemax,30.742219,-111.734878,0.014,True,CONEXION DIRECTA VIABLE,-10.18
3399,CENTRO DE SALUD RURAL PLUTARCO ELIAS CALLES (LA Y GRIEGA),SALUD,CABORCA,30.805435,-112.713184,"(TZ-90) Cecytes ""Y""",Seguridad,30.805425,-112.713033,0.014,True,CONEXION DIRECTA VIABLE,-10.17
3272,CENTRO DE SALUD RURAL COL. ALLENDE,SALUD,CAJEME,27.190661,-109.910392,Centro de Salud Rural de Colonia Allende,Telefonía Rural,27.190529,-109.910359,0.015,True,CONEXION DIRECTA VIABLE,-10.17
4524,H.AYUNTAMIENTO - ARIVECHI,GOBIERNO,ARIVECHI,28.928514,-109.187172,H. Ayuntamientode Arivechi,Telefonía Rural,28.92847,-109.18732,0.015,True,CONEXION DIRECTA VIABLE,-10.18
4587,H.AYUNTAMIENTO - VILLA PESQUEIRA,GOBIERNO,VILLA PESQUEIRA,29.118298,-109.968957,H. Ayuntamiento de Villa Pesqueira,Telefonía Rural,29.11836,-109.96912,0.017,True,CONEXION DIRECTA VIABLE,-10.17
2845,YOLANDA SILVA GALLEGO,ESCUELAS,SANTA ANA,30.451389,-111.203056,EL-CLARO,CFE,30.45145,-111.20288,0.018,True,CONEXION DIRECTA VIABLE,-10.17
2850,13 DE JULIO,ESCUELAS,SANTA ANA,30.451389,-111.203056,EL-CLARO,CFE,30.45145,-111.20288,0.018,True,CONEXION DIRECTA VIABLE,-10.17
4580,H.AYUNTAMIENTO - SOYOPA,GOBIERNO,SOYOPA,28.764588,-109.634353,Palacio Municipal de Soyopa,Telefonía Rural,28.76444,-109.63444,0.019,True,CONEXION DIRECTA VIABLE,-10.17
3753,INSTITUTO DE MOVILIDAD Y TRANSPORTE PARA EL ESTADO DE SONORA,GOBIERNO,CAJEME,27.497021,-109.932378,(TZ-45) Torre Fiscal,Seguridad,27.497094,-109.932206,0.019,True,CONEXION DIRECTA VIABLE,-10.17
3286,CENTRO DE SALUD RURAL ANTONIO ROSALES,SALUD,CAJEME,28.077539,-110.612806,C. de Salud Rural Antonio Rosales,Telefonía Rural,28.077694,-110.612917,0.02,True,CONEXION DIRECTA VIABLE,-10.16
2085,TELESECUNDARIA 10,ESCUELAS,HUATABAMPO,26.534444,-109.176667,Centro de Salud Rural de Melchor Ocampo,Telefonía Rural,26.53461,-109.17651,0.024,True,CONEXION DIRECTA VIABLE,-10.18
1969,MI BARQUITO DEL SABER,ESCUELAS,HUATABAMPO,26.534444,-109.176667,Centro de Salud Rural de Melchor Ocampo,Telefonía Rural,26.53461,-109.17651,0.024,True,CONEXION DIRECTA VIABLE,-10.18
3793,OFICINA DEL SECRETARIO,GOBIERNO,HERMOSILLO,29.068417,-110.956983,EDIFICIO SONORA,Contraloría,29.068424,-110.957252,0.026,True,CONEXION DIRECTA VIABLE,-10.17
2428,TELESECUNDARIA 246,ESCUELAS,NAVOJOA,27.318611,-109.756944,Prim Miguel Hidalgo de Etchohuaquila,Telefonía Rural,27.318841,-109.756846,0.027,True,CONEXION DIRECTA VIABLE,-10.16
3339,CENTRO DE SALUD RURAL MASIACA,SALUD,NAVOJOA,26.763396,-109.235119,Centro de Salud Rural de Masiaca,Telefonía Rural,26.763306,-109.234861,0.027,True,CONEXION DIRECTA VIABLE,-10.18
832,BENITO JUAREZ,ESCUELAS,CAJEME,28.151944,-109.909722,CUMURIPA-LA-CALERA,CFE,28.152,-109.91,0.028,True,CONEXION DIRECTA VIABLE,-10.18
3823,OFICINAS QUINTO PISO EDIFICIO MEXICO,GOBIERNO,HERMOSILLO,29.067483,-110.958177,Oficina de Telefonia Rural de Sonora (Edificio México),Telefonía Rural,29.06757,-110.95845,0.028,True,CONEXION DIRECTA VIABLE,-8.61
1787,CENTRO DE DESARROLLO INFANTIL DIF HERMOSILLO,ESCUELAS,HERMOSILLO,28.842071,-111.488882,LA-DOCE,CFE,28.84228,-111.48905,0.028,True,CONEXION DIRECTA VIABLE,-10.18
4585,H.AYUNTAMIENTO - URES,GOBIERNO,URES,29.428142,-110.39018,H. Ayuntamiento de Ures,Telefonía Rural,29.42809,-110.38989,0.029,True,CONEXION DIRECTA VIABLE,-10.18
2646,5 DE MAYO,ESCUELAS,ROSARIO,28.044444,-109.279722,CUBA,CFE,28.04432,-109.27945,0.03,True,CONEXION DIRECTA VIABLE,-10.18
4558,H.AYUNTAMIENTO - NACO,GOBIERNO,NACO,31.331342,-109.948109,(TZ-45)Torre seguridad publica Naco,Seguridad,31.331072,-109.9482,0.031,True,CONEXION DIRECTA VIABLE,-10.17
4555,H.AYUNTAMIENTO - MAGDALENA,GOBIERNO,MAGDALENA,30.630217,-110.969323,(TZ-45) Torre C4,Seguridad,30.63,-110.969097,0.032,True,CONEXION DIRECTA VIABLE,-10.17
3750,INSTITUTO DE MOVILIDAD Y TRANSPORTE PARA EL ESTADO DE SONORA,GOBIERNO,HERMOSILLO,29.068632,-110.957506,EDIFICIO SONORA,Contraloría,29.068424,-110.957252,0.034,True,CONEXION DIRECTA VIABLE,-9.61
3751,INSTITUTO DE MOVILIDAD Y TRANSPORTE PARA EL ESTADO DE SONORA,GOBIERNO,HERMOSILLO,29.068632,-110.957506,EDIFICIO SONORA,Contraloría,29.068424,-110.957252,0.034,True,CONEXION DIRECTA VIABLE,-9.61
3789,CENTRO DE GOBIERNO,GOBIERNO,HERMOSILLO,29.068431,-110.956897,EDIFICIO SONORA,Contraloría,29.068424,-110.957252,0.034,True,CONEXION DIRECTA VIABLE,-10.18
4588,H.AYUNTAMIENTO - YECORA,GOBIERNO,YECORA,28.372365,-108.925889,H. Ayuntamiento de Yécora,Telefonía Rural,28.37264,-108.925702,0.036,True,CONEXION DIRECTA VIABLE,-10.18
4573,H.AYUNTAMIENTO - SAN JAVIER,GOBIERNO,SAN JAVIER,28.595082,-109.739339,H. Ayuntamiento de San Javier,H. Ayto de San Javier,28.59521,-109.73969,0.037,True,CONEXION DIRECTA VIABLE,-10.17
3284,CENTRO DE SALUD RURAL JECORI,SALUD,CUMPAS,29.939461,-109.739742,JECORI,CFE,29.939763,-109.739574,0.037,True,CONEXION DIRECTA VIABLE,-10.19
3551,Choyudo,ESCUELAS,HERMOSILLO,28.317358,-111.453193,EL-CHOYUDO-LOS-JAPONESES,CFE,28.317394,-111.452778,0.041,True,CONEXION DIRECTA VIABLE,-9.55
3353,CENTRO DE SALUD RURAL QUEROBABI,SALUD,OPODEPE,30.05109,-111.030407,QUEROBABI,Telemax,30.050978,-111.03,0.041,True,CONEXION DIRECTA VIABLE,-10.17
4551,H.AYUNTAMIENTO - HUASABAS,GOBIERNO,HUASABAS,29.90422,-109.30154,HUASABAS,CFE,29.90431,-109.30196,0.042,True,CONEXION DIRECTA VIABLE,-10.18
3366,CENTRO DE SALUD RURAL SAN JAVIER,SALUD,SAN JAVIER,28.59515,-109.740145,H. Ayuntamiento de San Javier,H. Ayto de San Javier,28.59521,-109.73969,0.045,True,CONEXION DIRECTA VIABLE,-10.18
3304,CENTRO DE SALUD RURAL LA MISA,SALUD,GUAYMAS,28.375225,-110.531677,LA-MISA,CFE,28.37488,-110.53142,0.046,True,CONEXION DIRECTA VIABLE,-10.15
3822,DIRECCIÓN GENERAL DE ADMINISTRACIÓN,GOBIERNO,HERMOSILLO,29.068404,-110.956742,EDIFICIO SONORA,Contraloría,29.068424,-110.957252,0.05,True,CONEXION DIRECTA VIABLE,-10.18
3805,COMISION DE PROTECCION CONTRA RIESGOS SANITARIOS (COEPRISSON),GOBIERNO,HERMOSILLO,29.068394,-110.956737,EDIFICIO SONORA,Contraloría,29.068424,-110.957252,0.05,True,CONEXION DIRECTA VIABLE,-10.18
2549,"EMSaD, Naco",ESCUELAS,NACO,31.324873,-109.948004,JOSE-MARIA-MORELOS,CFE,31.32499,-109.94746,0.053,True,CONEXION DIRECTA VIABLE,-10.17
3271,CENTRO DE SALUD RURAL ORIBE DE ALBA,SALUD,CABORCA,30.936764,-113.011246,ADOLFO-ORIBE-DE-ALVA,CFE,30.93714,-113.01164,0.056,True,CONEXION DIRECTA VIABLE,-10.18
4549,H.AYUNTAMIENTO - HERMOSILLO,GOBIERNO,HERMOSILLO,29.075392,-110.958292,PALACIOGOB,Hacienda,29.074897,-110.958084,0.059,True,CONEXION DIRECTA VIABLE,-10.15
2874,JUAN ESCUTIA,ESCUELAS,SARIC,31.471944,-111.544167,SASABE,CFE,31.47169,-111.54471,0.059,True,CONEXION DIRECTA VIABLE,-10.15
2872,SASABE,ESCUELAS,SARIC,31.471944,-111.544167,SASABE,CFE,31.47169,-111.54471,0.059,True,CONEXION DIRECTA VIABLE,-10.15
4574,H.AYUNTAMIENTO - SAN LUIS RIO COLORADO,GOBIERNO,SAN LUIS RIO COLORADO,32.479671,-114.779548,(TZ-45) Torre Agencia Fiscal SLRC,Seguridad,32.479336,-114.779044,0.06,True,CONEXION DIRECTA VIABLE,-10.17
2248,PREESCOLAR INDIGENA,ESCUELAS,NAVOJOA,26.708333,-109.263889,Prim Indigena Sor Juana Inés de la Cruz de Huebampo,Telefonía Rural,26.708611,-109.264444,0.063,True,CONEXION DIRECTA VIABLE,-10.14
3303,CENTRO DE SALUD RURAL FRANCISCO MARQUEZ,SALUD,GUAYMAS,28.157937,-110.590804,Centro de Salud de Francisco Marquez,Telefonía Rural,28.157694,-110.591389,0.063,True,CONEXION DIRECTA VIABLE,-10.17
3553,Fundición,ESCUELAS,NAVOJOA,27.330169,-109.7379,Centro de Salud Rural de Fundicion,Telefonía Rural,27.33064,-109.73827,0.064,True,CONEXION DIRECTA VIABLE,-10.17
3281,CENTRO DE SALUD RURAL TECORIPA,SALUD,LA COLORADA,28.624132,-109.954019,Biblioteca pública de Tecoripa,Telefonía Rural,28.62378,-109.9546,0.069,True,CONEXION DIRECTA VIABLE,-10.17
4557,H.AYUNTAMIENTO - MOCTEZUMA,GOBIERNO,MOCTEZUMA,29.802076,-109.680857,H. Ayuntamientode Moctezuma,H. Ayto de Moctezuma,29.80268,-109.68059,0.072,True,CONEXION DIRECTA VIABLE,-10.18
2087,TELESECUNDARIA 99,ESCUELAS,HUATABAMPO,26.427222,-109.031667,Centro de Salud Rural de Venustiano Carranza,Telefonía Rural,26.427719,-109.031198,0.072,True,CONEXION DIRECTA VIABLE,-10.18
2890,TELESECUNDARIA 205,ESCUELAS,SOYOPA,28.630556,-109.611111,Comisaria de San Antonio de la Huerta,Telefonía Rural,28.62997,-109.61075,0.074,True,CONEXION DIRECTA VIABLE,-10.18
2410,PROFA. CONSTANZA CARDENAS S,ESCUELAS,NAVOJOA,26.763611,-109.235556,Centro de Salud Rural de Masiaca,Telefonía Rural,26.763306,-109.234861,0.077,True,CONEXION DIRECTA VIABLE,-10.18
2272,CARLOS PELLICER,ESCUELAS,NAVOJOA,26.763611,-109.235556,Centro de Salud Rural de Masiaca,Telefonía Rural,26.763306,-109.234861,0.077,True,CONEXION DIRECTA VIABLE,-10.18
4537,H.AYUNTAMIENTO - CAJEME,GOBIERNO,CAJEME,27.496428,-109.932485,(TZ-45) Torre Fiscal,Seguridad,27.497094,-109.932206,0.079,True,CONEXION DIRECTA VIABLE,-10.18
3418,CENTRO COMUNITARIO DE SALUD MENTAL Y ADICCIONES SAN LUIS RIO COLORADO,SALUD,SAN LUIS RIO COLORADO,32.456841,-114.747096,C5 SAN LUIS RÍO COLORADO,Seguridad,32.456613,-114.746291,0.08,True,CONEXION DIRECTA VIABLE,-10.16
2823,LIBERTADOR DE LAS AMERICAS,ESCUELAS,SAN MIGUEL DE HORCASITAS,29.487937,-110.725345,SAN-MIGUEL-HORCASITAS-SONORA,CFE,29.487305,-110.725787,0.082,True,CONEXION DIRECTA VIABLE,-10.18
3828,UNEME SLRC,GOBIERNO,SAN LUIS RIO COLORADO,32.45684,-114.747156,C5 SAN LUIS RÍO COLORADO,Seguridad,32.456613,-114.746291,0.085,True,CONEXION DIRECTA VIABLE,-10.16
3379,CENTRO DE SALUD RURAL TONICHI,SALUD,SOYOPA,28.601185,-109.566149,TONICHI,CFE,28.601828,-109.565667,0.086,True,CONEXION DIRECTA VIABLE,-10.18
3377,CENTRO DE SALUD RURAL SOYOPA,SALUD,SOYOPA,28.762409,-109.637294,SOYOPA,CFE,28.761941,-109.636582,0.087,True,CONEXION DIRECTA VIABLE,-10.11
3358,CENTRO DE SALUD RURAL QUIRIEGO,SALUD,QUIRIEGO,27.51991,-109.250845,QUIRIEGO (CM),CFE,27.52065,-109.251129,0.087,True,CONEXION DIRECTA VIABLE,-10.15
1026,CUCURPE,ESCUELAS,CUCURPE,30.329637,-110.70476,CUCURPE,Telemax,30.330397,-110.704533,0.087,True,CONEXION DIRECTA VIABLE,-10.21
3409,CENTRO DE SALUD URBANO SAN LUIS RIO COLORADO,SALUD,SAN LUIS RIO COLORADO,32.457055,-114.747062,C5 SAN LUIS RÍO COLORADO,Seguridad,32.456613,-114.746291,0.087,True,CONEXION DIRECTA VIABLE,-10.17
2842,PATRIA,ESCUELAS,SANTA ANA,30.542965,-111.113328,(TZ-45) Torre Unison,Seguridad,30.542247,-111.113753,0.09,True,CONEXION DIRECTA VIABLE,-10.18
4559,H.AYUNTAMIENTO - NACORI CHICO,GOBIERNO,NACORI CHICO,29.685865,-108.978843,Palacio Municipal de Nacori Chico,Telefonía Rural,29.68636,-108.97802,0.097,True,CONEXION DIRECTA VIABLE,-10.17
524,LA GOTITA,ESCUELAS,BENITO JUAREZ,27.079204,-109.912528,Prim Cuauhtemoc de Aceitunas,Telefonía Rural,27.079185,-109.913514,0.098,True,CONEXION DIRECTA VIABLE,-10.17
643,JOSEFA ORTIZ DE DOMINGUEZ,ESCUELAS,CABORCA,30.591667,-112.411667,JOSEFA-ORTIZ-DE-DOMINGUEZ,CFE,30.590797,-112.41184,0.098,True,CONEXION DIRECTA VIABLE,-10.18
3808,CONTROL SANITARIO OBREGON,GOBIERNO,CAJEME,27.484445,-109.95429,(TZ-45) Torre Hospital General,Seguridad,27.483647,-109.953847,0.099,True,CONEXION DIRECTA VIABLE,-10.18
2829,LIC. BENITO JUAREZ GARCIA,ESCUELAS,SAN MIGUEL DE HORCASITAS,29.488211,-110.725881,SAN-MIGUEL-HORCASITAS-SONORA,CFE,29.487305,-110.725787,0.101,True,CONEXION DIRECTA VIABLE,-10.15
3257,CENTRO DE SALUD RURAL BACADEHUACHI,SALUD,BACADEHUACHI,29.809166,-109.14366,BACADÉHUACHI,Telemax,29.808589,-109.142825,0.103,True,CONEXION DIRECTA VIABLE,-10.13
2133,MIGUEL ANGEL,ESCUELAS,LA COLORADA,28.624167,-109.953611,Biblioteca pública de Tecoripa,Telefonía Rural,28.62378,-109.9546,0.106,True,CONEXION DIRECTA VIABLE,-10.16
776,CUAUHTEMOC,ESCUELAS,CUCURPE,30.330498,-110.706336,CUCURPÉ,CFE,30.331072,-110.70545,0.106,True,CONEXION DIRECTA VIABLE,-10.28
2419,TELESECUNDARIA 97,ESCUELAS,NAVOJOA,26.911111,-109.437222,Prim Benito Juárez de Sinahuiza,Telefonía Rural,26.910164,-109.437475,0.108,True,CONEXION DIRECTA VIABLE,-10.18
2237,LA TUNITA,ESCUELAS,NAVOJOA,26.911111,-109.437222,Prim Benito Juárez de Sinahuiza,Telefonía Rural,26.910164,-109.437475,0.108,True,CONEXION DIRECTA VIABLE,-10.18
3258,CENTRO DE SALUD RURAL BACANORA,SALUD,BACANORA,28.978552,-109.399228,BACANORA,Telemax,28.977583,-109.399342,0.108,True,CONEXION DIRECTA VIABLE,-10.22
4568,H.AYUNTAMIENTO - QUIRIEGO,GOBIERNO,QUIRIEGO,27.520467,-109.250049,QUIRIEGO (CM),CFE,27.52065,-109.251129,0.108,True,CONEXION DIRECTA VIABLE,-9.82
3365,CENTRO DE SALUD RURAL SAN FELIPE DE JESUS,SALUD,SAN FELIPE DE JESUS,29.861787,-110.238489,MIRADOR-SAN-FELIPE-DE-JESUS,CFE,29.86259,-110.239133,0.109,True,CONEXION DIRECTA VIABLE,-10.2
2619,CUITLAHUAC,ESCUELAS,QUIRIEGO,27.396111,-109.182222,TEPAHUI,CFE,27.396111,-109.181111,0.11,True,CONEXION DIRECTA VIABLE,-10.14
1338,GENERAL ANTONIO ARMENTA,ESCUELAS,QUIRIEGO,27.396111,-109.182222,TEPAHUI,CFE,27.396111,-109.181111,0.11,True,CONEXION DIRECTA VIABLE,-10.14
3552,Punta Chueca,ESCUELAS,HERMOSILLO,29.015625,-112.161146,PUNTA-CHUECA,CFE,29.01624,-112.16025,0.111,True,CONEXION DIRECTA VIABLE,-10.18
2673,MARIA LOURDES RUIZ LOPEZ,ESCUELAS,SAN FELIPE DE JESUS,29.861829,-110.238282,MIRADOR-SAN-FELIPE-DE-JESUS,CFE,29.86259,-110.239133,0.118,True,CONEXION DIRECTA VIABLE,-10.2
4535,H.AYUNTAMIENTO - BENJAMIN HILL,GOBIERNO,BENJAMIN HILL,30.166896,-111.117932,BENJAMÍN HILL,Radio Sonora,30.167956,-111.117789,0.119,True,CONEXION DIRECTA VIABLE,-10.17
4536,H.AYUNTAMIENTO - CABORCA,GOBIERNO,CABORCA,30.712425,-112.149803,HEROICA-CABORCA,CFE,30.713508,-112.149922,0.121,True,CONEXION DIRECTA VIABLE,-10.2
927,JOSEFINA ROMO DE HUERTA,ESCUELAS,NACO,31.330009,-109.947906,(TZ-45)Torre seguridad publica Naco,Seguridad,31.331072,-109.9482,0.121,True,CONEXION DIRECTA VIABLE,-10.16
1042,JOSE GUILLERMO CARBO,ESCUELAS,DIVISADEROS,29.614503,-109.468964,DIVISADEROS,Telemax,29.614828,-109.470172,0.122,True,CONEXION DIRECTA VIABLE,-10.14
947,MARIA DEL CARMEN BOJORQUEZ VALENZUELA,ESCUELAS,NACO,31.331019,-109.946911,(TZ-45)Torre seguridad publica Naco,Seguridad,31.331072,-109.9482,0.123,True,CONEXION DIRECTA VIABLE,-10.18
3556,El Chino,ESCUELAS,ALAMOS,26.570416,-108.975263,Centro de Salud Rural 189 de El Chino,Telefonía Rural,26.57152,-108.97534,0.123,True,CONEXION DIRECTA VIABLE,-10.14
231,GILBERTO R LIMON,ESCUELAS,BACADEHUACHI,29.809342,-109.143766,BACADÉHUACHI,Telemax,29.808589,-109.142825,0.124,True,CONEXION DIRECTA VIABLE,-10.12
3557,Cuauhtémoc,ESCUELAS,NACO,31.164585,-109.9719,LOS-AJOS,CFE,31.16462,-109.9732,0.124,True,CONEXION DIRECTA VIABLE,-9.74
3367,CENTRO DE SALUD RURAL GOLFO SANTA CLARA,SALUD,SAN LUIS RIO COLORADO,31.686388,-114.500254,GOLFO-DE-SANTA-CLARA,CFE,31.687508,-114.500414,0.125,True,CONEXION DIRECTA VIABLE,-10.18
4530,H.AYUNTAMIENTO - BACOACHI,GOBIERNO,BACOACHI,30.633214,-109.969455,BACOACHI,Telemax,30.632433,-109.968483,0.127,True,CONEXION DIRECTA VIABLE,-9.58
3369,CENTRO DE SALUD RURAL SAN MIGUEL DE HORCASITAS,SALUD,SAN MIGUEL DE HORCASITAS,29.487796,-110.72701,SAN-MIGUEL-HORCASITAS-SONORA,CFE,29.487305,-110.725787,0.13,True,CONEXION DIRECTA VIABLE,-10.19
2667,MARIA MENESES O,ESCUELAS,SAHUARIPA,29.056612,-109.232083,H. Ayuntamiento de Sahuaripa 1,H. Ayto. de Sahuaripa,29.05642,-109.23342,0.132,True,CONEXION DIRECTA VIABLE,-10.18
1284,15 DE MAYO,ESCUELAS,GRANADOS,29.862416,-109.31173,H. Ayuntamiento de Granados,Telefonía Rural,29.86225,-109.31035,0.134,True,CONEXION DIRECTA VIABLE,-10.16
4521,H.AYUNTAMIENTO - AGUA PRIETA,GOBIERNO,AGUA PRIETA,31.328022,-109.546376,OPATA,CFE,31.327,-109.54715,0.135,True,CONEXION DIRECTA VIABLE,-11.14
3470,MÓDULO SNTE SECCIÓN 54,SALUD,HERMOSILLO,29.075745,-110.955829,BMXDGR,Hacienda,29.076318,-110.957066,0.136,True,CONEXION DIRECTA VIABLE,-10.19
4561,H.AYUNTAMIENTO - NAVOJOA,GOBIERNO,NAVOJOA,27.082155,-109.445868,(TZ-30) Torre Agencia Fiscal Navojoa,Seguridad,27.082419,-109.447214,0.136,True,CONEXION DIRECTA VIABLE,-10.18
1022,PROFA. DELIA ARNOLD CAMPILLO,ESCUELAS,CARBO,29.681657,-110.957578,UBR CARBÓ,CFE,29.68045,-110.957931,0.138,True,CONEXION DIRECTA VIABLE,-10.16
3255,CENTRO DE SALUD RURAL SINOQUIPE,SALUD,ARIZPE,30.157107,-110.244457,SINOQUIPE,Telemax,30.157514,-110.245836,0.14,True,CONEXION DIRECTA VIABLE,-10.17
3390,CENTRO DE SALUD RURAL NACORI GRANDE,SALUD,VILLA PESQUEIRA,29.060826,-110.059049,Centro de Salud de Nacori Grande,Telefonía Rural,29.060281,-110.057739,0.141,True,CONEXION DIRECTA VIABLE,-10.18
216,AMADO NERVO,ESCUELAS,ARIZPE,30.156667,-110.244722,SINOQUIPE,Telemax,30.157514,-110.245836,0.143,True,CONEXION DIRECTA VIABLE,-9.81
3279,CENTRO DE SALUD RURAL CARBO,SALUD,CARBO,29.681145,-110.956647,UBR CARBÓ,CFE,29.68045,-110.957931,0.146,True,CONEXION DIRECTA VIABLE,-10.16
1340,CAPITAN GABRIEL ZAPAJIZA,ESCUELAS,GUAYMAS,27.691389,-110.478333,HUIRIBIS,CFE,27.690069,-110.478103,0.149,True,CONEXION DIRECTA VIABLE,-10.17
1947,LA PITAHAYITA,ESCUELAS,HUATABAMPO,26.638056,-109.237222,Casa de Salud de Sirebampo,Telefonía Rural,26.639061,-109.236233,0.149,True,CONEXION DIRECTA VIABLE,-10.17
2622,MANUEL TOLSA,ESCUELAS,QUIRIEGO,27.521914,-109.251951,H. Ayuntamiento de Quiriego,Telefonía Rural,27.52069,-109.251259,0.152,True,CONEXION DIRECTA VIABLE,-10.15
3781,CONTROL SANITARIO MOCTEZUMA,GOBIERNO,MOCTEZUMA,29.801327,-109.680259,H. Ayuntamientode Moctezuma,H. Ayto de Moctezuma,29.80268,-109.68059,0.154,True,CONEXION DIRECTA VIABLE,-10.18
563,MARIA DEL CARMEN MONTEVERDE DE D'GYVES,ESCUELAS,BENJAMIN HILL,30.16801,-111.119404,BENJAMÍN HILL,Radio Sonora,30.167956,-111.117789,0.155,True,CONEXION DIRECTA VIABLE,-10.16
2257,DESPERTAR,ESCUELAS,NAVOJOA,26.8475,-109.366944,Prim Francisco I. Madero de Francisco I Madero,Telefonía Rural,26.848784,-109.366316,0.156,True,CONEXION DIRECTA VIABLE,-10.13
2427,TELESECUNDARIA 245,ESCUELAS,NAVOJOA,27.258611,-109.760278,Prim Adolfo López Mateos de Ej Joaquin Amaro,Telefonía Rural,27.258411,-109.761846,0.157,True,CONEXION DIRECTA VIABLE,-10.13
3799,CASA DE SALUD TORIM,GOBIERNO,GUAYMAS,27.579284,-110.22876,TORIM,CFE,27.57877,-110.22728,0.157,True,CONEXION DIRECTA VIABLE,-10.17
3788,CONTROL SANITARIO SANTA ANA,GOBIERNO,SANTA ANA,30.543547,-111.119855,(TZ-45) Sin Nombre Especificado,Radio Sonora,30.544323,-111.121223,0.157,True,CONEXION DIRECTA VIABLE,-10.16
651,PROF. JAIME TORRES BODET,ESCUELAS,CABORCA,30.736111,-112.956389,URES,CFE,30.735918,-112.958025,0.158,True,CONEXION DIRECTA VIABLE,-10.16
76,ILI CARIT,ESCUELAS,ALAMOS,26.57,-108.975556,Centro de Salud Rural 189 de El Chino,Telefonía Rural,26.57152,-108.97534,0.17,True,CONEXION DIRECTA VIABLE,-8.29
3559,Desemboque,ESCUELAS,PITIQUITO,29.505053,-112.397247,DESEMBOQUE-DE-LOS-SERIS,CFE,29.50634,-112.39627,0.172,True,CONEXION DIRECTA VIABLE,-9.84
3355,CENTRO DE SALUD RURAL DESEMBOQUE DE LOS SERIS,SALUD,PITIQUITO,29.505308,-112.397594,DESEMBOQUE-DE-LOS-SERIS,CFE,29.50634,-112.39627,0.172,True,CONEXION DIRECTA VIABLE,-10.17
3403,CENTRO DE SALUD RURAL EL CHOYUDO,SALUD,HERMOSILLO,28.318527,-111.454004,EL-CHOYUDO-LOS-JAPONESES,CFE,28.317394,-111.452778,0.174,True,CONEXION DIRECTA VIABLE,-9.94
3389,CENTRO DE SALUD RURAL VILLA PESQUEIRA,SALUD,VILLA PESQUEIRA,29.117619,-109.967475,VILLA PESQUEIRA,Telemax,29.118272,-109.969133,0.177,True,CONEXION DIRECTA VIABLE,-10.13
3269,CENTRO DE SALUD RURAL SAN MIGUELITO,SALUD,BAVISPE,30.5163,-108.968002,Telesecundaria No. 255 de San Miguelito,Telefonía Rural,30.516485,-108.969837,0.177,True,CONEXION DIRECTA VIABLE,-10.21
1829,BENEMERITO DE LAS AMERICAS,ESCUELAS,HUATABAMPO,26.603333,-109.175556,Prim Benito Juárez de Benito Juarez,Telefonía Rural,26.60396,-109.1739,0.179,True,CONEXION DIRECTA VIABLE,-10.14
2105,TELESECUNDARIA 304,ESCUELAS,HUATABAMPO,26.603333,-109.175556,Prim Benito Juárez de Benito Juarez,Telefonía Rural,26.60396,-109.1739,0.179,True,CONEXION DIRECTA VIABLE,-10.14
3815,JUNTA DE ASISTENCIA PRIVADA,GOBIERNO,HERMOSILLO,29.077393,-110.958453,BMXDGR,Hacienda,29.076318,-110.957066,0.18,True,CONEXION DIRECTA VIABLE,-10.2
2416,TELESECUNDARIA 25,ESCUELAS,NAVOJOA,27.360833,-109.723056,Prim Escuadron 201 de Guadalupe de Juarez,Telefonía Rural,27.3616,-109.721446,0.18,True,CONEXION DIRECTA VIABLE,-9.61
4575,H.AYUNTAMIENTO - SAN MIGUEL DE HORCASITAS,GOBIERNO,SAN MIGUEL DE HORCASITAS,29.488406,-110.727171,SAN-MIGUEL-HORCASITAS-SONORA,CFE,29.487305,-110.725787,0.181,True,CONEXION DIRECTA VIABLE,-10.21
1285,LAS MARIPOSAS,ESCUELAS,GUAYMAS,27.578611,-110.229167,TORIM,CFE,27.57877,-110.22728,0.187,True,CONEXION DIRECTA VIABLE,-9.16
1382,BENITO JUAREZ,ESCUELAS,GUAYMAS,27.578611,-110.229167,TORIM,CFE,27.57877,-110.22728,0.187,True,CONEXION DIRECTA VIABLE,-9.16
4560,H.AYUNTAMIENTO - NACOZARI DE GARCIA,GOBIERNO,NACOZARI DE GARCIA,30.37364,-109.686364,NACOZARI-DE-GARCIA,CFE,30.37529,-109.68584,0.19,True,CONEXION DIRECTA VIABLE,-10.26
1283,LUIS C BARCELO,ESCUELAS,GRANADOS,29.862262,-109.312731,GRANADOS,CFE,29.862711,-109.314637,0.19,True,CONEXION DIRECTA VIABLE,-10.21
3378,CENTRO DE SALUD RURAL SAN ANTONIO DE LA HUERTA,SALUD,SOYOPA,28.461686,-109.529678,H. Ayuntamiento  de Onavas,Telefonía Rural,28.460069,-109.528962,0.193,True,CONEXION DIRECTA VIABLE,-10.26
3400,CENTRO DE SALUD RURAL EL CLARO,SALUD,SANTA ANA,30.453046,-111.203685,EL-CLARO,CFE,30.45145,-111.20288,0.193,True,CONEXION DIRECTA VIABLE,-10.18
3351,CENTRO DE SALUD RURAL ONAVAS,SALUD,ONAVAS,28.461695,-109.529684,H. Ayuntamiento  de Onavas,Telefonía Rural,28.460069,-109.528962,0.194,True,CONEXION DIRECTA VIABLE,-9.27
493,CENTRO DE ATENCION MULTIPLE NUM. 13,ESCUELAS,NACOZARI DE GARCIA,30.373577,-109.686245,NACOZARI-DE-GARCIA,CFE,30.37529,-109.68584,0.194,True,CONEXION DIRECTA VIABLE,-10.26
3033,"CECyTE, San Luis Río Colorado",ESCUELAS,SAN LUIS RIO COLORADO,32.436161,-114.713684,UTSLRC,SEC,32.435785,-114.715726,0.196,True,CONEXION DIRECTA VIABLE,-10.14
4541,H.AYUNTAMIENTO - CUCURPE,GOBIERNO,CUCURPE,30.329189,-110.706047,CUCURPE,Telemax,30.330397,-110.704533,0.198,True,CONEXION DIRECTA VIABLE,-10.31
3290,CENTRO DE SALUD RURAL BACOBAMPO,SALUD,ETCHOJOA,26.978868,-109.658282,(TZ-45) Torre Salubridad Etchojoa,Seguridad,26.978656,-109.656283,0.199,True,CONEXION DIRECTA VIABLE,-10.18
1043,IGNACIO ZARAGOZA,ESCUELAS,DIVISADEROS,29.614,-109.468286,DIVISADEROS,CFE,29.615191,-109.46673,0.2,True,CONEXION DIRECTA VIABLE,-10.26
3066,SUPERIOR ESTATAL DE SONORA-Rectoria,ESCUELAS,HERMOSILLO,29.071537,-110.955204,(TZ-45) Torre CEDAE,Seguridad,29.070672,-110.953394,0.2,True,CONEXION DIRECTA VIABLE,-10.17
3065,SUPERIOR ESTATAL DE SONORA-Rectoria,ESCUELAS,HERMOSILLO,29.071537,-110.955204,(TZ-45) Torre CEDAE,Seguridad,29.070672,-110.953394,0.2,True,CONEXION DIRECTA VIABLE,-10.17
3375,CENTRO DE SALUD RURAL SARIC,SALUD,SARIC,31.103107,-111.380568,SÁRIC,Telemax,31.103939,-111.382436,0.2,True,CONEXION DIRECTA VIABLE,-10.21
2431,TELESECUNDARIA 305,ESCUELAS,NAVOJOA,26.838889,-109.363056,Prim Vicente Guerrero de Lic Luis Echeverria,Telefonía Rural,26.83747,-109.364304,0.201,True,CONEXION DIRECTA VIABLE,-10.22
4553,H.AYUNTAMIENTO - HUEPAC,GOBIERNO,HUEPAC,29.911182,-110.213619,HUEPAC (SITIO ALTAN),CFE,29.91147,-110.21156,0.201,True,CONEXION DIRECTA VIABLE,-10.14
2720,24 DE FEBRERO,ESCUELAS,SAN LUIS RIO COLORADO,32.468148,-114.818851,LOS-PORTALES,CFE,32.46642,-114.8182,0.202,True,CONEXION DIRECTA VIABLE,-10.18
2938,18 DE JULIO,ESCUELAS,VILLA PESQUEIRA,28.976944,-110.040278,ADIVINO,Telemax,28.977411,-110.038236,0.205,True,CONEXION DIRECTA VIABLE,-10.16
3560,Sasabe,ESCUELAS,SARIC,31.473473,-111.544087,SASABE,CFE,31.47169,-111.54471,0.207,True,CONEXION DIRECTA VIABLE,-10.09
23,JARDIN DE NIÑOS NUEVA CREACION,ESCUELAS,AGUA PRIETA,31.325833,-109.548889,OPATA,CFE,31.327,-109.54715,0.21,True,CONEXION DIRECTA VIABLE,-10.18
3285,CENTRO DE SALUD RURAL DIVISADEROS,SALUD,DIVISADEROS,29.613612,-109.467935,DIVISADEROS,CFE,29.615191,-109.46673,0.211,True,CONEXION DIRECTA VIABLE,-10.25
64,LA PRESITA,ESCUELAS,ALAMOS,27.215,-109.096667,EL MOCÚZARI (CONICÁRIT),CFE,27.215093,-109.094535,0.211,True,CONEXION DIRECTA VIABLE,-2.08
3044,Plantel Extensión Cananea,ESCUELAS,CANANEA,30.989483,-110.268231,RADIO TEC,SEC,30.98961,-110.26602,0.211,True,CONEXION DIRECTA VIABLE,-10.13
1980,MALINTZIN,ESCUELAS,HUATABAMPO,26.425833,-109.030833,Centro de Salud Rural de Venustiano Carranza,Telefonía Rural,26.427719,-109.031198,0.213,True,CONEXION DIRECTA VIABLE,-10.18
2572,AMADO NERVO,ESCUELAS,OQUITOA,30.741229,-111.732594,OQUITOA,CFE,30.7409,-111.7348,0.214,True,CONEXION DIRECTA VIABLE,-9.42
3780,CONTROL SANITARIO MAGDALENA DE KINO,GOBIERNO,MAGDALENA,30.631901,-110.968702,(TZ-45) Torre C4,Seguridad,30.63,-110.969097,0.215,True,CONEXION DIRECTA VIABLE,-10.18
3278,CENTRO DE SALUD RURAL PUEBLO YAQUI,SALUD,CAJEME,27.356105,-110.036218,(TZ-30) Torre Pueblo Yaqui,Seguridad,27.354236,-110.035575,0.217,True,CONEXION DIRECTA VIABLE,-10.17
3362,CENTRO DE SALUD RURAL ROSARIO TESOPACO,SALUD,ROSARIO,27.841618,-109.368814,ROSARIO,CFE,27.840585,-109.370693,0.218,True,CONEXION DIRECTA VIABLE,-10.2
15,DANTE ALIGHIERI,ESCUELAS,AGUA PRIETA,31.316713,-109.553036,PLANTEL PLUTARCO ELÍAS CALLES,SEC,31.315724,-109.555035,0.219,True,CONEXION DIRECTA VIABLE,-11.13
75,LA PRIMAVERA,ESCUELAS,ALAMOS,26.527222,-109.073889,Prim Benito Juárez de 21 de Marzo,Telefonía Rural,26.525942,-109.075572,0.22,True,CONEXION DIRECTA VIABLE,-10.15
3363,CENTRO DE SALUD RURAL NURI,SALUD,ROSARIO,28.116056,-109.328123,NURI,CFE,28.11424,-109.3272,0.221,True,CONEXION DIRECTA VIABLE,-9.57
3787,DISTRITO DE SALUD 3 SANTA ANA,GOBIERNO,SANTA ANA,30.54496,-111.119019,(TZ-45) Sin Nombre Especificado,Radio Sonora,30.544323,-111.121223,0.223,True,CONEXION DIRECTA VIABLE,-10.15
2640,EL ROSARITO,ESCUELAS,ROSARIO,28.115561,-109.328921,NURI,CFE,28.11424,-109.3272,0.224,True,CONEXION DIRECTA VIABLE,-9.63
3312,CENTRO DE SALUD RURAL HUACHINERA,SALUD,HUACHINERA,30.208943,-108.958921,HUACHINERA,Telemax,30.207014,-108.959606,0.224,True,CONEXION DIRECTA VIABLE,-10.27
1921,JACOBO GRIMM,ESCUELAS,HUACHINERA,30.208448,-108.957963,HUACHINERA,Telemax,30.207014,-108.959606,0.224,True,CONEXION DIRECTA VIABLE,-10.3
3376,CENTRO DE SALUD RURAL SASABE,SALUD,SARIC,31.472096,-111.547203,SÁSABE,Telemax,31.470086,-111.547419,0.224,True,CONEXION DIRECTA VIABLE,-10.2
32,GENERAL LEANDRO VALLE,ESCUELAS,AGUA PRIETA,31.314024,-109.556313,PLANTEL PLUTARCO ELÍAS CALLES,SEC,31.315724,-109.555035,0.225,True,CONEXION DIRECTA VIABLE,-10.17
3314,CENTRO DE SALUD RURAL HUASABAS,SALUD,HUASABAS,29.905171,-109.299841,HUASABAS,CFE,29.90431,-109.30196,0.226,True,CONEXION DIRECTA VIABLE,-10.18
3331,CENTRO DE SALUD RURAL HUEPAC,SALUD,HUEPAC,29.91197,-110.213843,HUEPAC (SITIO ALTAN),CFE,29.91147,-110.21156,0.227,True,CONEXION DIRECTA VIABLE,-11.13
3241,CENTRO DE SALUD RURAL MOCUZARIT,SALUD,ALAMOS,27.214441,-109.096712,EL MOCÚZARI (CONICÁRIT),CFE,27.215093,-109.094535,0.227,True,CONEXION DIRECTA VIABLE,-4.71
2642,JARDIN DE NIÑOS NUEVA CREACION,ESCUELAS,ROSARIO,27.761389,-109.29,CEDROS,CFE,27.76029,-109.29198,0.23,True,CONEXION DIRECTA VIABLE,-10.13
3282,CENTRO DE SALUD RURAL CUCURPE,SALUD,CUCURPE,30.328927,-110.706224,CUCURPE,Telemax,30.330397,-110.704533,0.23,True,CONEXION DIRECTA VIABLE,-10.32
2168,ENRIQUETA DE PARODI,ESCUELAS,MAGDALENA,30.623127,-110.971139,PLANTEL EUSEBIO FRANCISCO KINO,SEC,30.624109,-110.973259,0.23,True,CONEXION DIRECTA VIABLE,-10.13
4572,H.AYUNTAMIENTO - SAN FELIPE DE JESÚS,GOBIERNO,SAN FELIPE DE JESUS,29.85848,-110.240983,SAN FELIPE DE JESÚS,Telemax,29.858456,-110.243403,0.233,True,CONEXION DIRECTA VIABLE,-10.57
3534,Ónavas,ESCUELAS,ONAVAS,28.46208,-109.529688,H. Ayuntamiento  de Onavas,Telefonía Rural,28.460069,-109.528962,0.235,True,CONEXION DIRECTA VIABLE,-10.29
2897,PASCUAL ORTIZ RUBIO,ESCUELAS,TRINCHERAS,30.398564,-111.531456,TRINCHERAS,CFE,30.39929,-111.5291,0.24,True,CONEXION DIRECTA VIABLE,-10.17
861,23 DE OCTUBRE,ESCUELAS,CAJEME,27.369681,-109.886924,(TZ-30) Torre Marte R. Gomez,Seguridad,27.367919,-109.888328,0.24,True,CONEXION DIRECTA VIABLE,-9.18
1923,BENITO JUAREZ,ESCUELAS,HUACHINERA,30.209103,-108.958949,HUACHINERA,Telemax,30.207014,-108.959606,0.241,True,CONEXION DIRECTA VIABLE,-10.26
4529,H.AYUNTAMIENTO - BACERAC,GOBIERNO,BACERAC,30.355149,-108.929697,BACERAC,Radio Sonora,30.356653,-108.927858,0.243,True,CONEXION DIRECTA VIABLE,-8.13
3813,UNIDAD DE ASUNTOS JURIDICOS,GOBIERNO,HERMOSILLO,29.06962,-110.96034,CGOB,Hacienda,29.067638,-110.959266,0.244,True,CONEXION DIRECTA VIABLE,-11.24
4522,H.AYUNTAMIENTO - ÁLAMOS,GOBIERNO,ALAMOS,27.021674,-108.935342,ÁLAMOS,Radio Sonora,27.021836,-108.937803,0.244,True,CONEXION DIRECTA VIABLE,-7.08
1962,ESPEJITO,ESCUELAS,HUATABAMPO,26.554444,-109.1125,Prim Guadalupe Victoria de Guadalupe Victoria,Telefonía Rural,26.553225,-109.114548,0.245,True,CONEXION DIRECTA VIABLE,-10.13
826,SOCRATES,ESCUELAS,EMPALME,28.079444,-110.611389,C. de Salud Rural Antonio Rosales,Telefonía Rural,28.077694,-110.612917,0.246,True,CONEXION DIRECTA VIABLE,-10.15
1074,JACINTO LOPEZ MORENO,ESCUELAS,EMPALME,28.079444,-110.611389,C. de Salud Rural Antonio Rosales,Telefonía Rural,28.077694,-110.612917,0.246,True,CONEXION DIRECTA VIABLE,-10.15
4591,H.AYUNTAMIENTO - SAN IGNACIO RIO MUERTO,GOBIERNO,SAN IGNACIO RIO MUERTO,27.411248,-110.241488,Campo Deportivo Mpal de San Ignacio Rio Muerto,Telefonía Rural,27.409988,-110.239434,0.246,True,CONEXION DIRECTA VIABLE,-9.88
2733,CLUB ROTARIO,ESCUELAS,SAN LUIS RIO COLORADO,32.452054,-114.753847,PLANTEL SAN LUIS RÍO COLORADO,SEC,32.451722,-114.751234,0.248,True,CONEXION DIRECTA VIABLE,-10.18
4525,H.AYUNTAMIENTO - ARIZPE,GOBIERNO,ARIZPE,30.336213,-110.166976,ARIZPE,Radio Sonora,30.338364,-110.167683,0.249,True,CONEXION DIRECTA VIABLE,-10.3
1927,SOR JUANA INES DE LA CRUZ,ESCUELAS,HUASABAS,29.905792,-109.300027,HUASABAS,CFE,29.90431,-109.30196,0.249,True,CONEXION DIRECTA VIABLE,-10.19
3268,CENTRO DE SALUD RURAL BAVISPE,SALUD,BAVISPE,30.4794,-108.941,BAVISPE,CFE,30.47913,-108.94358,0.249,True,CONEXION DIRECTA VIABLE,-10.19
3830,CENTRO DE HIGIENE MENTAL DR. CARLOS NAVA MUÑOZ,GOBIERNO,HERMOSILLO,29.071488,-110.955815,(TZ-45) Torre CEDAE,Seguridad,29.070672,-110.953394,0.252,True,CONEXION DIRECTA VIABLE,-10.18
3250,CENTRO DE SALUD RURAL ARIVECHI,SALUD,ARIVECHI,28.930707,-109.186874,H. Ayuntamientode Arivechi,Telefonía Rural,28.92847,-109.18732,0.252,True,CONEXION DIRECTA VIABLE,-10.24
2231,EL MEZQUITE,ESCUELAS,NAVOJOA,26.910556,-109.391111,Prim Niños Heroes de El Saneal,Telefonía Rural,26.9128,-109.390694,0.253,True,CONEXION DIRECTA VIABLE,-9.74
2420,TELESECUNDARIA 98,ESCUELAS,NAVOJOA,26.910556,-109.391111,Prim Niños Heroes de El Saneal,Telefonía Rural,26.9128,-109.390694,0.253,True,CONEXION DIRECTA VIABLE,-9.74
4583,H.AYUNTAMIENTO - TRINCHERAS,GOBIERNO,TRINCHERAS,30.39873,-111.531662,TRINCHERAS,CFE,30.39929,-111.5291,0.253,True,CONEXION DIRECTA VIABLE,-10.17
3422,CENTRO INTEGRAL DE SALUD MENTAL NAVOJOA (CISAME),SALUD,NAVOJOA,27.067904,-109.449554,PLANTEL NAVOJOA,SEC,27.065633,-109.449799,0.254,True,CONEXION DIRECTA VIABLE,-10.18
33,JUAN FRANCISCO STRAPPAROLA,ESCUELAS,BACOACHI,30.633765,-109.970639,BACOACHI,Telemax,30.632433,-109.968483,0.254,True,CONEXION DIRECTA VIABLE,-10.21
3752,INSTITUTO DE MOVILIDAD Y TRANSPORTE PARA EL ESTADO DE SONORA,GOBIERNO,NAVOJOA,27.080739,-109.44545,(TZ-30) Torre Agencia Fiscal Navojoa,Seguridad,27.082419,-109.447214,0.256,True,CONEXION DIRECTA VIABLE,-10.18
3307,CENTRO DE SALUD RURAL PUNTA CHUECA,SALUD,HERMOSILLO,29.013972,-112.160715,PUNTA-CHUECA,CFE,29.01624,-112.16025,0.256,True,CONEXION DIRECTA VIABLE,-10.18
3415,CENTRO COMUNITARIO DE SALUD MENTAL Y ADICCIONES NAVOJOA,SALUD,NAVOJOA,27.067911,-109.45027,PLANTEL NAVOJOA,SEC,27.065633,-109.449799,0.257,True,CONEXION DIRECTA VIABLE,-10.2
2937,RISAS ANGELICALES,ESCUELAS,VILLA PESQUEIRA,29.116012,-109.9698,VILLA PESQUEIRA,Telemax,29.118272,-109.969133,0.26,True,CONEXION DIRECTA VIABLE,-10.19
2698,"CECyTE, Benjamín Hill",ESCUELAS,BENJAMIN HILL,30.172671,-111.102015,BENJAMIN-HILL-II,CFE,30.17355,-111.09948,0.263,True,CONEXION DIRECTA VIABLE,-10.2
3259,CENTRO DE SALUD RURAL BACERAC,SALUD,BACERAC,30.355398,-108.930187,BACERAC,Radio Sonora,30.356653,-108.927858,0.263,True,CONEXION DIRECTA VIABLE,-10.11
2206,SILVESTRE RODRIGUEZ,ESCUELAS,NACOZARI DE GARCIA,30.3731,-109.684767,NACOZARI-DE-GARCIA,CFE,30.37529,-109.68584,0.264,True,CONEXION DIRECTA VIABLE,-10.24
2986,SUPERIOR ESTATAL DE SONORA-Unidad Academica Hermosillo,ESCUELAS,HERMOSILLO,29.10821,-110.996,CUM,Hacienda,29.10936,-110.993616,0.265,True,CONEXION DIRECTA VIABLE,-11.21
2926,CENTRO DE ATENCION MULTIPLE ESTATAL,ESCUELAS,URES,29.427654,-110.392582,H. Ayuntamiento de Ures,Telefonía Rural,29.42809,-110.38989,0.265,True,CONEXION DIRECTA VIABLE,-10.18
2709,TELESECUNDARIA 317,ESCUELAS,SAN IGNACIO RIO MUERTO,27.445925,-110.321948,Prim José Ma. Morelos y Pavón de Tetabiate,Telefonía Rural,27.446833,-110.324444,0.266,True,CONEXION DIRECTA VIABLE,-10.18
2676,JOSE MARIA TETABIATE,ESCUELAS,SAN IGNACIO RIO MUERTO,27.445925,-110.321948,Prim José Ma. Morelos y Pavón de Tetabiate,Telefonía Rural,27.446833,-110.324444,0.266,True,CONEXION DIRECTA VIABLE,-10.18
4566,H.AYUNTAMIENTO - PITIQUITO,GOBIERNO,PITIQUITO,30.675988,-112.052917,PITIQUITO,CFE,30.67713,-112.05045,0.268,True,CONEXION DIRECTA VIABLE,-9.22
3305,CENTRO DE SALUD RURAL POTAM,SALUD,GUAYMAS,27.623565,-110.416107,POTAM,CFE,27.625629,-110.417627,0.274,True,CONEXION DIRECTA VIABLE,-10.17
3335,CENTRO DE SALUD RURAL NACORI CHICO,SALUD,NACORI CHICO,29.688076,-108.981939,NÁCORI CHICO,Radio Sonora,29.687128,-108.984583,0.276,True,CONEXION DIRECTA VIABLE,-10.32
58,CAM DR JESUS MARTINEZ OCHOA,ESCUELAS,NOGALES,31.318611,-110.945833,NOGALES,CFE,31.316111,-110.945833,0.278,True,CONEXION DIRECTA VIABLE,-10.14
2523,FRANCISCO RAMON EGURROLA FIGUEROA,ESCUELAS,NOGALES,31.318611,-110.945833,NOGALES,CFE,31.316111,-110.945833,0.278,True,CONEXION DIRECTA VIABLE,-10.14
801,CENTRO DE ATENCION MULTIPLE NUM. 61,ESCUELAS,NOGALES,31.318611,-110.945833,NOGALES,CFE,31.316111,-110.945833,0.278,True,CONEXION DIRECTA VIABLE,-10.14
2110,CLUB DE LEONES IMURIS,ESCUELAS,IMURIS,30.786354,-110.850378,TV-AZTECA-IMURUS,CFE,30.788719,-110.85133,0.278,True,CONEXION DIRECTA VIABLE,-9.18
1916,TELESECUNDARIA 303,ESCUELAS,HERMOSILLO,28.982222,-111.703056,SAN-ARTURO,CFE,28.97997,-111.70435,0.28,True,CONEXION DIRECTA VIABLE,-10.17
756,NUEVA CREACION NIÑOS MIGRANTES,ESCUELAS,HERMOSILLO,28.982222,-111.703056,SAN-ARTURO,CFE,28.97997,-111.70435,0.28,True,CONEXION DIRECTA VIABLE,-10.17
3791,CENTRO JURISDICCIONAL DE VACUNAS NAVOJOA,GOBIERNO,NAVOJOA,27.068169,-109.449599,PLANTEL NAVOJOA,SEC,27.065633,-109.449799,0.283,True,CONEXION DIRECTA VIABLE,-10.19
2941,TELESECUNDARIA 241,ESCUELAS,VILLA PESQUEIRA,29.116912,-109.971599,VILLA PESQUEIRA,Telemax,29.118272,-109.969133,0.283,True,CONEXION DIRECTA VIABLE,-10.22
2875,ADELA OCHOA VELAZCO,ESCUELAS,SARIC,31.103597,-111.379487,SÁRIC,Telemax,31.103939,-111.382436,0.283,True,CONEXION DIRECTA VIABLE,-10.21
3260,CENTRO DE SALUD RURAL BACOACHI,SALUD,BACOACHI,30.631268,-109.971166,BACOACHI,Telemax,30.632433,-109.968483,0.288,True,CONEXION DIRECTA VIABLE,-10.21
3785,DISTRITO DE SALUD 6 SLRC,GOBIERNO,SAN LUIS RIO COLORADO,32.471629,-114.786368,SAN LUIS RÍO COLORADO,Telemax,32.473614,-114.784344,0.291,True,CONEXION DIRECTA VIABLE,-10.17
3252,CENTRO DE SALUD RURAL ARIZPE,SALUD,ARIZPE,30.33987,-110.165145,ARIZPE,Radio Sonora,30.338364,-110.167683,0.296,True,CONEXION DIRECTA VIABLE,-10.32
3784,CONTROL SANITARIO PUERTO  PEÑASCO,GOBIERNO,PUERTO PENASCO,31.306477,-113.537393,SAN FELIPE DE JESÚS,Radio Sonora,31.305833,-113.540438,0.298,True,CONEXION DIRECTA VIABLE,-9.71
220,GENERAL PEDRO GARCIA CONDE,ESCUELAS,ARIZPE,30.335678,-110.167592,ARIZPE,Radio Sonora,30.338364,-110.167683,0.299,True,CONEXION DIRECTA VIABLE,-9.67
2108,MERCEDES FELIX,ESCUELAS,HUEPAC,29.911309,-110.214659,HUEPAC (SITIO ALTAN),CFE,29.91147,-110.21156,0.299,True,CONEXION DIRECTA VIABLE,-9.61
2138,PIPILA,ESCUELAS,LA COLORADA,28.763611,-110.769722,Esc Prim El Pípila de Est. Torres,Telefonía Rural,28.766305,-110.769459,0.301,True,CONEXION DIRECTA VIABLE,-10.18
2547,ENRIQUE QUIJADA,ESCUELAS,NOGALES,31.331173,-110.940696,Cerro El Embarcadero,Seguridad,31.328578,-110.939791,0.301,True,CONEXION DIRECTA VIABLE,-10.6
3246,CENTRO DE SALUD RURAL TAPIZUELAS,SALUD,ALAMOS,26.666146,-108.863553,TAPIZUELAS,CFE,26.66351,-108.864288,0.302,True,CONEXION DIRECTA VIABLE,-10.3
2841,21 DE MARZO,ESCUELAS,SANTA ANA,30.542558,-111.124663,SANTA-ANA,CFE,30.54169,-111.12766,0.303,True,CONEXION DIRECTA VIABLE,-10.14
3383,CENTRO DE SALUD RURAL PUEBLO NUEVO ( NVO OCUCA),SALUD,TRINCHERAS,30.396806,-111.527785,TRINCHERAS,CFE,30.39929,-111.5291,0.304,True,CONEXION DIRECTA VIABLE,-10.08
3360,CENTRO DE SALUD RURAL TEPAHUI,SALUD,QUIRIEGO,27.395202,-109.184018,TEPAHUI,CFE,27.396111,-109.181111,0.304,True,CONEXION DIRECTA VIABLE,-7.4
3276,CENTRO DE SALUD RURAL QUECHEHUECA,SALUD,CAJEME,27.263006,-109.943666,PLANTEL QUETCHEHUECA,SEC,27.26486,-109.945988,0.309,True,CONEXION DIRECTA VIABLE,-10.01
2747,LEONOR MEDINA Y RIVERA DEL CASTILLO,ESCUELAS,SAN LUIS RIO COLORADO,32.443041,-114.807684,AEROPUERTO,CFE,32.44079,-114.80972,0.315,True,CONEXION DIRECTA VIABLE,-10.18
4534,H.AYUNTAMIENTO - BAVISPE,GOBIERNO,BAVISPE,30.48046,-108.940646,BAVISPE,CFE,30.47913,-108.94358,0.318,True,CONEXION DIRECTA VIABLE,-9.62
1929,CENTRO DE DESARROLLO INFANTIL DEL GOBIERNO DEL ESTADO NUM. 2,ESCUELAS,HERMOSILLO,29.071339,-110.956773,EDIFICIO SONORA,Contraloría,29.068424,-110.957252,0.328,True,CONEXION DIRECTA VIABLE,-10.23
3352,CENTRO DE SALUD RURAL OPODEPE,SALUD,OPODEPE,29.925802,-110.629241,OPODEPE,CFE,29.925443,-110.625861,0.328,True,CONEXION DIRECTA VIABLE,-10.18
638,AMADO NERVO,ESCUELAS,CABORCA,30.706944,-112.433333,LA-ALMITA,CFE,30.705106,-112.430622,0.33,True,CONEXION DIRECTA VIABLE,-10.18
609,ECOS DEL DESIERTO,ESCUELAS,CABORCA,30.706944,-112.433333,LA-ALMITA,CFE,30.705106,-112.430622,0.33,True,CONEXION DIRECTA VIABLE,-10.18
3798,CENTRO REGULADOR DE EMERGENCIAS MEDICAS CRUM TECORIPA,GOBIERNO,LA COLORADA,28.622765,-109.951358,Biblioteca pública de Tecoripa,Telefonía Rural,28.62378,-109.9546,0.336,True,CONEXION DIRECTA VIABLE,-10.17
1266,SONOYDAG,ESCUELAS,GENERAL PLUTARCO ELIAS CALLES,31.860885,-112.868709,SONOITA,CFE,31.86392,-112.86829,0.34,True,CONEXION DIRECTA VIABLE,-10.14
3382,CENTRO DE SALUD RURAL TRINCHERAS,SALUD,TRINCHERAS,30.398076,-111.53236,TRINCHERAS,CFE,30.39929,-111.5291,0.341,True,CONEXION DIRECTA VIABLE,-8.14
3334,CENTRO DE SALUD RURAL MAZATAN,SALUD,MAZATAN,29.007926,-110.137981,MAZATAN,CFE,29.00672,-110.13476,0.341,True,CONEXION DIRECTA VIABLE,-9.53
4579,H.AYUNTAMIENTO - SARIC,GOBIERNO,SARIC,31.102791,-111.379065,SÁRIC,Telemax,31.103939,-111.382436,0.345,True,CONEXION DIRECTA VIABLE,-9.23
2763,GUADALUPE VICTORIA,ESCUELAS,SAN LUIS RIO COLORADO,32.276001,-114.895702,EL-FRONTERIZO,CFE,32.275715,-114.892026,0.347,True,CONEXION DIRECTA VIABLE,-10.17
2180,MAZATAN,ESCUELAS,MAZATAN,29.007651,-110.13819,MAZATAN,CFE,29.00672,-110.13476,0.349,True,CONEXION DIRECTA VIABLE,-10.18
3380,CENTRO DE SALUD RURAL SUAQUI GRANDE,SALUD,SUAQUI GRANDE,28.395858,-109.888523,SUAQUI GRANDE,Telemax,28.394783,-109.891928,0.354,True,CONEXION DIRECTA VIABLE,-10.96
3531,Mocuzarit,ESCUELAS,ALAMOS,27.215793,-109.098067,EL MOCÚZARI (CONICÁRIT),CFE,27.215093,-109.094535,0.358,True,CONEXION DIRECTA VIABLE,-10.2
2238,LA CHOYITA,ESCUELAS,NAVOJOA,26.774775,-109.227345,Prim Indigena Emiliano Zapata /Enciclopedia de Choacalle,Telefonía Rural,26.771561,-109.227606,0.358,True,CONEXION DIRECTA VIABLE,-9.55
1051,EDUARDO CLAPAREDE,ESCUELAS,EMPALME,27.968447,-110.81585,MARIANO-ABASOLO,CFE,27.965214,-110.815558,0.361,True,CONEXION DIRECTA VIABLE,-10.15
2644,JOSE ENRIQUE RODO,ESCUELAS,ROSARIO,27.843628,-109.372184,H. Ayuntamiento de Rosario,Telefonía Rural,27.840604,-109.370759,0.364,True,CONEXION DIRECTA VIABLE,-10.12
2527,CENTRO DE ATENCION MULTIPLE ESTATAL,ESCUELAS,CARBO,29.68205,-110.962251,CARBÓ,Radio Sonora,29.685214,-110.961142,0.368,True,CONEXION DIRECTA VIABLE,-9.55
229,AMADO NERVO,ESCUELAS,BACADEHUACHI,29.811727,-109.139025,H. Ayuntamiento de Bacadehuachi,Telefonía Rural,29.80873,-109.14072,0.371,True,CONEXION DIRECTA VIABLE,-10.25
3302,CENTRO DE SALUD RURAL GRANADOS,SALUD,GRANADOS,29.864113,-109.30715,H. Ayuntamiento de Granados,Telefonía Rural,29.86225,-109.31035,0.372,True,CONEXION DIRECTA VIABLE,-9.66
4581,H.AYUNTAMIENTO - SUAQUI GRANDE,GOBIERNO,SUAQUI GRANDE,28.39554,-109.888193,SUAQUI GRANDE,Telemax,28.394783,-109.891928,0.375,True,CONEXION DIRECTA VIABLE,-10.34
230,CENTRO DE ATENCION MULTIPLE NUM. 12,ESCUELAS,SANTA ANA,30.540395,-111.131277,SANTA-ANA,CFE,30.54169,-111.12766,0.375,True,CONEXION DIRECTA VIABLE,-10.2
2726,ENRIQUE C. REBSAMEN,ESCUELAS,SAN LUIS RIO COLORADO,32.447036,-114.771673,FEDERAL,CFE,32.445916,-114.767875,0.378,True,CONEXION DIRECTA VIABLE,-9.88
1052,MANUEL JOSE OTHON,ESCUELAS,EMPALME,27.957447,-110.811943,(TZ-45) Torre Palacio Municipal Empalme,Seguridad,27.957786,-110.815792,0.38,True,CONEXION DIRECTA VIABLE,-10.19
3546,Nácori Chico,ESCUELAS,NACORI CHICO,29.683856,-108.980771,Palacio Municipal de Nacori Chico,Telefonía Rural,29.68636,-108.97802,0.385,True,CONEXION DIRECTA VIABLE,-10.17
594,TATI,ESCUELAS,CABORCA,30.802358,-112.715716,PLUTARCO-ELIAS-CALLES,CFE,30.804167,-112.71222,0.39,True,CONEXION DIRECTA VIABLE,-10.26
3742,INSTITUTO SONORENSE DE CULTURA,GOBIERNO,ALAMOS,27.02273,-108.933986,ÁLAMOS,Radio Sonora,27.021836,-108.937803,0.391,False,REQUIERE REPETIDOR O REVISION TECNICA,5.76
196,CRI-CRI,ESCUELAS,ALTAR,30.707354,-111.82816,(TZ-45) Comandancia de Policia,Seguridad,30.703842,-111.827728,0.393,True,CONEXION DIRECTA VIABLE,-10.18
3801,UNDEX NOGALES,GOBIERNO,NOGALES,31.316277,-110.949971,NOGALES,CFE,31.316111,-110.945833,0.394,True,CONEXION DIRECTA VIABLE,-10.13
492,IGNACIO ZARAGOZA,ESCUELAS,BACERAC,30.357562,-108.933576,BACERAC,CFE,30.360799,-108.93182,0.397,True,CONEXION DIRECTA VIABLE,-9.75
1945,EL PASCOLITA,ESCUELAS,HUATABAMPO,26.778056,-109.372778,Centro de Salud Rural de Yavaritos,Telefonía Rural,26.77914,-109.36883,0.41,True,CONEXION DIRECTA VIABLE,-7.92
2096,TELESECUNDARIA 158,ESCUELAS,HUATABAMPO,26.778056,-109.372778,Centro de Salud Rural de Yavaritos,Telefonía Rural,26.77914,-109.36883,0.41,True,CONEXION DIRECTA VIABLE,-7.92
203,JOSE MARIA MORELOS Y PAVON,ESCUELAS,ALTAR,30.707562,-111.8281,(TZ-45) Comandancia de Policia,Seguridad,30.703842,-111.827728,0.415,True,CONEXION DIRECTA VIABLE,-10.18
3528,Trincheras,ESCUELAS,TRINCHERAS,30.39887,-111.53343,TRINCHERAS,CFE,30.39929,-111.5291,0.418,True,CONEXION DIRECTA VIABLE,-10.15
4528,H.AYUNTAMIENTO - BACANORA,GOBIERNO,BACANORA,28.98415,-109.400379,BACANORA,CFE,28.98144,-109.40336,0.418,True,CONEXION DIRECTA VIABLE,-10.34
3385,CENTRO DE SALUD RURAL PUEBLO DE ALAMOS,SALUD,URES,29.2061,-110.141,PUEBLO-DE-ALAMOS,CFE,29.209897,-110.141306,0.423,True,CONEXION DIRECTA VIABLE,-9.43
3245,CENTRO DE SALUD RURAL LOS TANQUES,SALUD,ALAMOS,27.210498,-108.894358,LOS-TANQUES,CFE,27.21055,-108.89006,0.425,True,CONEXION DIRECTA VIABLE,-10.26
2194,ESPERANZA MARTINEZ,ESCUELAS,NACORI CHICO,29.689577,-108.980414,Palacio Municipal de Nacori Chico,Telefonía Rural,29.68636,-108.97802,0.426,True,CONEXION DIRECTA VIABLE,-11.09
2854,CARLOS ENCINAS CORRALES,ESCUELAS,SANTA ANA,30.538983,-111.116082,(TZ-45) Torre Unison,Seguridad,30.542247,-111.113753,0.426,True,CONEXION DIRECTA VIABLE,-10.18
3529,Santa Cruz,ESCUELAS,SANTA CRUZ,31.233611,-110.595278,SANTA CRUZ,Telemax,31.237444,-110.595678,0.428,True,CONEXION DIRECTA VIABLE,-10.22
4586,H.AYUNTAMIENTO - VILLA HIDALGO,GOBIERNO,VILLA HIDALGO,30.163024,-109.320101,VILLA HIDALGO,Telemax,30.166433,-109.322178,0.428,True,CONEXION DIRECTA VIABLE,-9.61
2531,MARIA ELENA MONTIJO GOMEZ,ESCUELAS,ARIZPE,30.33875,-110.163178,ARIZPE,Radio Sonora,30.338364,-110.167683,0.434,True,CONEXION DIRECTA VIABLE,-10.45
3319,CENTRO DE SALUD RURAL FRANCISCO SARABIA,SALUD,HUATABAMPO,26.5123,-109.105,Cecytes de Ejido 24 Febrero,Telefonía Rural,26.508286,-109.104936,0.446,True,CONEXION DIRECTA VIABLE,-10.13
4569,H.AYUNTAMIENTO - RAYÓN,GOBIERNO,RAYON,29.713028,-110.569277,RAYON (CM),CFE,29.714677,-110.5735,0.447,True,CONEXION DIRECTA VIABLE,-10.14
3554,Las Bocas,ESCUELAS,HUATABAMPO,26.59399,-109.331128,Centro de Salud Rural de Las Bocas,Telefonía Rural,26.59506,-109.33547,0.448,True,CONEXION DIRECTA VIABLE,-9.64
2538,"EMSaD, Cumpas",ESCUELAS,CUMPAS,29.995368,-109.780514,CUMPAS,CFE,29.996425,-109.77598,0.452,True,CONEXION DIRECTA VIABLE,-10.22
3424,CENTRO ESTATAL DE ONCOLOGIA DR. ERNESTO RIVERA CLAISSE,SALUD,HERMOSILLO,29.06464,-110.962484,CGOB,Hacienda,29.067638,-110.959266,0.457,True,CONEXION DIRECTA VIABLE,-10.24
2894,JUAN DE DIOS PEZA,ESCUELAS,TEPACHE,29.532731,-109.52709,TEPACHE,CFE,29.529121,-109.5294,0.459,True,CONEXION DIRECTA VIABLE,-10.14
4550,H.AYUNTAMIENTO - HUACHINERAS,GOBIERNO,HUACHINERA,30.211122,-108.958934,HUACHINERA,Telemax,30.207014,-108.959606,0.461,True,CONEXION DIRECTA VIABLE,-10.24
3346,CENTRO DE SALUD RURAL BACABACHI,SALUD,NAVOJOA,26.891864,-109.39353,Prim 16 de Septiembre de Chirajobampo,Telefonía Rural,26.891989,-109.398275,0.471,True,CONEXION DIRECTA VIABLE,-10.14
607,ARIA'AKI,ESCUELAS,CABORCA,30.935833,-113.006944,ADOLFO-ORIBE-DE-ALVA,CFE,30.93714,-113.01164,0.471,True,CONEXION DIRECTA VIABLE,-10.13
1922,GREGORIO TORRES QUINTERO,ESCUELAS,HUACHINERA,30.068611,-109.087222,ARIBABI,CFE,30.07004,-109.091843,0.472,True,CONEXION DIRECTA VIABLE,-8.72
3288,CENTRO DE SALUD RURAL ETCHOJOA,SALUD,ETCHOJOA,26.910458,-109.630531,(TZ-45) Torre Palacio Municipal  Etchojoa,Seguridad,26.911617,-109.625892,0.478,True,CONEXION DIRECTA VIABLE,-10.21
846,ALEGRIA INFANTIL,ESCUELAS,EMPALME,28.071389,-110.747222,Prim Leona Vicario de Maytorena,Telefonía Rural,28.075694,-110.747167,0.479,True,CONEXION DIRECTA VIABLE,-10.23
1037,PROF. LUIS G MONZON,ESCUELAS,CUMPAS,29.936667,-109.736111,JECORI,CFE,29.939763,-109.739574,0.479,True,CONEXION DIRECTA VIABLE,-9.22
1036,MANUELITA BARCELO MONTAÑO,ESCUELAS,CUMPAS,29.936667,-109.736111,JECORI,CFE,29.939763,-109.739574,0.479,True,CONEXION DIRECTA VIABLE,-9.22
2484,GLORIA SERAFINA GUEVARA ROSALES,ESCUELAS,NOGALES,31.300243,-110.909161,(TZ-60) Torre Isssteson,Seguridad,31.298342,-110.9137,0.48,True,CONEXION DIRECTA VIABLE,-4.04
541,MARGARITA MAZA DE JUAREZ,ESCUELAS,BAVIACORA,29.710051,-110.163962,BAVIACORA (SITIO ALTAN),CFE,29.71419,-110.16544,0.482,True,CONEXION DIRECTA VIABLE,-9.67
67,EL PAJARITO,ESCUELAS,ALAMOS,27.210556,-108.895,LOS-TANQUES,CFE,27.21055,-108.89006,0.489,True,CONEXION DIRECTA VIABLE,-10.11
1277,HEROES DE CHAPULTEPEC,ESCUELAS,GENERAL PLUTARCO ELIAS CALLES,31.862429,-112.854265,(TZ-45) Torre Comandancia Sonoyta,Seguridad,31.864325,-112.849472,0.499,True,CONEXION DIRECTA VIABLE,-9.24
584,ARI,ESCUELAS,BENJAMIN HILL,30.163502,-111.118759,BENJAMÍN HILL,Radio Sonora,30.167956,-111.117789,0.504,True,CONEXION DIRECTA VIABLE,-10.18
1418,FEDERICO CHOPIN,ESCUELAS,SAN LUIS RIO COLORADO,32.456998,-114.751643,C5 SAN LUIS RÍO COLORADO,Seguridad,32.456613,-114.746291,0.504,True,CONEXION DIRECTA VIABLE,-10.18
30,GENERAL MARIANO ESCOBEDO,ESCUELAS,AGUA PRIETA,31.326137,-109.541933,OPATA,CFE,31.327,-109.54715,0.505,True,CONEXION DIRECTA VIABLE,-11.12
3308,CENTRO DE SALUD RURAL BAHIA DE KINO,SALUD,HERMOSILLO,29.147776,-110.984143,(TZ-45) Comandancia el Cortijo,Seguridad,29.143614,-110.986272,0.507,True,CONEXION DIRECTA VIABLE,-10.12
672,JARDIN DE NIÑOS NUEVA CREACION,ESCUELAS,CABORCA,30.714043,-112.155193,HEROICA-CABORCA,CFE,30.713508,-112.149922,0.507,True,CONEXION DIRECTA VIABLE,-9.39
2121,JESUS GARCIA,ESCUELAS,IMURIS,30.778056,-110.856389,(TZ-45) Torre Palacio,Seguridad,30.7773,-110.861639,0.509,True,CONEXION DIRECTA VIABLE,-10.23
1772,NUEVA CREACION PRIMARIA NIÑOS MIGRANTES,ESCUELAS,IMURIS,30.778056,-110.856389,(TZ-45) Torre Palacio,Seguridad,30.7773,-110.861639,0.509,True,CONEXION DIRECTA VIABLE,-10.23
1779,NUEVA CREACION PRIMARIA NIÑOS MIGRANTES,ESCUELAS,GUAYMAS,28.16133,-110.58824,Centro de Salud de Francisco Marquez,Telefonía Rural,28.157694,-110.591389,0.509,True,CONEXION DIRECTA VIABLE,-10.15
2928,ALVARO OBREGON,ESCUELAS,URES,29.206111,-110.138333,PUEBLO-DE-ALAMOS,CFE,29.209897,-110.141306,0.51,True,CONEXION DIRECTA VIABLE,-10.15
2925,CONSUELO ALICIA GANDARA MORALES,ESCUELAS,URES,29.206111,-110.138333,PUEBLO-DE-ALAMOS,CFE,29.209897,-110.141306,0.51,True,CONEXION DIRECTA VIABLE,-10.15
3313,CENTRO DE SALUD RURAL ARIBABI,SALUD,HUACHINERA,30.06927,-109.086607,ARIBABI,CFE,30.07004,-109.091843,0.511,True,CONEXION DIRECTA VIABLE,-10.32
2189,CUAUHTEMOC,ESCUELAS,NACO,31.163733,-109.967898,LOS-AJOS,CFE,31.16462,-109.9732,0.514,True,CONEXION DIRECTA VIABLE,-11.24
3775,CONTROL SANITARIO AGUA PRIETA,GOBIERNO,AGUA PRIETA,31.329472,-109.551731,OPATA,CFE,31.327,-109.54715,0.515,True,CONEXION DIRECTA VIABLE,-11.23
2509,J. ALBERTO GONZALEZ VILLEGAS,ESCUELAS,NOGALES,31.315612,-110.935233,MIRADOR-AL-VALLE,CFE,31.31326,-110.93056,0.515,True,CONEXION DIRECTA VIABLE,-7.29
3414,CENTRO COMUNITARIO DE SALUD MENTAL Y ADICCIONES GUAYMAS,SALUD,GUAYMAS,27.946507,-110.928969,(TZ-45) Torre C5 Guaymas,Seguridad,27.946206,-110.934208,0.516,True,CONEXION DIRECTA VIABLE,-10.08
2187,CENTRO DE ATENCION MULTIPLE ESTATAL NUM. 8,ESCUELAS,MOCTEZUMA,29.798422,-109.67812,H. Ayuntamientode Moctezuma,H. Ayto de Moctezuma,29.80268,-109.68059,0.53,True,CONEXION DIRECTA VIABLE,-9.87
2770,JESUS GARCIA,ESCUELAS,SAN LUIS RIO COLORADO,32.46334,-114.822513,LOS-PORTALES,CFE,32.46642,-114.8182,0.53,True,CONEXION DIRECTA VIABLE,-9.28
1591,MARIA DE LA LUZ RESENDEZ TORRES,ESCUELAS,HERMOSILLO,28.322222,-111.452778,EL-CHOYUDO-LOS-JAPONESES,CFE,28.317394,-111.452778,0.537,True,CONEXION DIRECTA VIABLE,-10.13
3821,CENTRO DE VACUNAS HERMOSILLO,GOBIERNO,HERMOSILLO,29.063645,-110.962374,CGOB,Hacienda,29.067638,-110.959266,0.537,True,CONEXION DIRECTA VIABLE,-10.23
3825,UNEME NOGALES,GOBIERNO,NOGALES,31.289693,-110.957814,CORREDIR,CFE,31.28495,-110.95889,0.537,True,CONEXION DIRECTA VIABLE,-9.76
1247,NIÑOS HEROES,ESCUELAS,OPODEPE,29.926254,-110.631363,OPODEPE,CFE,29.925443,-110.625861,0.538,True,CONEXION DIRECTA VIABLE,-9.45
3327,CENTRO DE SALUD RURAL VENUSTIANO CARRANZA,SALUD,HUATABAMPO,26.422946,-109.030271,Centro de Salud Rural de Venustiano Carranza,Telefonía Rural,26.427719,-109.031198,0.539,True,CONEXION DIRECTA VIABLE,-10.18
3786,CENTRO DE VACUNAS SANTA ANA,GOBIERNO,SANTA ANA,30.538317,-111.11042,(TZ-45) Torre Unison,Seguridad,30.542247,-111.113753,0.541,True,CONEXION DIRECTA VIABLE,-5.24
3419,CENTRO COMUNITARIO DE SALUD MENTAL Y ADICCIONES NOGALES,SALUD,NOGALES,31.289752,-110.957828,CORREDIR,CFE,31.28495,-110.95889,0.543,True,CONEXION DIRECTA VIABLE,-9.55
3820,ARCHIVO LOPEZ CASTILLO,GOBIERNO,HERMOSILLO,29.094469,-110.98,CESPEJO,Hacienda,29.091625,-110.975432,0.545,True,CONEXION DIRECTA VIABLE,-10.27
2217,U-MATACHIN,ESCUELAS,NAVOJOA,26.781667,-109.230833,Prim José Ma. Morelos y Pavón de Teachive,Telefonía Rural,26.785231,-109.234619,0.546,True,CONEXION DIRECTA VIABLE,-9.21
2565,QUEROBABI,ESCUELAS,OPODEPE,30.04895,-111.02482,QUEROBABI,Telemax,30.050978,-111.03,0.547,True,CONEXION DIRECTA VIABLE,-10.19
18,JUAN RULFO,ESCUELAS,AGUA PRIETA,31.304777,-109.56214,ESQUEDA,CFE,31.30943,-109.5601,0.552,True,CONEXION DIRECTA VIABLE,-10.18
3819,ALMACEN JURISDICCIÓN HERMOSILLO,GOBIERNO,HERMOSILLO,29.094873,-110.979827,CESPEJO,Hacienda,29.091625,-110.975432,0.559,True,CONEXION DIRECTA VIABLE,-9.76
4564,H.AYUNTAMIENTO - OPODEPE,GOBIERNO,OPODEPE,29.926618,-110.631521,OPODEPE,CFE,29.925443,-110.625861,0.561,True,CONEXION DIRECTA VIABLE,-10.14
3396,CENTRO DE SALUD RURAL SAN IGNACIO RIO MUERTO,SALUD,SAN IGNACIO RIO MUERTO,27.411052,-110.244995,Campo Deportivo Mpal de San Ignacio Rio Muerto,Telefonía Rural,27.409988,-110.239434,0.562,True,CONEXION DIRECTA VIABLE,-9.14
4539,H.AYUNTAMIENTO - CARBÓ,GOBIERNO,CARBO,29.684524,-110.954443,UBR CARBÓ,CFE,29.68045,-110.957931,0.565,True,CONEXION DIRECTA VIABLE,-10.17
2129,AUGUSTO FEDERICO FROEBEL,ESCUELAS,IMURIS,30.779669,-110.856404,(TZ-45) Torre Palacio,Seguridad,30.7773,-110.861639,0.565,True,CONEXION DIRECTA VIABLE,-9.3
2354,EMILIANO ZAPATA,ESCUELAS,NAVOJOA,26.895278,-109.393889,Prim 16 de Septiembre de Chirajobampo,Telefonía Rural,26.891989,-109.398275,0.568,True,CONEXION DIRECTA VIABLE,-9.71
2277,SALVADOR DIAZ MIRON,ESCUELAS,NAVOJOA,26.895278,-109.393889,Prim 16 de Septiembre de Chirajobampo,Telefonía Rural,26.891989,-109.398275,0.568,True,CONEXION DIRECTA VIABLE,-9.71
22,JARDIN DE NIÑOS NUEVA CREACION,ESCUELAS,AGUA PRIETA,31.324248,-109.5584,(TZ-45) Torre Subcentro C5 Agua Prieta,Seguridad,31.319139,-109.558056,0.569,True,CONEXION DIRECTA VIABLE,-10.2
342,CENTRO DE ATENCION MULTIPLE NUM. 19,ESCUELAS,IMURIS,30.788856,-110.843466,ÍMURIS,Radio Sonora,30.793453,-110.846086,0.569,True,CONEXION DIRECTA VIABLE,-10.21
16,CITLALLI,ESCUELAS,AGUA PRIETA,31.31397,-109.529064,(T5-35) Sin Nombre Especificado,Radio Sonora,31.311738,-109.534488,0.572,True,CONEXION DIRECTA VIABLE,-10.13
2843,REAL DE MINAS,ESCUELAS,SANTA ANA,30.539065,-111.118779,(TZ-45) Torre Unison,Seguridad,30.542247,-111.113753,0.597,True,CONEXION DIRECTA VIABLE,-10.3
1912,CENTRO DE DESARROLLO INFANTIL DEL GOBIERNO DEL ESTADO NUM. 1,ESCUELAS,HERMOSILLO,29.077232,-110.963827,COMUNICACIÓN SOCIAL,Ejecutivo,29.074473,-110.958499,0.602,True,CONEXION DIRECTA VIABLE,-7.82
2934,VICENTE SUAREZ,ESCUELAS,VILLA HIDALGO,30.160994,-109.321932,VILLA HIDALGO,Telemax,30.166433,-109.322178,0.605,True,CONEXION DIRECTA VIABLE,-11.28
2767,CUAUHTEMOC,ESCUELAS,SAN LUIS RIO COLORADO,32.480514,-114.785899,Torre Telecomm-S Luis Río Colorado,Seguridad,32.475552,-114.783231,0.606,True,CONEXION DIRECTA VIABLE,-10.31
3361,CENTRO DE SALUD RURAL RAYON,SALUD,RAYON,29.713065,-110.567425,RAYON (CM),CFE,29.714677,-110.5735,0.613,True,CONEXION DIRECTA VIABLE,-10.1
2891,IL-LIUSSI,ESCUELAS,SUAQUI GRANDE,28.391208,-109.887139,SUAQUI GRANDE,Telemax,28.394783,-109.891928,0.614,True,CONEXION DIRECTA VIABLE,-10.35
3373,CENTRO DE SALUD RURAL SANTA CRUZ,SALUD,SANTA CRUZ,31.231882,-110.596016,SANTA CRUZ,Telemax,31.237444,-110.595678,0.619,True,CONEXION DIRECTA VIABLE,-10.17
4556,H.AYUNTAMIENTO - MAZATAN,GOBIERNO,MAZATAN,29.003071,-110.139588,MAZATAN,CFE,29.00672,-110.13476,0.621,True,CONEXION DIRECTA VIABLE,-10.21
4562,H.AYUNTAMIENTO - NOGALES,GOBIERNO,NOGALES,31.325855,-110.945643,(TZ-45) Torre Embarcadero,Seguridad,31.328367,-110.939808,0.621,False,REQUIERE REPETIDOR O REVISION TECNICA,31.23
3032,"CECyTE, Nogales II",ESCUELAS,NOGALES,31.279279,-110.958276,LOS-KERESANOS,CFE,31.274739,-110.96225,0.63,True,CONEXION DIRECTA VIABLE,-9.71
896,AUGUSTO COMTE,ESCUELAS,EMPALME,27.961334,-110.785727,HEROE-DE-NACOZARI,CFE,27.959147,-110.79165,0.631,True,CONEXION DIRECTA VIABLE,-9.28
3792,CONTROL SANITARIO NAVOJOA,GOBIERNO,NAVOJOA,27.087972,-109.444992,AGENCIA FISCAL,SEC,27.082605,-109.447167,0.634,True,CONEXION DIRECTA VIABLE,-10.23
3371,CENTRO DE SALUD RURAL SAN PEDRO DE LA CUEVA,SALUD,SAN PEDRO DE LA CUEVA,29.287518,-109.737461,SAN PEDRO DE LA CUEVA,Telemax,29.288686,-109.743956,0.643,True,CONEXION DIRECTA VIABLE,-9.45
2835,TOHUI,ESCUELAS,SAN PEDRO DE LA CUEVA,29.287421,-109.737473,SAN PEDRO DE LA CUEVA,Telemax,29.288686,-109.743956,0.644,True,CONEXION DIRECTA VIABLE,-10.45
4578,H.AYUNTAMIENTO - SANTA CRUZ,GOBIERNO,SANTA CRUZ,31.231641,-110.596063,SANTA CRUZ,Telemax,31.237444,-110.595678,0.646,True,CONEXION DIRECTA VIABLE,-10.17
1685,PRIMERO DE MAYO,ESCUELAS,SAN LUIS RIO COLORADO,32.451831,-114.740519,COMANDANCIA,SEC,32.456246,-114.745002,0.646,True,CONEXION DIRECTA VIABLE,-11.16
3387,CENTRO DE SALUD RURAL VILLA HIDALGO,SALUD,VILLA HIDALGO,30.160854,-109.320051,VILLA HIDALGO,Telemax,30.166433,-109.322178,0.653,True,CONEXION DIRECTA VIABLE,-9.29
3782,DISTRITO DE SALUD 5 NAVOJOA,GOBIERNO,NAVOJOA,27.072965,-109.443916,(TZ-45) Torre C4 nuevo,Seguridad,27.078953,-109.443525,0.667,True,CONEXION DIRECTA VIABLE,-10.16
668,CENTRO DE ATENCION MULTIPLE NUM. 55,ESCUELAS,NOGALES,31.321115,-110.960693,NOGALES,Radio Sonora,31.318347,-110.954427,0.67,True,CONEXION DIRECTA VIABLE,-1.39
3790,ALMACEN JURISDICCIONAL NAVOJOA,GOBIERNO,NAVOJOA,27.072912,-109.443924,(TZ-45) Torre C4 nuevo,Seguridad,27.078953,-109.443525,0.673,True,CONEXION DIRECTA VIABLE,-10.16
582,PORVENIR,ESCUELAS,BENJAMIN HILL,30.173802,-111.115903,BENJAMÍN HILL,Radio Sonora,30.167956,-111.117789,0.675,True,CONEXION DIRECTA VIABLE,-10.13
4582,H.AYUNTAMIENTO - TEPACHE,GOBIERNO,TEPACHE,29.534637,-109.532327,TEPACHE,CFE,29.529121,-109.5294,0.676,True,CONEXION DIRECTA VIABLE,-9.88
2817,PROF. ROSARIO GARCIA GRIJALVA,ESCUELAS,SAN LUIS RIO COLORADO,32.454018,-114.786853,SONORA,CFE,32.455202,-114.779741,0.68,True,CONEXION DIRECTA VIABLE,-10.15
2113,YOREME,ESCUELAS,IMURIS,30.794305,-110.838978,ÍMURIS,Radio Sonora,30.793453,-110.846086,0.686,True,CONEXION DIRECTA VIABLE,-9.48
2598,CLUB ACTIVO 20 30,ESCUELAS,PUERTO PENASCO,31.311908,-113.538949,SAN FELIPE DE JESÚS,Radio Sonora,31.305833,-113.540438,0.69,True,CONEXION DIRECTA VIABLE,-9.84
157,CENTRO DE ATENCION MULTIPLE NUM. 03,ESCUELAS,CANANEA,30.994352,-110.270728,RADIO TEC,SEC,30.98961,-110.26602,0.692,True,CONEXION DIRECTA VIABLE,-9.1
3834,UNIDAD DE ESPECIALIDADES MEDICAS DE CIRUGIA AMBULATORIA,GOBIERNO,HERMOSILLO,29.06302,-110.964186,CGOB,Hacienda,29.067638,-110.959266,0.702,True,CONEXION DIRECTA VIABLE,-9.39
1475,CAMARA JUNIOR,ESCUELAS,SAN LUIS RIO COLORADO,32.443878,-114.736721,NUEVA-PALMIRA,CFE,32.446667,-114.73,0.703,True,CONEXION DIRECTA VIABLE,-10.17
590,JARDIN DE NIÑOS NUEVA CREACION,ESCUELAS,CABORCA,30.801287,-112.718796,PLUTARCO-ELIAS-CALLES,CFE,30.804167,-112.71222,0.705,True,CONEXION DIRECTA VIABLE,-9.59
1066,VALENTIN GOMEZ FARIAS,ESCUELAS,EMPALME,27.955607,-110.808995,(TZ-45) Torre Palacio Municipal Empalme,Seguridad,27.957786,-110.815792,0.71,True,CONEXION DIRECTA VIABLE,-10.18
4542,H.AYUNTAMIENTO - CUMPAS,GOBIERNO,CUMPAS,29.993487,-109.782539,CUMPAS,CFE,29.996425,-109.77598,0.711,True,CONEXION DIRECTA VIABLE,-9.66
2946,JUANA DE IBARBOUROU,ESCUELAS,YECORA,28.367527,-108.930564,YÉCORA,Telemax,28.373942,-108.930475,0.713,True,CONEXION DIRECTA VIABLE,-6.71
1925,FRANCISCO SARABIA,ESCUELAS,HUATABAMPO,26.514722,-109.105833,Cecytes de Ejido 24 Febrero,Telefonía Rural,26.508286,-109.104936,0.721,True,CONEXION DIRECTA VIABLE,-9.59
1604,EDUARDO ALMADA MONTES,ESCUELAS,HUATABAMPO,26.514722,-109.105833,Cecytes de Ejido 24 Febrero,Telefonía Rural,26.508286,-109.104936,0.721,True,CONEXION DIRECTA VIABLE,-9.59
21,JEAN HENRY DUNAT,ESCUELAS,AGUA PRIETA,31.30432,-109.540195,BUENOS-AIRES,CFE,31.3103,-109.53725,0.721,True,CONEXION DIRECTA VIABLE,-9.55
3783,CONTROL SANITARIO NOGALES,GOBIERNO,NOGALES,31.331815,-110.946477,Cerro El Embarcadero,Seguridad,31.328578,-110.939791,0.73,True,CONEXION DIRECTA VIABLE,-10.8
661,INDEPENDENCIA DE MEXICO,ESCUELAS,CABORCA,30.736758,-112.158383,Sitio C5 Caborca / Antenas Telemax,SEC,30.7302,-112.159,0.732,True,CONEXION DIRECTA VIABLE,-10.8
3233,CENTRO DE SALUD RURAL ACONCHI,SALUD,ACONCHI,29.826322,-110.227501,ACONCHI (SITIO ALTAN),CFE,29.8262,-110.21989,0.734,True,CONEXION DIRECTA VIABLE,-10.24
3816,COMISIÓN DE ARBITRAJE MÉDICO,GOBIERNO,HERMOSILLO,29.075731,-110.947241,AUFIS,Hacienda,29.069393,-110.944628,0.749,True,CONEXION DIRECTA VIABLE,-12.05
2868,FRANCISCA RUIZ CORDOVA,ESCUELAS,SANTA CRUZ,31.230722,-110.596385,SANTA CRUZ,Telemax,31.237444,-110.595678,0.75,True,CONEXION DIRECTA VIABLE,-10.18
17,ALAMITO,ESCUELAS,AGUA PRIETA,31.32798,-109.5155,TECNOLOGICO,CFE,31.33035,-109.522935,0.754,True,CONEXION DIRECTA VIABLE,-10.92
3779,COORDINACIÓN MÉDICA HUATABAMPO,GOBIERNO,HUATABAMPO,26.835798,-109.639375,(TZ-30) Torre Hospital Gral. Huatabampo,Seguridad,26.842472,-109.641122,0.762,True,CONEXION DIRECTA VIABLE,-9.57
583,BENJAMIN HILL,ESCUELAS,BENJAMIN HILL,30.173128,-111.107398,BENJAMIN-HILL-II,CFE,30.17355,-111.09948,0.763,True,CONEXION DIRECTA VIABLE,-10.26
3225,HOSPITAL GENERAL DE NOGALES,SALUD,NOGALES,31.309389,-110.944211,NOGALES,CFE,31.316111,-110.945833,0.763,True,CONEXION DIRECTA VIABLE,-9.71
4589,H.AYUNTAMIENTO - SONOYTA,GOBIERNO,GENERAL PLUTARCO ELIAS CALLES,31.866337,-112.857228,(TZ-45) Torre Comandancia Sonoyta,Seguridad,31.864325,-112.849472,0.766,True,CONEXION DIRECTA VIABLE,-10.21
1487,GREGORIO TORRES QUINTERO,ESCUELAS,HERMOSILLO,28.841745,-111.48117,LA-DOCE,CFE,28.84228,-111.48905,0.77,True,CONEXION DIRECTA VIABLE,-10.18
2526,CENTRO DE ATENCION MULTIPLE ESTATAL,ESCUELAS,ACONCHI,29.824899,-110.227735,ACONCHI (SITIO ALTAN),CFE,29.8262,-110.21989,0.77,True,CONEXION DIRECTA VIABLE,-10.01
3778,CONTROL SANITARIO CANANEA,GOBIERNO,CANANEA,30.984389,-110.306458,CANANEA,Telemax,30.9777,-110.308617,0.772,True,CONEXION DIRECTA VIABLE,-10.27
2743,ALBITA ZARAGOZA DE OCAÑA,ESCUELAS,SAN LUIS RIO COLORADO,32.467201,-114.787889,SAN LUIS RÍO COLORADO,Telemax,32.473614,-114.784344,0.787,True,CONEXION DIRECTA VIABLE,-9.11
1401,ESCUELA SECUNDARIA TECNICA NUM. 31,ESCUELAS,SAN IGNACIO RIO MUERTO,27.413056,-110.246667,Campo Deportivo Mpal de San Ignacio Rio Muerto,Telefonía Rural,27.409988,-110.239434,0.791,True,CONEXION DIRECTA VIABLE,-9.6
3256,CENTRO DE SALUD RURAL ATIL,SALUD,ATIL,30.844519,-111.583574,ÁTIL,Telemax,30.847936,-111.576303,0.791,True,CONEXION DIRECTA VIABLE,-9.61
3810,CENTRO AMBULATORIO PARA LA PREVENCIÓN Y ATENCIÓN DEL VIH SIDA E INFECCIONES DE TRANSMISION SEXUAL HERMOSILLO,GOBIERNO,HERMOSILLO,29.098788,-110.975312,CESPEJO,Hacienda,29.091625,-110.975432,0.797,True,CONEXION DIRECTA VIABLE,-9.33
4526,H.AYUNTAMIENTO - ATIL,GOBIERNO,ATIL,30.844188,-111.583427,ÁTIL,Telemax,30.847936,-111.576303,0.798,True,CONEXION DIRECTA VIABLE,-9.51
2218,INTERNACIONAL,ESCUELAS,NAVOJOA,26.897222,-109.403889,Prim 16 de Septiembre de Chirajobampo,Telefonía Rural,26.891989,-109.398275,0.805,True,CONEXION DIRECTA VIABLE,-10.48
977,JOAQUIN ALEJANDRO VILLANUEVA LOBIO,ESCUELAS,EMPALME,27.966153,-110.789439,HEROE-DE-NACOZARI,CFE,27.959147,-110.79165,0.809,True,CONEXION DIRECTA VIABLE,-7.43
4520,H.AYUNTAMIENTO - ACONCHI,GOBIERNO,ACONCHI,29.825783,-110.228603,ACONCHI (SITIO ALTAN),CFE,29.8262,-110.21989,0.842,True,CONEXION DIRECTA VIABLE,-10.24
3300,CENTRO DE SALUD RURAL FRONTERAS,SALUD,FRONTERAS,30.897194,-109.560007,FRONTERAS,Telemax,30.894625,-109.568311,0.842,True,CONEXION DIRECTA VIABLE,-8.97
806,JOSEFINA RAMOS DEL RIO,ESCUELAS,EMPALME,27.959542,-110.800254,HEROE-DE-NACOZARI,CFE,27.959147,-110.79165,0.846,True,CONEXION DIRECTA VIABLE,-10.13
4576,H.AYUNTAMIENTO - SAN PEDRO DE LA CUEVA,GOBIERNO,SAN PEDRO DE LA CUEVA,29.286764,-109.735495,SAN PEDRO DE LA CUEVA,Telemax,29.288686,-109.743956,0.848,True,CONEXION DIRECTA VIABLE,-9.5
3797,"DISTRITO DE SALUD 1, HERMOSILLO",GOBIERNO,HERMOSILLO,29.099384,-110.974794,CESPEJO,Hacienda,29.091625,-110.975432,0.865,True,CONEXION DIRECTA VIABLE,-9.11
4538,H.AYUNTAMIENTO - CANANEA,GOBIERNO,CANANEA,30.982681,-110.301642,CANANEA,Telemax,30.9777,-110.308617,0.865,True,CONEXION DIRECTA VIABLE,-11.29
3558,Fronteras,ESCUELAS,FRONTERAS,30.898327,-109.560319,FRONTERAS,Telemax,30.894625,-109.568311,0.867,True,CONEXION DIRECTA VIABLE,-6.73
14,PROGRESO,ESCUELAS,AGUA PRIETA,31.313858,-109.567738,ESQUEDA,CFE,31.30943,-109.5601,0.877,True,CONEXION DIRECTA VIABLE,-9.78
3381,CENTRO DE SALUD RURAL TEPACHE,SALUD,TEPACHE,29.536198,-109.533409,TEPACHE,CFE,29.529121,-109.5294,0.877,True,CONEXION DIRECTA VIABLE,-10.2
2542,ABELARDO L. RODRIGUEZ,ESCUELAS,NOGALES,31.332187,-110.948034,Cerro El Embarcadero,Seguridad,31.328578,-110.939791,0.88,True,CONEXION DIRECTA VIABLE,-10.88
1080,VICENTA FLORES MURILLO,ESCUELAS,EMPALME,27.967113,-110.791172,HEROE-DE-NACOZARI,CFE,27.959147,-110.79165,0.887,True,CONEXION DIRECTA VIABLE,-9.13
204,GUSTAVO CABALLERO ECHEVARRIA,ESCUELAS,AGUA PRIETA,31.322468,-109.521334,TECNOLOGICO,CFE,31.33035,-109.522935,0.89,True,CONEXION DIRECTA VIABLE,-10.24
2017,MIGUEL HIDALGO Y COSTILLA,ESCUELAS,HUATABAMPO,26.54009,-109.165072,MELCHOR-OCAMPO,CFE,26.535016,-109.172032,0.893,True,CONEXION DIRECTA VIABLE,-9.92
3829,CENTRO AVANZADO DE ATENCION PRIMARIA A LA SALUD,GOBIERNO,HERMOSILLO,29.099701,-110.975324,CESPEJO,Hacienda,29.091625,-110.975432,0.898,True,CONEXION DIRECTA VIABLE,-10.1
4546,H.AYUNTAMIENTO - FRONTERAS,GOBIERNO,FRONTERAS,30.898101,-109.559746,FRONTERAS,Telemax,30.894625,-109.568311,0.904,True,CONEXION DIRECTA VIABLE,-9.24
3777,CONTROL SANITARIO CABORCA,GOBIERNO,CABORCA,30.709638,-112.161212,BENITO-JUAREZ,CFE,30.715511,-112.167881,0.913,True,CONEXION DIRECTA VIABLE,-10.21
2458,24 DE OCTUBRE,ESCUELAS,NOGALES,31.26003,-110.955295,VILLA-SONORA,CFE,31.26229,-110.94593,0.925,True,CONEXION DIRECTA VIABLE,-4.45
3028,"CECyTE, Plutarco Elias Calles",ESCUELAS,CABORCA,30.809288,-112.721612,"(TZ-90) Cecytes ""Y""",Seguridad,30.805425,-112.713033,0.925,True,CONEXION DIRECTA VIABLE,-9.81
19,PLAN DE AGUA PRIETA,ESCUELAS,AGUA PRIETA,31.3097,-109.546972,BUENOS-AIRES,CFE,31.3103,-109.53725,0.926,True,CONEXION DIRECTA VIABLE,-9.25
1083,DIANA LAURA DE COLOSIO,ESCUELAS,EMPALME,27.96523,-110.825058,MARIANO-ABASOLO,CFE,27.965214,-110.815558,0.933,True,CONEXION DIRECTA VIABLE,-10.22
219,CARLOS MORENO VAZQUEZ,ESCUELAS,SAN LUIS RIO COLORADO,32.447003,-114.78196,SONORA,CFE,32.455202,-114.779741,0.935,True,CONEXION DIRECTA VIABLE,-10.17
2114,MARIA DE LOS ANGELES LOPEZ COTA,ESCUELAS,IMURIS,30.780927,-110.847309,TV-AZTECA-IMURUS,CFE,30.788719,-110.85133,0.948,True,CONEXION DIRECTA VIABLE,-8.18
3031,"CECyTE, Cajeme",ESCUELAS,CAJEME,27.530633,-109.922028,Torre C4,Seguridad,27.525981,-109.930289,0.965,True,CONEXION DIRECTA VIABLE,-10.03
3800,UNDEX AGUA PRIETA,GOBIERNO,AGUA PRIETA,31.327904,-109.558886,(TZ-45) Torre Subcentro C5 Agua Prieta,Seguridad,31.319139,-109.558056,0.978,True,CONEXION DIRECTA VIABLE,-10.14
3776,DISTRITO DE SALUD 2 CABORCA,GOBIERNO,CABORCA,30.707079,-112.157069,HEROICA-CABORCA,CFE,30.713508,-112.149922,0.989,True,CONEXION DIRECTA VIABLE,-9.71
2146,TERNURA,ESCUELAS,MAGDALENA,30.632514,-110.956966,MAGDALENA,CFE,30.6298,-110.96689,0.996,True,CONEXION DIRECTA VIABLE,-9.98
1087,MIGUEL HIDALGO Y COSTILLA,ESCUELAS,EMPALME,27.955473,-110.805978,(TZ-45) Torre Palacio Municipal Empalme,Seguridad,27.957786,-110.815792,0.998,True,CONEXION DIRECTA VIABLE,-10.16
2541,PROF. RODOLFO SIORDIA MONTANO,ESCUELAS,NOGALES,31.26421,-110.95624,VILLA-SONORA,CFE,31.26229,-110.94593,1.003,True,CONEXION DIRECTA VIABLE,-9.35
11,MUNDO INFANTIL,ESCUELAS,AGUA PRIETA,31.331828,-109.533391,TECNOLOGICO,CFE,31.33035,-109.522935,1.007,True,CONEXION DIRECTA VIABLE,-8.22
2321,IRMA BEATRIZ RASCON CORONADO,ESCUELAS,SAN LUIS RIO COLORADO,32.420591,-114.771466,MEZQUITE,CFE,32.427675,-114.778164,1.008,True,CONEXION DIRECTA VIABLE,-10.14
2744,EL PARAISO DEL SABER,ESCUELAS,SAN LUIS RIO COLORADO,32.435859,-114.800701,AEROPUERTO,CFE,32.44079,-114.80972,1.008,True,CONEXION DIRECTA VIABLE,-10.16
2736,MOISES SAENZ,ESCUELAS,SAN LUIS RIO COLORADO,32.448384,-114.803832,AEROPUERTO,CFE,32.44079,-114.80972,1.009,True,CONEXION DIRECTA VIABLE,-10.17
3053,SUPERIOR TECNOLOGICA DE HERMOSILLO EXTENSION URES,ESCUELAS,HEROICA CIUDAD DE URES,29.424131,-110.369072,HERMOSILLO,Radio Sonora,29.429167,-110.377742,1.009,True,CONEXION DIRECTA VIABLE,-10.09
2112,MEXITLI,ESCUELAS,IMURIS,30.777222,-110.872222,(TZ-45) Torre Palacio,Seguridad,30.7773,-110.861639,1.011,True,CONEXION DIRECTA VIABLE,-8.61
226,LIC. LUIS DONALDO COLOSIO MURRIETA,ESCUELAS,ATIL,30.843686,-111.585786,ÁTIL,Telemax,30.847936,-111.576303,1.021,True,CONEXION DIRECTA VIABLE,-10.3
2331,FRANCISCO ENRIQUEZ AMAYA,ESCUELAS,SAN LUIS RIO COLORADO,32.436681,-114.799886,AEROPUERTO,CFE,32.44079,-114.80972,1.03,True,CONEXION DIRECTA VIABLE,-10.16
586,JOSE ENRIQUE CARRASCO GUTIERREZ,ESCUELAS,SAN LUIS RIO COLORADO,32.201107,-115.000094,KILOMETRO-CINCUENTA-Y-SIETE,CFE,32.20119,-114.98914,1.031,True,CONEXION DIRECTA VIABLE,-10.15
46,MARIA EVA OLIVARRIA TANORI,ESCUELAS,AGUA PRIETA,31.301781,-109.553677,ESQUEDA,CFE,31.30943,-109.5601,1.047,True,CONEXION DIRECTA VIABLE,-10.12
2111,PEDRO DE GANTE,ESCUELAS,IMURIS,30.771389,-110.853056,(TZ-45) Torre Palacio,Seguridad,30.7773,-110.861639,1.051,True,CONEXION DIRECTA VIABLE,-10.23
816,JUAN ALDAMA,ESCUELAS,EMPALME,27.954995,-110.805499,(TZ-45) Torre Palacio Municipal Empalme,Seguridad,27.957786,-110.815792,1.058,True,CONEXION DIRECTA VIABLE,-8.06
3030,"CECyTE, Nogales",ESCUELAS,NOGALES,31.289713,-110.932822,DOMINGUEZ,CFE,31.298194,-110.927778,1.058,True,CONEXION DIRECTA VIABLE,-1.8
3368,CENTRO DE SALUD RURAL LUIS B. SANCHEZ,SALUD,SAN LUIS RIO COLORADO,32.200859,-115.000497,KILOMETRO-CINCUENTA-Y-SIETE,CFE,32.20119,-114.98914,1.069,True,CONEXION DIRECTA VIABLE,-11.13
2912,FEDERICO GARCIA LORCA,ESCUELAS,URES,29.431389,-110.366944,HERMOSILLO,Radio Sonora,29.429167,-110.377742,1.075,True,CONEXION DIRECTA VIABLE,-9.55
3817,CENTRO ESTATAL DE TRANSPLANTES,GOBIERNO,HERMOSILLO,29.078322,-110.968675,COMUNICACIÓN SOCIAL,Ejecutivo,29.074473,-110.958499,1.078,True,CONEXION DIRECTA VIABLE,-10.84
2485,ELDA GRISELDA TAPIA VELARDE,ESCUELAS,NOGALES,31.310443,-110.895497,LOS-VIRREYES,CFE,31.300917,-110.898194,1.09,False,REQUIERE REPETIDOR O REVISION TECNICA,6.47
2528,EMSaD. Golfo de Santa Clara,ESCUELAS,SAN LUIS RIO COLORADO,31.694773,-114.492475,GOLFO-DE-SANTA-CLARA,CFE,31.687508,-114.500414,1.103,True,CONEXION DIRECTA VIABLE,-9.74
3416,CENTRO COMUNITARIO DE SALUD MENTAL Y ADICCIONES CABORCA,SALUD,CABORCA,30.717506,-112.179474,BENITO-JUAREZ,CFE,30.715511,-112.167881,1.13,True,CONEXION DIRECTA VIABLE,-11.14
3802,UNEME CABORCA,GOBIERNO,CABORCA,30.717464,-112.179723,BENITO-JUAREZ,CFE,30.715511,-112.167881,1.153,True,CONEXION DIRECTA VIABLE,-8.15
2525,LAURA PATRICIA VALLE POLANCO,ESCUELAS,NOGALES,31.31096,-110.895001,LOS-VIRREYES,CFE,31.300917,-110.898194,1.157,False,REQUIERE REPETIDOR O REVISION TECNICA,12.42
1453,JARDIN DE NIÑOS NUEVA CREACION,ESCUELAS,HERMOSILLO,28.840386,-111.477363,LA-DOCE,CFE,28.84228,-111.48905,1.158,True,CONEXION DIRECTA VIABLE,-10.18
1594,EMERENCIANA RUIZ DUARTE,ESCUELAS,HERMOSILLO,28.840386,-111.477362,LA-DOCE,CFE,28.84228,-111.48905,1.158,True,CONEXION DIRECTA VIABLE,-10.18
3754,INSTITUTO DE MOVILIDAD Y TRANSPORTE PARA EL ESTADO DE SONORA,GOBIERNO,HEROICA GUAYMAS,27.924344,-110.890228,(TZ-60) Torre CIF Guaymas,Seguridad,27.919503,-110.900733,1.164,True,CONEXION DIRECTA VIABLE,-10.2
2432,JOSEFA ORTIZ DE DOMINGUEZ,ESCUELAS,SANTA ANA,30.546944,-111.138333,SANTA-ANA,CFE,30.54169,-111.12766,1.177,True,CONEXION DIRECTA VIABLE,-10.18
4548,H.AYUNTAMIENTO - GUAYMAS,GOBIERNO,GUAYMAS,27.923352,-110.88951,(TZ-60) Torre CIF Guaymas,Seguridad,27.919503,-110.900733,1.183,True,CONEXION DIRECTA VIABLE,-8.04
40,IGNACIO LEYVA DURAZO,ESCUELAS,AGUA PRIETA,31.320901,-109.516916,TECNOLOGICO,CFE,31.33035,-109.522935,1.196,True,CONEXION DIRECTA VIABLE,-10.17
3471,MÓDULO AYUNTAMIENTO DE HERMOSILLO,SALUD,HERMOSILLO,29.134462,-110.97978,(TZ-45) Comandancia el Cortijo,Seguridad,29.143614,-110.986272,1.197,True,CONEXION DIRECTA VIABLE,-10.08
205,JUAN ESCUTIA,ESCUELAS,ALTAR,30.712085,-111.835866,(TZ-45) Comandancia de Policia,Seguridad,30.703842,-111.827728,1.202,True,CONEXION DIRECTA VIABLE,-10.22
2855,CONCEPCION AGUIRRE GALVEZ,ESCUELAS,SANTA ANA,30.531511,-111.123385,SANTA-ANA,CFE,30.54169,-111.12766,1.204,True,CONEXION DIRECTA VIABLE,-8.84
39,JESUS PEREIDA MARTINEZ,ESCUELAS,AGUA PRIETA,31.301524,-109.544669,BUENOS-AIRES,CFE,31.3103,-109.53725,1.204,True,CONEXION DIRECTA VIABLE,-8.8
2945,LII PAT,ESCUELAS,YECORA,28.365274,-108.916573,H. Ayuntamiento de Yécora,Telefonía Rural,28.37264,-108.925702,1.212,True,CONEXION DIRECTA VIABLE,-11.05
4523,H.AYUNTAMIENTO - ALTAR,GOBIERNO,ALTAR,30.713551,-111.833537,(TZ-45) Comandancia de Policia,Seguridad,30.703842,-111.827728,1.214,True,CONEXION DIRECTA VIABLE,-10.21
48,MARIA JESUS GRACIA LOPEZ,ESCUELAS,AGUA PRIETA,31.29846,-109.560587,ESQUEDA,CFE,31.30943,-109.5601,1.221,True,CONEXION DIRECTA VIABLE,-10.21
4590,H.AYUNTAMIENTO - BENITO JUÁREZ,GOBIERNO,BENITO JUAREZ,27.127845,-109.842582,(TZ-45) Torre dif villa juarez,Seguridad,27.128213,-109.830136,1.232,True,CONEXION DIRECTA VIABLE,-11.18
3417,CENTRO COMUNITARIO DE SALUD MENTAL Y ADICCIONES PUERTO PEÑASCO,SALUD,PUERTO PENASCO,31.319675,-113.536699,PLANTEL PUERTO PEÑASCO,SEC,31.329356,-113.529867,1.257,True,CONEXION DIRECTA VIABLE,-8.96
3827,UNEME PUERTO PEÑASCO,GOBIERNO,PUERTO PENASCO,31.319668,-113.53671,PLANTEL PUERTO PEÑASCO,SEC,31.329356,-113.529867,1.258,True,CONEXION DIRECTA VIABLE,-8.96
2381,LEONA VICARIO,ESCUELAS,NAVOJOA,27.065003,-109.489332,EL-SAUZ,CFE,27.068219,-109.501556,1.262,True,CONEXION DIRECTA VIABLE,-10.13
2210,LA RANITA,ESCUELAS,NAVOJOA,26.770833,-109.244444,Centro de Salud Rural de Masiaca,Telefonía Rural,26.763306,-109.234861,1.267,True,CONEXION DIRECTA VIABLE,-10.2
2301,GENERAL LAZARO CARDENAS,ESCUELAS,NAVOJOA,26.770833,-109.244444,Centro de Salud Rural de Masiaca,Telefonía Rural,26.763306,-109.234861,1.267,True,CONEXION DIRECTA VIABLE,-10.2
20,BACHICUY,ESCUELAS,AGUA PRIETA,31.314714,-109.521563,(T5-35) Sin Nombre Especificado,Radio Sonora,31.311738,-109.534488,1.272,True,CONEXION DIRECTA VIABLE,-10.05
1049,JUAN LUIS VIVES,ESCUELAS,EMPALME,27.965692,-110.802399,HEROE-DE-NACOZARI,CFE,27.959147,-110.79165,1.282,True,CONEXION DIRECTA VIABLE,-10.14
2489,GUADALUPE ELENA BARREDES PADILLA,ESCUELAS,ALTAR,30.713918,-111.834781,(TZ-45) Comandancia de Policia,Seguridad,30.703842,-111.827728,1.308,True,CONEXION DIRECTA VIABLE,-10.2
2540,CZILENA DEMARA GARCIA,ESCUELAS,NOGALES,31.1725,-110.964722,EL-TORREON,CFE,31.16167,-110.9703,1.316,True,CONEXION DIRECTA VIABLE,-10.29
2483,JARDIN DE NIÑOS NUEVA CREACION,ESCUELAS,NOGALES,31.1725,-110.964722,EL-TORREON,CFE,31.16167,-110.9703,1.316,True,CONEXION DIRECTA VIABLE,-10.29
1992,ANTONIO CRUZ,ESCUELAS,HUATABAMPO,26.828441,-109.608177,ITHUA,CFE,26.820917,-109.618556,1.327,True,CONEXION DIRECTA VIABLE,-10.14
574,EFRAIN EGURROLA SALAZAR,ESCUELAS,BENITO JUAREZ,27.126772,-109.843566,(TZ-45) Torre dif villa juarez,Seguridad,27.128213,-109.830136,1.339,True,CONEXION DIRECTA VIABLE,-8.77
3807,ALMACEN JURISDICCIONAL OBREGÓN,GOBIERNO,CAJEME,27.487062,-109.939922,(TZ-45) Torre Fiscal,Seguridad,27.497094,-109.932206,1.35,True,CONEXION DIRECTA VIABLE,-10.23
47,FLORENTINO JAIME QUIJADA,ESCUELAS,AGUA PRIETA,31.298123,-109.534454,BUENOS-AIRES,CFE,31.3103,-109.53725,1.38,True,CONEXION DIRECTA VIABLE,-7.74
3036,"CECyTE, Hermosillo III ""Mariachi""",ESCUELAS,HERMOSILLO,29.081836,-110.942144,AUFIS,Hacienda,29.069393,-110.944628,1.405,True,CONEXION DIRECTA VIABLE,-9.97
3804,DGPROSPE,GOBIERNO,HERMOSILLO,29.053128,-110.962975,VSERIS,Hacienda,29.064011,-110.955496,1.412,True,CONEXION DIRECTA VIABLE,-10.13
937,ANITA CORDOVA CORDOVA,ESCUELAS,NACO,31.313341,-109.94146,JOSE-MARIA-MORELOS,CFE,31.32499,-109.94746,1.415,True,CONEXION DIRECTA VIABLE,-9.05
3811,ALMACEN ACTIVO FIJO,GOBIERNO,HERMOSILLO,29.052896,-110.963041,VSERIS,Hacienda,29.064011,-110.955496,1.437,True,CONEXION DIRECTA VIABLE,-9.14
2734,SONORA,ESCUELAS,SAN LUIS RIO COLORADO,32.453565,-114.806991,AEROPUERTO,CFE,32.44079,-114.80972,1.443,True,CONEXION DIRECTA VIABLE,-10.15
2754,VIVA SOLIDARIDAD,ESCUELAS,SAN LUIS RIO COLORADO,32.405707,-114.750253,EDIFICIO-NUEVO,CFE,32.418469,-114.747258,1.447,True,CONEXION DIRECTA VIABLE,-10.18
2643,JARDIN DE NIÑOS NUEVA CREACION,ESCUELAS,ROSARIO,27.84075,-109.355949,ROSARIO,CFE,27.840585,-109.370693,1.45,True,CONEXION DIRECTA VIABLE,-6.66
199,MARIA BASACA NUÑEZ,ESCUELAS,ALTAR,30.716733,-111.830011,(TZ-45) Comandancia de Policia,Seguridad,30.703842,-111.827728,1.45,True,CONEXION DIRECTA VIABLE,-10.18
799,CENTRO DE DESARROLLO INFANTIL NUM. 3 S.E.C.,ESCUELAS,CAJEME,27.483818,-109.969928,Hospital General de Obregón,SEC,27.4836,-109.955,1.473,True,CONEXION DIRECTA VIABLE,-9.66
3349,CENTRO DE SALUD RURAL SAN IGNACIO COHUIRIMPO,SALUD,NAVOJOA,27.069928,-109.486687,EL-SAUZ,CFE,27.068219,-109.501556,1.484,True,CONEXION DIRECTA VIABLE,-10.13
3833,UNEME-ENFERMEDADES CRONICAS AGUA PRIETA,GOBIERNO,AGUA PRIETA,31.296657,-109.555146,ESQUEDA,CFE,31.30943,-109.5601,1.496,True,CONEXION DIRECTA VIABLE,-10.14
1695,ESCUELA PRIMARIA NUEVA CREACION,ESCUELAS,HERMOSILLO,28.99639,-110.9419,NUEVO-HERMOSILLO,CFE,29.008651,-110.935527,1.498,True,CONEXION DIRECTA VIABLE,-10.76
1692,ESCUELA PRIMARIA NUEVA CREACION,ESCUELAS,HERMOSILLO,28.99639,-110.9419,NUEVO-HERMOSILLO,CFE,29.008651,-110.935527,1.498,True,CONEXION DIRECTA VIABLE,-10.76
3421,CENTRO COMUNITARIO DE SALUD MENTAL Y ADICCIONES AGUA PRIETA,SALUD,AGUA PRIETA,31.296632,-109.554862,ESQUEDA,CFE,31.30943,-109.5601,1.508,True,CONEXION DIRECTA VIABLE,-10.14
2169,SANDRA LUZ SOTOMAYOR TERAN,ESCUELAS,MAGDALENA,30.62482,-110.952085,MAGDALENA,CFE,30.6298,-110.96689,1.521,True,CONEXION DIRECTA VIABLE,-8.72
1135,VICENTE GUERRERO,ESCUELAS,ETCHOJOA,26.966667,-109.646944,CENTRO DE SALUD BACOBAMPO,SEC,26.979011,-109.654255,1.552,True,CONEXION DIRECTA VIABLE,-10.15
2745,CLUB DE LEONES II,ESCUELAS,SAN LUIS RIO COLORADO,32.436031,-114.748794,VILLA-COLONIAL,CFE,32.450023,-114.75052,1.564,True,CONEXION DIRECTA VIABLE,-10.18
2153,ELBA ARREOLA DE LA PAZ,ESCUELAS,MAGDALENA,30.621977,-110.953268,MAGDALENA,CFE,30.6298,-110.96689,1.567,True,CONEXION DIRECTA VIABLE,-9.39
1085,MARTHA CECILIA MURRIETA CORDOVA,ESCUELAS,EMPALME,27.966116,-110.777744,HEROE-DE-NACOZARI,CFE,27.959147,-110.79165,1.57,True,CONEXION DIRECTA VIABLE,-9.3
2753,30 DE ENERO,ESCUELAS,SAN LUIS RIO COLORADO,32.476667,-114.7625,(TZ-45) Torre Agencia Fiscal SLRC,Seguridad,32.479336,-114.779044,1.58,True,CONEXION DIRECTA VIABLE,-10.15
800,CLUB DE LEONES DE SAN LUIS RIO COLORADO A. C.,ESCUELAS,SAN LUIS RIO COLORADO,32.476667,-114.7625,(TZ-45) Torre Agencia Fiscal SLRC,Seguridad,32.479336,-114.779044,1.58,True,CONEXION DIRECTA VIABLE,-10.15
2970,"CECyTE, Hermosillo V ""Pueblitos""",ESCUELAS,HERMOSILLO,29.165788,-111.0112,PUEBLITOS,CFE,29.151882,-111.006934,1.601,True,CONEXION DIRECTA VIABLE,-7.34
1585,ANA ALCARAZ BARRETO,ESCUELAS,HERMOSILLO,28.84253,-111.47189,LA-DOCE,CFE,28.84228,-111.48905,1.672,True,CONEXION DIRECTA VIABLE,-4.28
1638,NUEVA CREACION SECUNDARIA NI¤OS MIGRANTES,ESCUELAS,HERMOSILLO,28.331,-111.4455,EL-CHOYUDO-LOS-JAPONESES,CFE,28.317394,-111.452778,1.672,True,CONEXION DIRECTA VIABLE,-17.47
1626,21 DE FEBRERO,ESCUELAS,HERMOSILLO,28.843853,-111.506984,(TZ-45) Torre Comandancia Municipal,Seguridad,28.842942,-111.489844,1.672,True,CONEXION DIRECTA VIABLE,-10.22
1949,EL PESCADITO,ESCUELAS,HUATABAMPO,26.581389,-109.328056,Centro de Salud Rural de Las Bocas,Telefonía Rural,26.59506,-109.33547,1.689,True,CONEXION DIRECTA VIABLE,-8.73
2049,LAZARO CARDENAS DEL RIO,ESCUELAS,HUATABAMPO,26.581389,-109.328056,Centro de Salud Rural de Las Bocas,Telefonía Rural,26.59506,-109.33547,1.689,True,CONEXION DIRECTA VIABLE,-8.73
2741,BAJA CALIFORNIA,ESCUELAS,SAN LUIS RIO COLORADO,32.462112,-114.796714,SAN LUIS RÍO COLORADO,Telemax,32.473614,-114.784344,1.727,True,CONEXION DIRECTA VIABLE,-10.18
1452,LAS HIGUERILLAS,ESCUELAS,HERMOSILLO,28.843697,-111.507562,(TZ-45) Torre Comandancia Municipal,Seguridad,28.842942,-111.489844,1.728,True,CONEXION DIRECTA VIABLE,-8.88
4552,H.AYUNTAMIENTO - HUATABAMPO,GOBIERNO,HUATABAMPO,26.827016,-109.644377,(TZ-30) Torre Hospital Gral. Huatabampo,Seguridad,26.842472,-109.641122,1.749,True,CONEXION DIRECTA VIABLE,-10.51
3826,UNEME OBREGÓN,GOBIERNO,CAJEME,27.455711,-109.943193,(TZ-45) Torre SSPM,Seguridad,27.464642,-109.928422,1.764,True,CONEXION DIRECTA VIABLE,-9.21
987,LUIS DONALDO COLOSIO MURRIETA,ESCUELAS,NAVOJOA,27.275593,-109.784678,Prim Rosita C de Aguilera de Musuabampo,Telefonía Rural,27.290221,-109.777697,1.767,True,CONEXION DIRECTA VIABLE,-10.16
3413,CENTRO COMUNITARIO DE SALUD MENTAL Y ADICCIONES CAJEME II SUR,SALUD,CAJEME,27.455599,-109.94322,(TZ-45) Torre SSPM,Seguridad,27.464642,-109.928422,1.773,True,CONEXION DIRECTA VIABLE,-8.21
198,ESTELA MENDEZ MIRANDA,ESCUELAS,ALTAR,30.71912,-111.833402,(TZ-45) Comandancia de Policia,Seguridad,30.703842,-111.827728,1.783,True,CONEXION DIRECTA VIABLE,-12.12
1348,GENERAL LUIS MATUZ,ESCUELAS,GUAYMAS,27.599167,-110.319444,VICAM-PUEBLO,CFE,27.58345,-110.32388,1.802,True,CONEXION DIRECTA VIABLE,-10.15
3806,CENTRO AMBULATORIO PARA LA PREVENCIÓN Y ATENCIÓN DEL VIH SIDA E INFECCIONES DE TRANSMISION SEXUAL CD.OBREGÓN,GOBIERNO,CAJEME,27.511751,-109.921293,Torre C4,Seguridad,27.525981,-109.930289,1.814,True,CONEXION DIRECTA VIABLE,-7.55
1275,ESCUELA PRIMARIA NUEVA CREACION,ESCUELAS,GENERAL PLUTARCO ELIAS CALLES,31.878056,-112.878056,SONOITA,CFE,31.86392,-112.86829,1.822,True,CONEXION DIRECTA VIABLE,-11.24
3412,CENTRO COMUNITARIO DE SALUD MENTAL Y ADICCIONES CAJEME I NORTE,SALUD,CAJEME,27.511494,-109.921197,Torre C4,Seguridad,27.525981,-109.930289,1.844,True,CONEXION DIRECTA VIABLE,-10.96
3395,CENTRO DE SALUD RURAL PAREDON COLORADO,SALUD,BENITO JUAREZ,27.076523,-109.931957,Prim Cuauhtemoc de Aceitunas,Telefonía Rural,27.079185,-109.913514,1.85,True,CONEXION DIRECTA VIABLE,-9.96
2013,LAZARO CARDENAS,ESCUELAS,HUATABAMPO,26.649167,-109.220833,SIREBAMPO,CFE,26.63908,-109.23608,1.885,True,CONEXION DIRECTA VIABLE,-9.02
194,EDELMIRA MENDEZ MENDEZ,ESCUELAS,ALTAR,30.717222,-111.840097,(TZ-45) Comandancia de Policia,Seguridad,30.703842,-111.827728,1.901,True,CONEXION DIRECTA VIABLE,-10.2
3306,CENTRO DE SALUD URBANO PRIMERO HERMOSILLO,SALUD,HERMOSILLO,29.129363,-110.997356,(TZ-45) Comandancia el Cortijo,Seguridad,29.143614,-110.986272,1.916,True,CONEXION DIRECTA VIABLE,-8.71
2898,BENITO JUAREZ,ESCUELAS,TRINCHERAS,30.586111,-111.433333,PUEBLO-NUEVO-OCUCA,CFE,30.573705,-111.447576,1.94,True,CONEXION DIRECTA VIABLE,-10.11
1473,FRANCISCO EUSEBIO KINO,ESCUELAS,HERMOSILLO,28.822572,-111.93981,BAHIA-DE-KINO,CFE,28.832808,-111.955989,1.944,True,CONEXION DIRECTA VIABLE,-8.93
3037,"CECyTE, Hermosillo IV ""Justo Sierra""",ESCUELAS,HERMOSILLO,29.135406,-111.013989,PUEBLITOS,CFE,29.151882,-111.006934,1.956,True,CONEXION DIRECTA VIABLE,-12.82
3812,DIRECCIÓN PROTECCIÓN CIVIL,GOBIERNO,HERMOSILLO,29.075106,-110.982823,SSP ESPEJO,Contraloría,29.091529,-110.975496,1.96,True,CONEXION DIRECTA VIABLE,-12.22
1269,LIC. BENITO JUAREZ,ESCUELAS,GENERAL PLUTARCO ELIAS CALLES,31.872214,-112.830808,(TZ-45) Torre Comandancia Sonoyta,Seguridad,31.864325,-112.849472,1.969,False,REQUIERE REPETIDOR O REVISION TECNICA,12.34
3550,Molino de Camou,ESCUELAS,HERMOSILLO,29.20182,-110.767078,MOLINO-DE-CAMOU,CFE,29.196339,-110.786536,1.985,True,CONEXION DIRECTA VIABLE,-8.76
3818,DIRECCIÓN GENERAL DE ASISTENCIA SOCIAL,GOBIERNO,HERMOSILLO,29.11569,-110.971633,(TZ-45) Comandancia Zona Norte,Seguridad,29.110261,-110.991386,2.012,True,CONEXION DIRECTA VIABLE,-9.95
3072,SUPERIOR ESTATAL DE SONORA-Unidad Academica Hermosillo/Extension Poblado Miguel Aleman,ESCUELAS,HERMOSILLO,28.841129,-111.4684,LA-DOCE,CFE,28.84228,-111.48905,2.015,True,CONEXION DIRECTA VIABLE,-4.82
3035,"CECyTE, Hermosillo II ""Alto Valle""",ESCUELAS,HERMOSILLO,29.143562,-110.965094,(TZ-45) Comandancia el Cortijo,Seguridad,29.143614,-110.986272,2.057,True,CONEXION DIRECTA VIABLE,-3.39
1513,DIEGO RIVERA,ESCUELAS,HERMOSILLO,29.200556,-110.765833,MOLINO-DE-CAMOU,CFE,29.196339,-110.786536,2.064,True,CONEXION DIRECTA VIABLE,-10.12
504,U-ILI-JAQUIA,ESCUELAS,BENITO JUAREZ,27.078783,-109.934484,Prim Cuauhtemoc de Aceitunas,Telefonía Rural,27.079185,-109.913514,2.077,True,CONEXION DIRECTA VIABLE,-8.35
3814,DIRECCIÓN DE TECNOLOGIAS DE LA INFORMACIÓN Y COMUNICACIONES,GOBIERNO,HERMOSILLO,29.079559,-110.991986,SSP ESPEJO,Contraloría,29.091529,-110.975496,2.083,True,CONEXION DIRECTA VIABLE,-11.24
2154,MARIA JESUS CASTELLO ROMO,ESCUELAS,MAGDALENA,30.661389,-110.935833,(TZ-30) Torre Cereso,Seguridad,30.670322,-110.916661,2.085,True,CONEXION DIRECTA VIABLE,-13.38
2160,MARGARITA ARVAYO,ESCUELAS,MAGDALENA,30.661389,-110.935833,(TZ-30) Torre Cereso,Seguridad,30.670322,-110.916661,2.085,True,CONEXION DIRECTA VIABLE,-13.38
569,ALVARO OBREGON,ESCUELAS,BENITO JUAREZ,27.078943,-109.934701,Prim Cuauhtemoc de Aceitunas,Telefonía Rural,27.079185,-109.913514,2.098,True,CONEXION DIRECTA VIABLE,-8.71
3410,CENTRO COMUNITARIO DE SALUD MENTAL Y ADICCIONES HERMOSILLO I SUR,SALUD,HERMOSILLO,29.030586,-110.955918,GANADEROS,CFE,29.037639,-110.935456,2.138,True,CONEXION DIRECTA VIABLE,-9.0
2380,MAYOR EULOGIO ORTEGA,ESCUELAS,NAVOJOA,26.746944,-109.246667,Centro de Salud Rural de Masiaca,Telefonía Rural,26.763306,-109.234861,2.164,True,CONEXION DIRECTA VIABLE,-8.39
2225,U-ILI-CARI-TOSALI,ESCUELAS,NAVOJOA,26.746944,-109.246667,Centro de Salud Rural de Masiaca,Telefonía Rural,26.763306,-109.234861,2.164,True,CONEXION DIRECTA VIABLE,-8.39
1818,GRISELDA DEL CARMEN LOPEZ CRUZ,ESCUELAS,HERMOSILLO,29.098889,-110.954167,CESPEJO,Hacienda,29.091625,-110.975432,2.219,True,CONEXION DIRECTA VIABLE,-9.05
1822,JARDIN DE NIÑOS NUEVA CREACION,ESCUELAS,HERMOSILLO,29.098889,-110.954167,CESPEJO,Hacienda,29.091625,-110.975432,2.219,True,CONEXION DIRECTA VIABLE,-9.05
1906,SECUNDARIA NIÑOS MIGRANTES CIUDAD DE LOS NIÑOS,ESCUELAS,HERMOSILLO,29.098889,-110.954167,CESPEJO,Hacienda,29.091625,-110.975432,2.219,True,CONEXION DIRECTA VIABLE,-9.05
1227,TELESECUNDARIA 105,ESCUELAS,NAVOJOA,26.862222,-109.436111,Prim Aquiles Serdán de La Potable,Telefonía Rural,26.878814,-109.448692,2.227,True,CONEXION DIRECTA VIABLE,-10.16
2229,LOS CONEJITOS,ESCUELAS,NAVOJOA,26.862222,-109.436111,Prim Aquiles Serdán de La Potable,Telefonía Rural,26.878814,-109.448692,2.227,True,CONEXION DIRECTA VIABLE,-10.16
2383,PATRIA,ESCUELAS,NAVOJOA,26.862222,-109.436111,Prim Aquiles Serdán de La Potable,Telefonía Rural,26.878814,-109.448692,2.227,True,CONEXION DIRECTA VIABLE,-10.16
3809,CENTRO DE CAPACITACIÓN EN SALUD,GOBIERNO,HERMOSILLO,29.095696,-110.950968,BMXDGR,Hacienda,29.076318,-110.957066,2.235,True,CONEXION DIRECTA VIABLE,-9.06
3345,CENTRO DE SALUD RURAL SAPOMORA,SALUD,NAVOJOA,27.047839,-109.499042,EL-SAUZ,CFE,27.068219,-109.501556,2.28,True,CONEXION DIRECTA VIABLE,-9.3
2387,HEROES DE MEXICO,ESCUELAS,NAVOJOA,27.053573,-109.428289,Universidad de Sonora Módulo Navajoa,CFE,27.074073,-109.429392,2.282,True,CONEXION DIRECTA VIABLE,-10.22
3794,DIRECCIÓN GENERAL DE SERVICIOS DE SALUD A LA PERSONA,GOBIERNO,HERMOSILLO,29.083141,-110.997199,SSP ESPEJO,Contraloría,29.091529,-110.975496,2.306,True,CONEXION DIRECTA VIABLE,-8.39
3795,LABORATORIO ESTATAL SALUD PÚBLICA,GOBIERNO,HERMOSILLO,29.083638,-110.997535,SSP ESPEJO,Contraloría,29.091529,-110.975496,2.314,True,CONEXION DIRECTA VIABLE,-8.17
3347,CENTRO DE SALUD RURAL LOS BUAYUMS,SALUD,NAVOJOA,26.863669,-109.432598,Prim Aquiles Serdán de La Potable,Telefonía Rural,26.878814,-109.448692,2.32,True,CONEXION DIRECTA VIABLE,-7.18
3427,HOSPITAL GENERAL DE AGUA PRIETA,SALUD,AGUA PRIETA,31.319384,-109.582571,(TZ-45) Torre Subcentro C5 Agua Prieta,Seguridad,31.319139,-109.558056,2.329,True,CONEXION DIRECTA VIABLE,-10.43
3342,CENTRO DE SALUD RURAL SAN JOSE MASIACA,SALUD,NAVOJOA,26.744567,-109.24605,Centro de Salud Rural de Masiaca,Telefonía Rural,26.763306,-109.234861,2.361,True,CONEXION DIRECTA VIABLE,-8.23
3426,HOSPITAL GENERAL DEL ESTADO DE SONORA,SALUD,HERMOSILLO,29.081652,-111.003773,LUIS-ORCI,CFE,29.102933,-111.007014,2.387,True,CONEXION DIRECTA VIABLE,-6.26
3034,"CECyTE, Hermosillo ""La Manga""",ESCUELAS,HERMOSILLO,29.088347,-111.052203,(TZ-45) Centro integral PEI,Seguridad,29.094997,-111.028789,2.392,True,CONEXION DIRECTA VIABLE,-7.63
2919,BENITO JUAREZ,ESCUELAS,URES,29.439167,-110.411667,H. Ayuntamiento de Ures,Telefonía Rural,29.42809,-110.38989,2.442,True,CONEXION DIRECTA VIABLE,-10.22
2058,JOSE MARIA MORELOS,ESCUELAS,HUATABAMPO,26.406389,-109.025278,Centro de Salud Rural de Venustiano Carranza,Telefonía Rural,26.427719,-109.031198,2.444,True,CONEXION DIRECTA VIABLE,-10.21
1964,ILI CHOKKI,ESCUELAS,HUATABAMPO,26.406389,-109.025278,Centro de Salud Rural de Venustiano Carranza,Telefonía Rural,26.427719,-109.031198,2.444,True,CONEXION DIRECTA VIABLE,-10.21
2796,MARIA DEL SOCORRO REYES PARRA,ESCUELAS,BENITO JUAREZ,27.056944,-109.912778,Prim Cuauhtemoc de Aceitunas,Telefonía Rural,27.079185,-109.913514,2.474,True,CONEXION DIRECTA VIABLE,-10.64
553,NAVEGUEMOS JUNTOS,ESCUELAS,BENITO JUAREZ,27.056944,-109.912778,Prim Cuauhtemoc de Aceitunas,Telefonía Rural,27.079185,-109.913514,2.474,True,CONEXION DIRECTA VIABLE,-10.64
572,MARIANO MATAMOROS,ESCUELAS,BENITO JUAREZ,27.056944,-109.912778,Prim Cuauhtemoc de Aceitunas,Telefonía Rural,27.079185,-109.913514,2.474,True,CONEXION DIRECTA VIABLE,-10.64
514,LA BALSA,ESCUELAS,BENITO JUAREZ,27.056944,-109.912778,Prim Cuauhtemoc de Aceitunas,Telefonía Rural,27.079185,-109.913514,2.474,True,CONEXION DIRECTA VIABLE,-10.64
555,JARDIN DE NIÑOS NUEVA CREACION,ESCUELAS,BENITO JUAREZ,27.056944,-109.912778,Prim Cuauhtemoc de Aceitunas,Telefonía Rural,27.079185,-109.913514,2.474,True,CONEXION DIRECTA VIABLE,-10.64
1776,EMILIANO ZAPATA,ESCUELAS,GUAYMAS,28.139444,-110.606111,Centro de Salud de Francisco Marquez,Telefonía Rural,28.157694,-110.591389,2.49,True,CONEXION DIRECTA VIABLE,-10.24
804,NUEVA CREACION PREESCOLAR NIÑOS MIGRANTES,ESCUELAS,GUAYMAS,28.139444,-110.606111,Centro de Salud de Francisco Marquez,Telefonía Rural,28.157694,-110.591389,2.49,True,CONEXION DIRECTA VIABLE,-10.24
3540,Paredoncito,ESCUELAS,BENITO JUAREZ,27.056612,-109.912877,Prim Cuauhtemoc de Aceitunas,Telefonía Rural,27.079185,-109.913514,2.511,True,CONEXION DIRECTA VIABLE,-11.14
2056,JUAN ESCUTIA,ESCUELAS,HUATABAMPO,26.557515,-109.141059,Prim Guadalupe Victoria de Guadalupe Victoria,Telefonía Rural,26.553225,-109.114548,2.68,True,CONEXION DIRECTA VIABLE,-9.94
2060,FRANCISCO I. MADERO,ESCUELAS,HUATABAMPO,26.797222,-109.3875,Centro de Salud Rural de Yavaritos,Telefonía Rural,26.77914,-109.36883,2.734,True,CONEXION DIRECTA VIABLE,-8.17
1956,EL VENADITO,ESCUELAS,HUATABAMPO,26.797222,-109.3875,Centro de Salud Rural de Yavaritos,Telefonía Rural,26.77914,-109.36883,2.734,True,CONEXION DIRECTA VIABLE,-8.17
3423,CENTRO INTEGRAL DE SALUD MENTAL HERMOSILLO (CISAME),SALUD,HERMOSILLO,29.124917,-111.019866,LUIS-ORCI,CFE,29.102933,-111.007014,2.745,True,CONEXION DIRECTA VIABLE,-1.71
3411,CENTRO COMUNITARIO DE SALUD MENTAL Y ADICCIONES HERMOSILLO II NORTE,SALUD,HERMOSILLO,29.124873,-111.020043,LUIS-ORCI,CFE,29.102933,-111.007014,2.748,False,REQUIERE REPETIDOR O REVISION TECNICA,0.29
3824,UNEME-ENFERMEDADES CRÓNICAS HERMOSILLO,GOBIERNO,HERMOSILLO,29.124893,-111.020023,LUIS-ORCI,CFE,29.102933,-111.007014,2.749,True,CONEXION DIRECTA VIABLE,-0.71
3832,UNEME-ENFERMEDADES CRONICAS HERMOSILLO,GOBIERNO,HERMOSILLO,29.124899,-111.020044,LUIS-ORCI,CFE,29.102933,-111.007014,2.751,True,CONEXION DIRECTA VIABLE,-0.71
628,JUSTO SIERRA MENDEZ,ESCUELAS,CABORCA,30.808611,-112.683333,PLUTARCO-ELIAS-CALLES,CFE,30.804167,-112.71222,2.803,True,CONEXION DIRECTA VIABLE,-9.61
1391,JOSEFA ORTIZ DE DOMINGUEZ,ESCUELAS,GUAYMAS,28.163611,-110.563333,Centro de Salud de Francisco Marquez,Telefonía Rural,28.157694,-110.591389,2.828,True,CONEXION DIRECTA VIABLE,-10.09
3333,CENTRO DE SALUD RURAL SAN IGNACIO DE LOYOLA,SALUD,MAGDALENA,30.69555,-110.923457,(TZ-30) Torre Cereso,Seguridad,30.670322,-110.916661,2.879,True,CONEXION DIRECTA VIABLE,-10.29
2611,RAFAELA SOTELO CELAYA,ESCUELAS,PUERTO PENASCO,31.325438,-113.499276,PLANTEL PUERTO PEÑASCO,SEC,31.329356,-113.529867,2.938,True,CONEXION DIRECTA VIABLE,-7.76
3330,CENTRO DE SALUD RURAL EJ. 10 DE ABRIL,SALUD,HUATABAMPO,26.578545,-109.164113,Prim Benito Juárez de Benito Juarez,Telefonía Rural,26.60396,-109.1739,2.989,True,CONEXION DIRECTA VIABLE,-10.18
3029,"CECyTE, Esperanza",ESCUELAS,CAJEME,27.585213,-109.91917,ESPERANZA,CFE,27.56626,-109.9411,3.019,True,CONEXION DIRECTA VIABLE,-2.36
2041,LEONA VICARIO,ESCUELAS,HUATABAMPO,26.577778,-109.165,Prim Benito Juárez de Benito Juarez,Telefonía Rural,26.60396,-109.1739,3.043,True,CONEXION DIRECTA VIABLE,-8.4
1960,PRIMAVERA,ESCUELAS,HUATABAMPO,26.577778,-109.165,Prim Benito Juárez de Benito Juarez,Telefonía Rural,26.60396,-109.1739,3.043,True,CONEXION DIRECTA VIABLE,-8.4
3264,CENTRO DE SALUD RURAL SAN JOSE DE BACUM,SALUD,BACUM,27.513815,-110.141959,Prim Presidente Miguel Alemán de Ej Miguel Aleman,Telefonía Rural,27.498163,-110.115354,3.149,True,CONEXION DIRECTA VIABLE,-8.74
3341,CENTRO DE SALUD RURAL COMISARIA ROSALES,SALUD,NAVOJOA,27.129213,-109.437951,Cuarentenaria Bahuises,Telefonía Rural,27.127718,-109.469734,3.15,True,CONEXION DIRECTA VIABLE,-10.2
9,SECUNDARIA GENERAL NUM.2,ESCUELAS,AGUA PRIETA,31.329624,-109.589554,(TZ-45) Torre Subcentro C5 Agua Prieta,Seguridad,31.319139,-109.558056,3.211,True,CONEXION DIRECTA VIABLE,-10.21
3530,Rosales,ESCUELAS,NAVOJOA,27.133951,-109.437446,Cuarentenaria Bahuises,Telefonía Rural,27.127718,-109.469734,3.27,True,CONEXION DIRECTA VIABLE,-7.44
3803,CENTRO DE DESARROLLO INFANTIL SNTSA SECC. 43 (CDI),GOBIERNO,HERMOSILLO,29.12131,-110.960023,(TZ-45) Comandancia Zona Norte,Seguridad,29.110261,-110.991386,3.285,True,CONEXION DIRECTA VIABLE,-10.81
915,NUEVA CREACION PREESCOLAR NIÑOS MIGRANTES,ESCUELAS,HERMOSILLO,29.034167,-111.054167,Torre C5,Seguridad,29.063708,-111.048239,3.335,True,CONEXION DIRECTA VIABLE,-11.18
1308,LIC. ADOLFO LOPEZ MATEOS,ESCUELAS,PITIQUITO,30.687222,-112.015278,(TZ-45) Comandancia Municipal Pitiquito,Seguridad,30.678953,-112.049303,3.381,False,REQUIERE REPETIDOR O REVISION TECNICA,81.9
3291,CENTRO DE SALUD RURAL BASCONCOBE,SALUD,ETCHOJOA,26.95099,-109.671125,(TZ-45) Torre Salubridad Etchojoa,Seguridad,26.978656,-109.656283,3.41,True,CONEXION DIRECTA VIABLE,-8.37
2377,JESUS GARCIA,ESCUELAS,NAVOJOA,26.799722,-109.343056,Centro de Salud Rural de Yavaritos,Telefonía Rural,26.77914,-109.36883,3.433,True,CONEXION DIRECTA VIABLE,-6.57
2336,FRANCISCO I. MADERO,ESCUELAS,NAVOJOA,26.739444,-109.271944,Prim Indigena Sor Juana Inés de la Cruz de Huebampo,Telefonía Rural,26.708611,-109.264444,3.508,True,CONEXION DIRECTA VIABLE,-7.46
2214,U-ILI-BOO,ESCUELAS,NAVOJOA,26.739444,-109.271944,Prim Indigena Sor Juana Inés de la Cruz de Huebampo,Telefonía Rural,26.708611,-109.264444,3.508,True,CONEXION DIRECTA VIABLE,-7.46
2241,LA LLUVIA,ESCUELAS,NAVOJOA,27.260833,-109.798333,Prim Adolfo López Mateos de Ej Joaquin Amaro,Telefonía Rural,27.258411,-109.761846,3.617,True,CONEXION DIRECTA VIABLE,-7.71
1442,TELESECUNDARIA 197,ESCUELAS,GUAYMAS,28.190278,-110.588611,Centro de Salud de Francisco Marquez,Telefonía Rural,28.157694,-110.591389,3.633,True,CONEXION DIRECTA VIABLE,-6.2
2104,TELESECUNDARIA 273,ESCUELAS,HUATABAMPO,26.506389,-109.153611,MELCHOR-OCAMPO,CFE,26.535016,-109.172032,3.673,True,CONEXION DIRECTA VIABLE,-6.44
1963,MI JAKALITO,ESCUELAS,HUATABAMPO,26.506389,-109.153611,MELCHOR-OCAMPO,CFE,26.535016,-109.172032,3.673,True,CONEXION DIRECTA VIABLE,-6.44
2027,LIC. ALFREDO V BONFIL,ESCUELAS,HUATABAMPO,26.506389,-109.153611,MELCHOR-OCAMPO,CFE,26.535016,-109.172032,3.673,True,CONEXION DIRECTA VIABLE,-6.44
3542,Francisco Villa,ESCUELAS,CAJEME,27.371871,-109.81224,CARTAMO,CFE,27.401244,-109.829454,3.682,True,CONEXION DIRECTA VIABLE,-8.71
537,LEY 6 DE ENERO DE 1915,ESCUELAS,BANAMICHI,29.975736,-110.204171,BANÁMICHI,Telemax,30.007164,-110.218019,3.74,True,CONEXION DIRECTA VIABLE,-12.32
1,SILVIANA ROBLES DE ROMERO,ESCUELAS,ACONCHI,29.793333,-110.211389,ACONCHI (SITIO ALTAN),CFE,29.8262,-110.21989,3.746,True,CONEXION DIRECTA VIABLE,-5.7
911,NUEVA CREACION PREESCOLAR NIÑOS MIGRANTES,ESCUELAS,GUAYMAS,28.245833,-110.649722,GENERAL-FELIPE-ANGELES,CFE,28.27353,-110.62722,3.787,True,CONEXION DIRECTA VIABLE,-9.57
1778,VICENTE GUERRERO,ESCUELAS,GUAYMAS,28.245833,-110.649722,GENERAL-FELIPE-ANGELES,CFE,28.27353,-110.62722,3.787,True,CONEXION DIRECTA VIABLE,-9.57
1609,NUEVA CREACION SECUNDARIA NIÑOS MIGRANTES,ESCUELAS,GUAYMAS,28.245833,-110.649722,GENERAL-FELIPE-ANGELES,CFE,28.27353,-110.62722,3.787,True,CONEXION DIRECTA VIABLE,-9.57
142,ALVARO OBREGON,ESCUELAS,BAVIACORA,29.745278,-110.184167,BAVIÁCORA,Telemax,29.715211,-110.165078,3.818,True,CONEXION DIRECTA VIABLE,-7.5
1147,JOSE MARIA LEYVA CAJEME,ESCUELAS,GUAYMAS,27.641389,-110.452778,POTAM,CFE,27.625629,-110.417627,3.881,True,CONEXION DIRECTA VIABLE,-7.84
1634,GERARDO CORNEJO MURRIETA,ESCUELAS,HERMOSILLO,29.011864,-110.976269,NUEVO-HERMOSILLO,CFE,29.008651,-110.935527,3.978,False,REQUIERE REPETIDOR O REVISION TECNICA,0.88
2052,JUSTO SIERRA,ESCUELAS,HUATABAMPO,26.568369,-109.151097,Prim Guadalupe Victoria de Guadalupe Victoria,Telefonía Rural,26.553225,-109.114548,4.006,True,CONEXION DIRECTA VIABLE,-10.27
795,GENERAL MANUEL MEZA R,ESCUELAS,CUMPAS,30.032778,-109.788889,CUMPAS,Telemax,29.998067,-109.775114,4.081,True,CONEXION DIRECTA VIABLE,-4.82
1029,CARLOS CHAVEZ,ESCUELAS,CUMPAS,30.032778,-109.788889,CUMPAS,Telemax,29.998067,-109.775114,4.081,True,CONEXION DIRECTA VIABLE,-4.82
3298,CENTRO DE SALUD RURAL EL SAHUARAL,SALUD,ETCHOJOA,26.92656,-109.6647,(TZ-45) Torre Palacio Municipal  Etchojoa,Seguridad,26.911617,-109.625892,4.191,True,CONEXION DIRECTA VIABLE,-12.15
3296,CENTRO DE SALUD RURAL MOCORUA,SALUD,ETCHOJOA,26.957799,-109.731106,Prim Niños Heroes de Campo España,Telefonía Rural,26.990163,-109.708276,4.251,True,CONEXION DIRECTA VIABLE,-8.53
2805,JOSEFA ORTIZ DE DOMINGUEZ,ESCUELAS,SAN LUIS RIO COLORADO,32.412778,-114.841944,AEROPUERTO,CFE,32.44079,-114.80972,4.342,True,CONEXION DIRECTA VIABLE,-11.29
2748,AZTECA,ESCUELAS,SAN LUIS RIO COLORADO,32.412778,-114.841944,AEROPUERTO,CFE,32.44079,-114.80972,4.342,True,CONEXION DIRECTA VIABLE,-11.29
1733,TIERRA Y LIBERTAD,ESCUELAS,SAN LUIS RIO COLORADO,32.240278,-114.9875,KILOMETRO-CINCUENTA-Y-SIETE,CFE,32.20119,-114.98914,4.349,True,CONEXION DIRECTA VIABLE,-10.71
3297,CENTRO DE SALUD RURAL EL RODEO,SALUD,ETCHOJOA,27.016992,-109.642979,CENTRO DE SALUD BACOBAMPO,SEC,26.979011,-109.654255,4.369,True,CONEXION DIRECTA VIABLE,-10.14
913,NUEVA CREACION PREESCOLAR NIÑOS MIGRANTES,ESCUELAS,HERMOSILLO,29.306944,-110.920556,RESPLANDOR,CFE,29.27303,-110.94341,4.374,True,CONEXION DIRECTA VIABLE,-9.27
1898,NUEVA CREACION PRIMARIA NIÑOS MIGRANTES,ESCUELAS,HERMOSILLO,29.306944,-110.920556,RESPLANDOR,CFE,29.27303,-110.94341,4.374,True,CONEXION DIRECTA VIABLE,-9.27
2730,JARDIN DE NI¤OS NUEVA CREACION,ESCUELAS,SAN LUIS RIO COLORADO,32.412278,-114.841944,AEROPUERTO,CFE,32.44079,-114.80972,4.382,True,CONEXION DIRECTA VIABLE,-10.3
3340,CENTRO DE SALUD RURAL NACHUQUIS,SALUD,NAVOJOA,27.081137,-109.543405,EL-SAUZ,CFE,27.068219,-109.501556,4.385,True,CONEXION DIRECTA VIABLE,-8.25
2757,ESCUELA SECUNDARIA NUEVA CREACION,ESCUELAS,HERMOSILLO,29.1366,-111.0495,PUEBLITOS,CFE,29.151882,-111.006934,4.47,False,REQUIERE REPETIDOR O REVISION TECNICA,75.39
3548,Humberto Gutierrez,ESCUELAS,HERMOSILLO,29.136549,-111.049498,PUEBLITOS,CFE,29.151882,-111.006934,4.472,False,REQUIERE REPETIDOR O REVISION TECNICA,75.39
93,DIEGO RIVERA,ESCUELAS,ALAMOS,26.673889,-108.820556,TAPIZUELAS,CFE,26.66351,-108.864288,4.496,False,REQUIERE REPETIDOR O REVISION TECNICA,0.35
1771,SECUNDARIA TECNICA NUEVA CREACION,ESCUELAS,HERMOSILLO,29.12254,-111.06302,(TZ-45) Centro integral PEI,Seguridad,29.094997,-111.028789,4.521,True,CONEXION DIRECTA VIABLE,-4.99
3796,CENTRO REGULADOR DE URGENCIAS MEDICAS CRUM HERMOSILLO,GOBIERNO,HERMOSILLO,29.039216,-110.993417,CGOB,Hacienda,29.067638,-110.959266,4.583,False,REQUIERE REPETIDOR O REVISION TECNICA,8.76
2722,DOMINGO CARBALLO FELIX,ESCUELAS,SAN LUIS RIO COLORADO,32.166111,-114.961667,KILOMETRO-CINCUENTA-Y-SIETE,CFE,32.20119,-114.98914,4.68,True,CONEXION DIRECTA VIABLE,-11.15
2812,FRANCISCO CELAYA VINDIOLA,ESCUELAS,SAN LUIS RIO COLORADO,32.166111,-114.961667,KILOMETRO-CINCUENTA-Y-SIETE,CFE,32.20119,-114.98914,4.68,True,CONEXION DIRECTA VIABLE,-11.15
111,VASCO DE QUIROGA,ESCUELAS,BACOACHI,30.673333,-109.983333,BACOACHI,Telemax,30.632433,-109.968483,4.765,True,CONEXION DIRECTA VIABLE,-10.97
2626,GENERAL LAZARO CARDENAS DEL RIO,ESCUELAS,QUIRIEGO,27.478114,-109.244593,QUIRIEGO (CM),CFE,27.52065,-109.251129,4.774,True,CONEXION DIRECTA VIABLE,-17.55
3295,CENTRO DE SALUD RURAL JITONHUECA,SALUD,ETCHOJOA,27.060594,-109.604616,Prim Indigena del Mayo de Juchica,Telefonía Rural,27.083333,-109.646555,4.862,True,CONEXION DIRECTA VIABLE,-8.4
2115,MARIA DEL CARMEN GUTIERREZ PEÑUÑURI,ESCUELAS,IMURIS,30.837083,-110.834778,ÍMURIS,Radio Sonora,30.793453,-110.846086,4.97,True,CONEXION DIRECTA VIABLE,-7.61
2625,LAZARO CARDENAS DEL RIO,ESCUELAS,QUIRIEGO,27.425159,-109.219791,TEPAHUI,CFE,27.396111,-109.181111,5.001,False,REQUIERE REPETIDOR O REVISION TECNICA,4.01
2771,NARCISO MENDOZA,ESCUELAS,SAN LUIS RIO COLORADO,32.320556,-114.898056,EL-FRONTERIZO,CFE,32.275715,-114.892026,5.018,True,CONEXION DIRECTA VIABLE,-9.15
2739,PLAN DE IGUALA,ESCUELAS,SAN LUIS RIO COLORADO,32.320556,-114.898056,EL-FRONTERIZO,CFE,32.275715,-114.892026,5.018,True,CONEXION DIRECTA VIABLE,-9.15
617,JOSE SANTOS VALDEZ,ESCUELAS,CABORCA,30.745735,-112.453546,LA-ALMITA,CFE,30.705106,-112.430622,5.021,True,CONEXION DIRECTA VIABLE,-7.76
3547,Ejido Lagunitas,ESCUELAS,SAN LUIS RIO COLORADO,32.320874,-114.890009,EL-FRONTERIZO,CFE,32.275715,-114.892026,5.025,True,CONEXION DIRECTA VIABLE,-8.45
3261,CENTRO DE SALUD RURAL UNAMICHI,SALUD,BACOACHI,30.675167,-109.98591,BACOACHI,Telemax,30.632433,-109.968483,5.036,True,CONEXION DIRECTA VIABLE,-6.95
2660,22 DE FEBRERO,ESCUELAS,SAHUARIPA,28.974444,-109.1975,H. Ayuntamientode Arivechi,Telefonía Rural,28.92847,-109.18732,5.207,False,REQUIERE REPETIDOR O REVISION TECNICA,15.71
3275,CENTRO DE SALUD RURAL MORELOS 1,SALUD,CAJEME,27.278427,-109.996806,PLANTEL QUETCHEHUECA,SEC,27.26486,-109.945988,5.244,True,CONEXION DIRECTA VIABLE,-7.54
3536,San José,ESCUELAS,GUAYMAS,27.986685,-110.887397,(TZ-45) Torre Vigia Guaymas,Seguridad,27.942091,-110.904878,5.247,True,CONEXION DIRECTA VIABLE,-12.96
3299,CENTRO DE SALUD RURAL SAN PEDRO NUEVO,SALUD,ETCHOJOA,27.021327,-109.630037,CENTRO DE SALUD BACOBAMPO,SEC,26.979011,-109.654255,5.282,True,CONEXION DIRECTA VIABLE,-8.32
3292,CENTRO DE SALUD RURAL LA BOCANA,SALUD,ETCHOJOA,26.886714,-109.671392,(TZ-45) Torre Palacio Municipal  Etchojoa,Seguridad,26.911617,-109.625892,5.294,True,CONEXION DIRECTA VIABLE,-9.4
2298,GENERAL LAZARO CARDENAS,ESCUELAS,NAVOJOA,27.148611,-109.421389,Cuarentenaria Bahuises,Telefonía Rural,27.127718,-109.469734,5.318,True,CONEXION DIRECTA VIABLE,-11.21
1197,ABELARDO L. RODRIGUEZ,ESCUELAS,ETCHOJOA,27.211389,-109.730556,Prim Juan Bautista de Anza de Buaraje Viejo,Telefonía Rural,27.259221,-109.730015,5.319,True,CONEXION DIRECTA VIABLE,-8.26
1376,GENERAL GUADALUPE VICTORIA,ESCUELAS,GUAYMAS,28.204722,-110.575556,Centro de Salud de Francisco Marquez,Telefonía Rural,28.157694,-110.591389,5.455,True,CONEXION DIRECTA VIABLE,-9.0
578,CENTRO DE ATENCION MULTIPLE NUM. 32,ESCUELAS,NAVOJOA,26.841667,-109.484722,Prim Aquiles Serdán de La Potable,Telefonía Rural,26.878814,-109.448692,5.462,True,CONEXION DIRECTA VIABLE,-6.41
2827,MARTIRES DE CANANEA,ESCUELAS,SAN MIGUEL DE HORCASITAS,29.445556,-110.755556,SAN-MIGUEL-HORCASITAS-SONORA,CFE,29.487305,-110.725787,5.464,False,REQUIERE REPETIDOR O REVISION TECNICA,144.0
1272,LAZARO CARDENAS,ESCUELAS,GENERAL PLUTARCO ELIAS CALLES,31.867018,-112.791398,(TZ-45) Torre Comandancia Sonoyta,Seguridad,31.864325,-112.849472,5.493,False,REQUIERE REPETIDOR O REVISION TECNICA,15.52
2949,FRANCISCO I. MADERO,ESCUELAS,YECORA,28.330556,-109.009444,Cerro Campanero  2,Telefonía Rural,28.375794,-109.033189,5.541,False,REQUIERE REPETIDOR O REVISION TECNICA,111.58
1996,AMADO NERVO,ESCUELAS,HUATABAMPO,26.728611,-109.411667,Prim Indigena Miguel Hidalgo y Costilla de Jambiolabampo,Telefonía Rural,26.742767,-109.357417,5.613,True,CONEXION DIRECTA VIABLE,-8.43
1973,LA SIRENITA,ESCUELAS,HUATABAMPO,26.728611,-109.411667,Prim Indigena Miguel Hidalgo y Costilla de Jambiolabampo,Telefonía Rural,26.742767,-109.357417,5.613,True,CONEXION DIRECTA VIABLE,-8.43
2097,TELESECUNDARIA 168,ESCUELAS,HUATABAMPO,26.462222,-109.133056,Prim Mariano Matamoros de Ej Manuel Caudillo,Telefonía Rural,26.490564,-109.086278,5.622,False,REQUIERE REPETIDOR O REVISION TECNICA,45.0
935,NUEVA CREACION PREESCOLAR NIÑOS MIGRANTES,ESCUELAS,IMURIS,30.844058,-110.838917,ÍMURIS,Radio Sonora,30.793453,-110.846086,5.669,True,CONEXION DIRECTA VIABLE,-11.08
657,PLUTARCO ELIAS CALLES,ESCUELAS,CABORCA,30.8375,-112.820278,ULTIMO-ESFUERZO,CFE,30.79001,-112.84186,5.669,True,CONEXION DIRECTA VIABLE,-9.14
616,ELPIDIO PALACIOS RUIZ,ESCUELAS,CABORCA,30.8375,-112.820278,ULTIMO-ESFUERZO,CFE,30.79001,-112.84186,5.669,True,CONEXION DIRECTA VIABLE,-9.14
126,FRANCISCO I. MADERO,ESCUELAS,ALAMOS,26.822222,-108.971944,YOCOJIGUA,CFE,26.793755,-109.019689,5.698,False,REQUIERE REPETIDOR O REVISION TECNICA,12.75
2122,JUSTO SIERRA,ESCUELAS,IMURIS,30.745278,-110.909167,(TZ-45) Torre Palacio,Seguridad,30.7773,-110.861639,5.771,True,CONEXION DIRECTA VIABLE,-11.45
2562,TELESECUNDARIA 172,ESCUELAS,NOGALES,31.310278,-110.836111,LOS-VIRREYES,CFE,31.300917,-110.898194,5.989,False,REQUIERE REPETIDOR O REVISION TECNICA,61.81
2904,JOSE MARIA PINO SUAREZ,ESCUELAS,TUBUTAMA,30.622222,-111.419722,PUEBLO-NUEVO-OCUCA,CFE,30.573705,-111.447576,6.018,True,CONEXION DIRECTA VIABLE,-6.71
746,NUEVA CREACION PREESCOLAR NIÑOS MIGRANTES,ESCUELAS,TUBUTAMA,30.622222,-111.419722,PUEBLO-NUEVO-OCUCA,CFE,30.573705,-111.447576,6.018,True,CONEXION DIRECTA VIABLE,-6.71
3831,UNIDAD DE ATENCION INTEGRAL A LAS ADICCIONES DEL ESTADO DE SONORA (UNAIDES-OBREGON),GOBIERNO,CAJEME,27.519974,-110.000933,Hospital General de Obregón,SEC,27.4836,-109.955,6.073,True,CONEXION DIRECTA VIABLE,-8.88
1441,TELESECUNDARIA 174,ESCUELAS,GUAYMAS,28.316111,-110.588056,GENERAL-FELIPE-ANGELES,CFE,28.27353,-110.62722,6.093,True,CONEXION DIRECTA VIABLE,-8.9
1271,AÑO DE JUAREZ,ESCUELAS,GENERAL PLUTARCO ELIAS CALLES,31.903611,-112.913611,SONOITA,CFE,31.86392,-112.86829,6.147,True,CONEXION DIRECTA VIABLE,-10.22
2661,MIGUEL HIDALGO,ESCUELAS,SAHUARIPA,29.006447,-109.198999,SAHUARIPA,Telemax,29.056386,-109.233431,6.484,True,CONEXION DIRECTA VIABLE,-23.84
70,LA ESTRELLITA,ESCUELAS,ALAMOS,27.0375,-109.010556,(TZ-45) Torre Comandancia municipal Álamos,Seguridad,27.039497,-108.944858,6.511,False,REQUIERE REPETIDOR O REVISION TECNICA,36.59
3332,CENTRO DE SALUD RURAL TERRENATE,SALUD,IMURIS,30.728771,-110.921177,(TZ-30) Torre Cereso,Seguridad,30.670322,-110.916661,6.514,False,REQUIERE REPETIDOR O REVISION TECNICA,98.45
3394,CENTRO DE SALUD RURAL JECOPACO,SALUD,BENITO JUAREZ,27.199973,-109.767037,Prim Adolfo López Mateos de Ej Joaquin Amaro,Telefonía Rural,27.258411,-109.761846,6.518,True,CONEXION DIRECTA VIABLE,-9.57
153,BENITO JUAREZ,ESCUELAS,ALAMOS,26.7125,-108.901667,TAPIZUELAS,CFE,26.66351,-108.864288,6.593,True,CONEXION DIRECTA VIABLE,-5.13
1987,HUATABAMPO,ESCUELAS,HUATABAMPO,26.407778,-109.093611,Centro de Salud Rural de Venustiano Carranza,Telefonía Rural,26.427719,-109.031198,6.599,True,CONEXION DIRECTA VIABLE,-7.85
2054,LEONA VICARIO,ESCUELAS,HUATABAMPO,26.407778,-109.093611,Centro de Salud Rural de Venustiano Carranza,Telefonía Rural,26.427719,-109.031198,6.599,True,CONEXION DIRECTA VIABLE,-7.85
2099,TELESECUNDARIA 193,ESCUELAS,HUATABAMPO,26.407778,-109.093611,Centro de Salud Rural de Venustiano Carranza,Telefonía Rural,26.427719,-109.031198,6.599,True,CONEXION DIRECTA VIABLE,-7.85
1938,ILI-KARI,ESCUELAS,HUATABAMPO,26.850151,-109.707673,HOSPITAL GENERAL,SEC,26.842562,-109.641426,6.626,True,CONEXION DIRECTA VIABLE,-7.66
2007,PLANO ORIENTE,ESCUELAS,HUATABAMPO,26.850151,-109.707673,HOSPITAL GENERAL,SEC,26.842562,-109.641426,6.626,True,CONEXION DIRECTA VIABLE,-7.66
3320,CENTRO DE SALUD RURAL TTE. JUAN DE LA BARRERA,SALUD,HUATABAMPO,26.409343,-109.094911,Centro de Salud Rural de Venustiano Carranza,Telefonía Rural,26.427719,-109.031198,6.666,True,CONEXION DIRECTA VIABLE,-6.36
557,PIPILA,ESCUELAS,BENITO JUAREZ,27.198333,-109.768056,Prim Adolfo López Mateos de Ej Joaquin Amaro,Telefonía Rural,27.258411,-109.761846,6.709,True,CONEXION DIRECTA VIABLE,-10.29
573,JOSEFA ORTIZ DE DOMINGUEZ,ESCUELAS,BENITO JUAREZ,27.198333,-109.768056,Prim Adolfo López Mateos de Ej Joaquin Amaro,Telefonía Rural,27.258411,-109.761846,6.709,True,CONEXION DIRECTA VIABLE,-10.29
3406,CENTRO DE SALUD RURAL BASIROA,SALUD,ALAMOS,26.713211,-108.9068,TAPIZUELAS,CFE,26.66351,-108.864288,6.956,True,CONEXION DIRECTA VIABLE,-3.65
593,JOSE RUBEN ROMERO,ESCUELAS,CABORCA,30.791389,-112.993333,URES,CFE,30.735918,-112.958025,7.03,True,CONEXION DIRECTA VIABLE,-5.82
102,ESCUELA PRIMARIA NUEVA CREACION,ESCUELAS,ALAMOS,26.636111,-108.8,TAPIZUELAS,CFE,26.66351,-108.864288,7.078,False,REQUIERE REPETIDOR O REVISION TECNICA,2.86
2639,LA RAMADITA,ESCUELAS,ROSARIO,27.856667,-109.293611,ROSARIO,Telemax,27.850747,-109.365744,7.122,True,CONEXION DIRECTA VIABLE,-16.75
1368,GUADALUPE VICTORIA,ESCUELAS,ROSARIO,27.856667,-109.293611,ROSARIO,Telemax,27.850747,-109.365744,7.122,True,CONEXION DIRECTA VIABLE,-16.75
2363,JOSEFA ORTIZ DE DOMINGUEZ,ESCUELAS,NAVOJOA,27.269444,-109.658056,Prim Juan Bautista de Anza de Buaraje Viejo,Telefonía Rural,27.259221,-109.730015,7.203,True,CONEXION DIRECTA VIABLE,-6.86
2032,BASILIO BADILLO,ESCUELAS,HUATABAMPO,26.800278,-109.698333,HOSPITAL GENERAL,SEC,26.842562,-109.641426,7.348,True,CONEXION DIRECTA VIABLE,-5.51
2911,NETZAHUALCOYOTL,ESCUELAS,URES,29.383611,-110.447778,HEROICA-CIUDAD-DE-URES,CFE,29.42406,-110.38735,7.382,True,CONEXION DIRECTA VIABLE,-9.31
1127,EL DESPERTAR,ESCUELAS,ETCHOJOA,27.003333,-109.583889,CENTRO DE SALUD BACOBAMPO,SEC,26.979011,-109.654255,7.478,True,CONEXION DIRECTA VIABLE,-11.13
2694,8 DE MAYO,ESCUELAS,SAN IGNACIO RIO MUERTO,27.350556,-110.283056,Prim Escuadron 201 de El Polvoron,Telefonía Rural,27.370639,-110.210761,7.481,True,CONEXION DIRECTA VIABLE,-8.87
2826,GENERAL FRANCISCO CONTRERAS BALLESTEROS,ESCUELAS,SAN MIGUEL DE HORCASITAS,29.378611,-110.813889,Carrizo,Seguridad,29.345094,-110.746816,7.493,True,CONEXION DIRECTA VIABLE,-12.81
3325,CENTRO DE SALUD RURAL LAS PARRAS,SALUD,HUATABAMPO,26.838767,-109.716988,HOSPITAL GENERAL,SEC,26.842562,-109.641426,7.509,True,CONEXION DIRECTA VIABLE,-8.25
3541,Estación Corral,ESCUELAS,CAJEME,27.629908,-109.966862,ESPERANZA,CFE,27.56626,-109.9411,7.519,False,REQUIERE REPETIDOR O REVISION TECNICA,9.95
108,IGNACIO ZARAGOZA,ESCUELAS,ALAMOS,27.172778,-108.825278,LOS-TANQUES,CFE,27.21055,-108.89006,7.661,False,REQUIERE REPETIDOR O REVISION TECNICA,37.22
61,HNOS FLORES MAGON,ESCUELAS,ALAMOS,27.172778,-108.825278,LOS-TANQUES,CFE,27.21055,-108.89006,7.661,False,REQUIERE REPETIDOR O REVISION TECNICA,37.22
3321,CENTRO DE SALUD RURAL EL JUPARE,SALUD,HUATABAMPO,26.801317,-109.703444,HOSPITAL GENERAL,SEC,26.842562,-109.641426,7.675,True,CONEXION DIRECTA VIABLE,-7.45
3316,CENTRO DE SALUD RURAL EL CARO,SALUD,HUATABAMPO,26.865728,-109.714537,HOSPITAL GENERAL,SEC,26.842562,-109.641426,7.697,True,CONEXION DIRECTA VIABLE,-9.47
1079,CUITLAHUAC,ESCUELAS,EMPALME,28.009722,-110.589167,Prim Niños Heroes de Ej Junelancahui,Telefonía Rural,28.069167,-110.548444,7.724,True,CONEXION DIRECTA VIABLE,-7.72
580,TELESECUNDARIA 135,ESCUELAS,BENITO JUAREZ,27.115,-109.731667,Prim Gavino Barrera de Guaytana,Telefonía Rural,27.093839,-109.656901,7.766,True,CONEXION DIRECTA VIABLE,-9.13
558,ALFONSO REYES,ESCUELAS,BENITO JUAREZ,27.115,-109.731667,Prim Gavino Barrera de Guaytana,Telefonía Rural,27.093839,-109.656901,7.766,True,CONEXION DIRECTA VIABLE,-9.13
566,HEROES DE CHAPULTEPEC,ESCUELAS,BENITO JUAREZ,27.115,-109.731667,Prim Gavino Barrera de Guaytana,Telefonía Rural,27.093839,-109.656901,7.766,True,CONEXION DIRECTA VIABLE,-9.13
1408,LIC. ADOLFO LOPEZ MATEOS,ESCUELAS,ROSARIO,27.921111,-109.373889,CERRO ROSARIO (SITIO ALTAN),CFE,27.851119,-109.366,7.821,True,CONEXION DIRECTA VIABLE,-16.61
3311,CENTRO DE SALUD RURAL LA VICTORIA,SALUD,HERMOSILLO,29.122613,-110.891674,AUFIS,Hacienda,29.069393,-110.944628,7.842,False,REQUIERE REPETIDOR O REVISION TECNICA,78.64
3317,CENTRO DE SALUD RURAL CITAVARO,SALUD,HUATABAMPO,26.878563,-109.709672,HOSPITAL GENERAL,SEC,26.842562,-109.641426,7.865,True,CONEXION DIRECTA VIABLE,-8.33
2401,FELIPE CARRILLO PUERTO,ESCUELAS,SANTA ANA,30.598927,-111.063659,(TZ-45) Torre Unison,Seguridad,30.542247,-111.113753,7.92,True,CONEXION DIRECTA VIABLE,-0.52
3294,CENTRO DE SALUD RURAL CHUCARIT,SALUD,ETCHOJOA,27.034092,-109.585399,Prim 20 de Noviembre de Bacajaquia,Telefonía Rural,27.074443,-109.65144,7.931,True,CONEXION DIRECTA VIABLE,-11.09
1318,JOSE IGNACIO SIERRA MARTINEZ,ESCUELAS,HUATABAMPO,26.879444,-109.710833,HOSPITAL GENERAL,SEC,26.842562,-109.641426,8.014,True,CONEXION DIRECTA VIABLE,-8.09
3263,CENTRO DE SALUD RURAL 1ERO. DE MAYO (CAMPO 77),SALUD,BACUM,27.38637,-110.12109,Centro de Salud Rural de Francisco J Mina (Campo 60),Telefonía Rural,27.45816,-110.11326,8.02,True,CONEXION DIRECTA VIABLE,-9.26
876,EDMUNDO VALADES,ESCUELAS,EMPALME,27.97,-110.710833,HEROE-DE-NACOZARI,CFE,27.959147,-110.79165,8.028,True,CONEXION DIRECTA VIABLE,-9.06
3549,La Victoria,ESCUELAS,HERMOSILLO,29.124501,-110.891241,AUFIS,Hacienda,29.069393,-110.944628,8.028,False,REQUIERE REPETIDOR O REVISION TECNICA,81.59
1398,NIÑOS HEROES DE CHAPULTEPEC,ESCUELAS,GUAYMAS,27.980278,-111.126389,"Torre Comandancia San Carlos, Guaymas",Seguridad,27.949514,-111.052192,8.05,False,REQUIERE REPETIDOR O REVISION TECNICA,111.93
2905,JUSTO SIERRA,ESCUELAS,TUBUTAMA,30.6425,-111.420278,PUEBLO-NUEVO-OCUCA,CFE,30.573705,-111.447576,8.083,True,CONEXION DIRECTA VIABLE,-7.33
957,BAVUKIVARI,ESCUELAS,TUBUTAMA,30.6425,-111.420278,PUEBLO-NUEVO-OCUCA,CFE,30.573705,-111.447576,8.083,True,CONEXION DIRECTA VIABLE,-7.33
1545,LUIS GARRIDO,ESCUELAS,HERMOSILLO,28.913889,-111.334167,Torre Siete Cerros,Seguridad,28.857214,-111.386369,8.096,False,REQUIERE REPETIDOR O REVISION TECNICA,17.48
2870,MARIA DEL SOCORRO MORENO FELIX,ESCUELAS,HERMOSILLO,28.913889,-111.334167,Torre Siete Cerros,Seguridad,28.857214,-111.386369,8.096,False,REQUIERE REPETIDOR O REVISION TECNICA,17.48
1697,SOR JUANA INES DE LA CRUZ,ESCUELAS,HERMOSILLO,28.913889,-111.334167,Torre Siete Cerros,Seguridad,28.857214,-111.386369,8.096,False,REQUIERE REPETIDOR O REVISION TECNICA,17.48
880,GABRIEL RAMOS MILLAN,ESCUELAS,CAJEME,27.227222,-110.016111,PLANTEL QUETCHEHUECA,SEC,27.26486,-109.945988,8.098,True,CONEXION DIRECTA VIABLE,-6.66
645,EL DIAMANTE,ESCUELAS,CABORCA,30.845556,-112.639722,"(TZ-90) Cecytes ""Y""",Seguridad,30.805425,-112.713033,8.302,True,CONEXION DIRECTA VIABLE,-9.83
603,QUITOVAC,ESCUELAS,CABORCA,30.845556,-112.639722,"(TZ-90) Cecytes ""Y""",Seguridad,30.805425,-112.713033,8.302,True,CONEXION DIRECTA VIABLE,-9.83
1367,GENERAL MARIANO ESCOBEDO,ESCUELAS,GUAYMAS,28.348611,-110.631111,GENERAL-FELIPE-ANGELES,CFE,28.27353,-110.62722,8.357,True,CONEXION DIRECTA VIABLE,-7.87
2836,NIÑOS HEROES,ESCUELAS,SAN PEDRO DE LA CUEVA,29.213333,-109.753611,SAN PEDRO DE LA CUEVA,Telemax,29.288686,-109.743956,8.431,False,REQUIERE REPETIDOR O REVISION TECNICA,38.29
3561,"Ejido Cuauhtémoc, Campo 5",ESCUELAS,CAJEME,27.434057,-110.01975,Hospital General de Obregón,SEC,27.4836,-109.955,8.436,True,CONEXION DIRECTA VIABLE,-8.27
3270,CENTRO DE SALUD RURAL EL DIAMANTE,SALUD,CABORCA,30.845317,-112.63783,"(TZ-90) Cecytes ""Y""",Seguridad,30.805425,-112.713033,8.44,True,CONEXION DIRECTA VIABLE,-9.72
3277,CENTRO DE SALUD RURAL 31 DE OCTUBRE (CAMPO 16),SALUD,CAJEME,27.433195,-110.01939,Hospital General de Obregón,SEC,27.4836,-109.955,8.472,True,CONEXION DIRECTA VIABLE,-10.95
623,JOSE MA MORELOS,ESCUELAS,CABORCA,30.870532,-112.968483,ADOLFO-ORIBE-DE-ALVA,CFE,30.93714,-113.01164,8.474,True,CONEXION DIRECTA VIABLE,-7.47
3274,CENTRO DE SALUD RURAL CUAUHTEMOC (CAMPO 5),SALUD,CAJEME,27.433169,-110.019418,Hospital General de Obregón,SEC,27.4836,-109.955,8.476,True,CONEXION DIRECTA VIABLE,-10.95
3244,CENTRO DE SALUD RURAL EL TABELO,SALUD,ALAMOS,27.163774,-108.95879,LOS-TANQUES,CFE,27.21055,-108.89006,8.56,False,REQUIERE REPETIDOR O REVISION TECNICA,24.06
197,LIRIOS DEL DESIERTO,ESCUELAS,ALTAR,30.704722,-111.918333,ALTAR-II,CFE,30.70085,-111.82861,8.589,True,CONEXION DIRECTA VIABLE,-4.61
200,MIGUEL HIDALGO Y COSTILLA,ESCUELAS,ALTAR,30.704722,-111.918333,ALTAR-II,CFE,30.70085,-111.82861,8.589,True,CONEXION DIRECTA VIABLE,-4.61
648,INDEPENDENCIA,ESCUELAS,CABORCA,30.728056,-112.787778,ULTIMO-ESFUERZO,CFE,30.79001,-112.84186,8.612,True,CONEXION DIRECTA VIABLE,-9.1
604,ILUSION,ESCUELAS,CABORCA,30.728056,-112.787778,ULTIMO-ESFUERZO,CFE,30.79001,-112.84186,8.612,True,CONEXION DIRECTA VIABLE,-9.1
803,NUEVA CREACION PREESCOLAR NIÑOS MIGRANTES,ESCUELAS,CABORCA,30.7075,-112.340556,LA-ALMITA,CFE,30.705106,-112.430622,8.615,True,CONEXION DIRECTA VIABLE,-9.55
1628,NUEVA CREACION SECUNDARIA NIÑOS MIGRANTES,ESCUELAS,CABORCA,30.7075,-112.340556,LA-ALMITA,CFE,30.705106,-112.430622,8.615,True,CONEXION DIRECTA VIABLE,-9.55
1325,CARLOS ORTIZ RETES,ESCUELAS,GUAYMAS,28.286944,-110.714167,GENERAL-FELIPE-ANGELES,CFE,28.27353,-110.62722,8.644,True,CONEXION DIRECTA VIABLE,-9.03
3322,CENTRO DE SALUD RURAL ETCHOROPO,SALUD,HUATABAMPO,26.765663,-109.681801,ITHUA,CFE,26.820917,-109.618556,8.784,True,CONEXION DIRECTA VIABLE,-5.17
3318,CENTRO DE SALUD RURAL LA ESQUINA,SALUD,HUATABAMPO,26.8005,-109.717,HOSPITAL GENERAL,SEC,26.842562,-109.641426,8.838,True,CONEXION DIRECTA VIABLE,-5.29
59,BENITO JUAREZ,ESCUELAS,ALAMOS,27.274722,-108.836667,LOS-TANQUES,CFE,27.21055,-108.89006,8.876,False,REQUIERE REPETIDOR O REVISION TECNICA,47.57
154,ESCUADRON 201,ESCUELAS,ALAMOS,27.274722,-108.836667,LOS-TANQUES,CFE,27.21055,-108.89006,8.876,False,REQUIERE REPETIDOR O REVISION TECNICA,47.57
2647,JOSEFA ORTIZ DE DOMINGUEZ,ESCUELAS,ROSARIO,27.828056,-109.242778,CEDROS,CFE,27.76029,-109.29198,8.956,True,CONEXION DIRECTA VIABLE,-10.8
2641,LA ESTRELLITA,ESCUELAS,ROSARIO,27.828056,-109.242778,CEDROS,CFE,27.76029,-109.29198,8.956,True,CONEXION DIRECTA VIABLE,-10.8
2713,GLORIA CECILIA AYON OBREGON,ESCUELAS,SAN LUIS RIO COLORADO,32.352521,-114.922531,EL-FRONTERIZO,CFE,32.275715,-114.892026,9.009,True,CONEXION DIRECTA VIABLE,-11.15
3324,CENTRO DE SALUD RURAL MORONCARIT,SALUD,HUATABAMPO,26.739639,-109.613079,ITHUA,CFE,26.820917,-109.618556,9.054,True,CONEXION DIRECTA VIABLE,-5.21
3429,CENTRO DE SALUD RURAL VICENTE GUERRERO,SALUD,CAJEME,30.98144,-110.471184,Torre Elenita,Seguridad,31.005044,-110.379914,9.087,False,REQUIERE REPETIDOR O REVISION TECNICA,258.18
999,VICENTE GUERRERO,ESCUELAS,CANANEA,30.979722,-110.471111,Torre Elenita,Seguridad,31.005044,-110.379914,9.138,False,REQUIERE REPETIDOR O REVISION TECNICA,260.0
1076,NUEVA CREACION,ESCUELAS,EMPALME,28.142778,-110.691389,Prim Leona Vicario de Maytorena,Telefonía Rural,28.075694,-110.747167,9.25,True,CONEXION DIRECTA VIABLE,-9.9
3310,CENTRO DE SALUD RURAL SAN PEDRO EL SAUCITO,SALUD,HERMOSILLO,29.180321,-110.881247,MOLINO-DE-CAMOU,CFE,29.196339,-110.786536,9.365,True,CONEXION DIRECTA VIABLE,-6.71
1177,CARLOS PELLICER,ESCUELAS,GUAYMAS,28.2025,-110.679722,GENERAL-FELIPE-ANGELES,CFE,28.27353,-110.62722,9.425,True,CONEXION DIRECTA VIABLE,-7.72
77,ILI TETA SIARI,ESCUELAS,ALAMOS,27.113701,-108.993502,(TZ-45) Torre Comandancia municipal Álamos,Seguridad,27.039497,-108.944858,9.554,False,REQUIERE REPETIDOR O REVISION TECNICA,95.19
1199,GENERAL EMILIANO ZAPATA,ESCUELAS,ETCHOJOA,26.984722,-109.817778,Prim Lázaro Cárdenas de Mayocahui,Telefonía Rural,27.038223,-109.741627,9.607,True,CONEXION DIRECTA VIABLE,-9.29
1235,TELESECUNDARIA 157,ESCUELAS,ETCHOJOA,26.984722,-109.817778,Prim Lázaro Cárdenas de Mayocahui,Telefonía Rural,27.038223,-109.741627,9.607,True,CONEXION DIRECTA VIABLE,-9.29
1265,OASIS,ESCUELAS,GENERAL PLUTARCO ELIAS CALLES,31.825278,-112.757778,(TZ-45) Torre Comandancia Sonoyta,Seguridad,31.864325,-112.849472,9.689,False,REQUIERE REPETIDOR O REVISION TECNICA,1.48
155,LA CORREGIDORA,ESCUELAS,ALAMOS,27.075278,-109.034167,(TZ-45) Torre Comandancia municipal Álamos,Seguridad,27.039497,-108.944858,9.698,False,REQUIERE REPETIDOR O REVISION TECNICA,76.27
110,ROBERTO F ALMADA,ESCUELAS,ALAMOS,26.741667,-108.908333,TAPIZUELAS,CFE,26.66351,-108.864288,9.73,True,CONEXION DIRECTA VIABLE,-2.21
3289,CENTRO DE SALUD RURAL BACAME NUEVO,SALUD,ETCHOJOA,27.15859,-109.589848,Prim Gavino Barrera de Guaytana,Telefonía Rural,27.093839,-109.656901,9.792,True,CONEXION DIRECTA VIABLE,-10.92
3242,CENTRO DE SALUD RURAL LOS MUERTOS,SALUD,ALAMOS,26.741019,-108.91116,TAPIZUELAS,CFE,26.66351,-108.864288,9.796,True,CONEXION DIRECTA VIABLE,-5.92
2780,LAZARO CARDENAS DEL RIO,ESCUELAS,SAN LUIS RIO COLORADO,32.131944,-114.923611,KILOMETRO-CINCUENTA-Y-SIETE,CFE,32.20119,-114.98914,9.866,True,CONEXION DIRECTA VIABLE,-8.18
2130,30 DE ABRIL,ESCUELAS,SAN LUIS RIO COLORADO,32.131944,-114.923611,KILOMETRO-CINCUENTA-Y-SIETE,CFE,32.20119,-114.98914,9.866,True,CONEXION DIRECTA VIABLE,-8.18
1791,EUSEBIO FRANCISCO KINO,ESCUELAS,SAN LUIS RIO COLORADO,32.131944,-114.923611,KILOMETRO-CINCUENTA-Y-SIETE,CFE,32.20119,-114.98914,9.866,True,CONEXION DIRECTA VIABLE,-8.18
1347,GENERAL IGNACIO MORI,ESCUELAS,GUAYMAS,27.773333,-110.440556,HUIRIBIS,CFE,27.690069,-110.478103,9.969,True,CONEXION DIRECTA VIABLE,-10.16
1254,FRAY EUSEBIO FRANCISCO KINO,ESCUELAS,FRONTERAS,30.873611,-109.67,FRONTERAS,Telemax,30.894625,-109.568311,9.981,True,CONEXION DIRECTA VIABLE,-2.0
