ID_INSTITUCION,INSTITUCION,PROVEEDOR,COSTO,TORRE_CERCANA,LATITUD_TORRE,LONGITUD_TORRE,DIST_KM,LINEA_VISTA,CONEXION_MIGRACION,OBSTRUCCION_MAX_M
3563,Universidad de la Sierra,TELMEX,,Universidad de la Sierra de Moctezuma,29.823617,-109.67851,0.0,True,MIGRACION DIRECTA VIABLE,-10.17
2981,Plantel Plutarco Elías Calles (Agua Prieta),TELMEX,,PLANTEL PLUTARCO ELÍAS CALLES,31.315724,-109.555035,0.0,True,MIGRACION DIRECTA VIABLE,-10.17
3226,HOSPITAL GENERAL DE OBREGÓN,MEGACABLE,,Hospital General de Obregón,27.4836,-109.955,0.003,True,MIGRACION DIRECTA VIABLE,-10.17
1399,RICARDO MONTIJO CASTRO,TELMEX,,NACO,31.327333,-109.948686,0.003,True,MIGRACION DIRECTA VIABLE,-10.17
3660,CECAP,TELMEX,1292.24,Oficina de Telefonia Rural de Sonora (Edificio México),29.06757,-110.95845,0.004,True,MIGRACION DIRECTA VIABLE,-10.17
3604,DIRECCIÓN GENERAL DE RECAUDACIÓN,TELMEX,473.28,(TZ-45) Torre Fiscal,27.497094,-109.932206,0.005,True,MIGRACION DIRECTA VIABLE,-10.18
3500,C5I PUERTO PEÑASCO,TOTAL PLAY,,(TZ-45) Torre Subcentro C5 PP,31.333964,-113.52995,0.006,True,MIGRACION DIRECTA VIABLE,-10.17
3602,SUBSECRETARÍA DE INGRESOS,TELMEX,2404.31,BMXDGR,29.076318,-110.957066,0.007,True,MIGRACION DIRECTA VIABLE,-10.18
3428,HOSPITAL GENERAL DEL BAJO RIO MAYO,TELMEX,,HOSPITAL GENERAL,26.842562,-109.641426,0.007,True,MIGRACION DIRECTA VIABLE,-10.16
3499,C5I SAN LUIS RIO COLORADO,TOTAL PLAY,,C5 SAN LUIS RÍO COLORADO,32.456613,-114.746291,0.008,True,MIGRACION DIRECTA VIABLE,-10.17
3495,CENTRO ESTATAL DE INFORMACIÓN SOBRE SEGURIDAD PÚBLICA,TELMEX,,CESPEJO,29.091625,-110.975432,0.008,True,MIGRACION DIRECTA VIABLE,-10.17
3491,DESPACHO DEL TITULAR DE LA SECRETARÍA,TOTAL PLAY,,CESPEJO,29.091625,-110.975432,0.008,True,MIGRACION DIRECTA VIABLE,-10.17
692,TELESECUNDARIA 361,COMPUPROYECCIONES,,ULTIMO-ESFUERZO,30.79001,-112.84186,0.008,True,MIGRACION DIRECTA VIABLE,-10.17
3504,C5I NAVOJOA,TOTAL PLAY,,(TZ-45) Torre C4 nuevo,27.078953,-109.443525,0.008,True,MIGRACION DIRECTA VIABLE,-10.17
3505,C5I NOGALES,TOTAL PLAY,,C5 Nogales,31.29011,-110.951213,0.008,True,MIGRACION DIRECTA VIABLE,-10.17
3719,SEC,TELMEX,2404.31,Torre C4,27.525981,-109.930289,0.009,True,MIGRACION DIRECTA VIABLE,-10.16
3223,HOSPITAL GENERAL DEL BAJO RIO MAYO,TELMEX,,(TZ-30) Torre Hospital Gral. Huatabampo,26.842472,-109.641122,0.009,True,MIGRACION DIRECTA VIABLE,-10.18
2942,MARIA CANDELARIA CARVAJAL ACOSTA,MEGACABLE,,H. Ayuntamiento Empalme,27.957581,-110.815899,0.01,True,MIGRACION DIRECTA VIABLE,-10.17
3767,TELEFONÍA RURAL DE SONORA,TELMEX,0,H. Ayuntamiento de Sahuaripa 2,29.05637,-109.23347,0.01,True,MIGRACION DIRECTA VIABLE,-10.17
3502,C5I AGUA PRIETA,TELMEX,,(TZ-45) Torre Subcentro C5 Agua Prieta,31.319139,-109.558056,0.01,True,MIGRACION DIRECTA VIABLE,-10.17
2857,DIEGO A MORENO,TELMEX,,SANTA ANA,30.544389,-111.121275,0.01,True,MIGRACION DIRECTA VIABLE,-10.17
3760,TELEFONÍA RURAL DE SONORA,TELMEX,2404.31,Universidad de la Sierra de Moctezuma,29.823617,-109.67851,0.01,True,MIGRACION DIRECTA VIABLE,-10.17
3761,TELEFONÍA RURAL DE SONORA,TELMEX,2404.31,Universidad de la Sierra de Moctezuma,29.823617,-109.67851,0.01,True,MIGRACION DIRECTA VIABLE,-10.17
3762,TELEFONÍA RURAL DE SONORA,TELMEX,2404.31,Universidad de la Sierra de Moctezuma,29.823617,-109.67851,0.01,True,MIGRACION DIRECTA VIABLE,-10.17
3718,UNIVERSIDAD DE LA SIERRA,TELMEX,10314.38,Universidad de la Sierra de Moctezuma,29.823617,-109.67851,0.011,True,MIGRACION DIRECTA VIABLE,-10.17
3722,SEC,TELMEX,2404.31,(TZ-45) Torre C5 Cananea,30.988503,-110.263033,0.012,True,MIGRACION DIRECTA VIABLE,-10.17
3720,SEC,TELMEX,2404.31,(TZ-45) Torre Subcentro Caborca,30.727575,-112.161942,0.012,True,MIGRACION DIRECTA VIABLE,-10.17
2992,Plantel Navojoa,TOTAL PLAY,,PLANTEL NAVOJOA,27.065633,-109.449799,0.013,True,MIGRACION DIRECTA VIABLE,-10.18
3758,TELEFONÍA RURAL DE SONORA,TELMEX,2404.31,EDIFICIO SONORA,29.068424,-110.957252,0.013,True,MIGRACION DIRECTA VIABLE,-10.18
3759,TELEFONÍA RURAL DE SONORA,TELMEX,2404.31,EDIFICIO SONORA,29.068424,-110.957252,0.013,True,MIGRACION DIRECTA VIABLE,-10.18
3757,TELEFONÍA RURAL DE SONORA,TELMEX,2404.31,EDIFICIO SONORA,29.068424,-110.957252,0.013,True,MIGRACION DIRECTA VIABLE,-10.18
3616,SERVICIOS DE SALUD DE SONORA,TELMEX,688.79,Oficina de Telefonia Rural de Sonora (Edificio México),29.06757,-110.95845,0.013,True,MIGRACION DIRECTA VIABLE,-10.17
3181,CENTRO DE SALUD BACUM,TELMEX,,Centro de Salud BÁCUM,27.5551,-110.085,0.013,True,MIGRACION DIRECTA VIABLE,-10.17
2856,GENERAL SALVADOR ALVARADO,TELMEX,,SANTA ANA,30.544389,-111.121275,0.014,True,MIGRACION DIRECTA VIABLE,-10.17
3684,SECRETARIA TECNICA DE LA MESA DE SEGURIDAD,TELMEX,473.28,PALACIO,29.074614,-110.958252,0.015,True,MIGRACION DIRECTA VIABLE,-10.17
3683,COORDINACION GENERAL DEL SISTEMA ESTATAL DE COMUNICACIÓN SOCIAL,TOTAL PLAY,5209,PALACIO,29.074614,-110.958252,0.015,True,MIGRACION DIRECTA VIABLE,-10.17
3614,SUBSECRETARÍA DE INGRESOS,"GSAT COMUNICACIONES, S.A. DE C.V.",3899,BMXDGR,29.076318,-110.957066,0.015,True,MIGRACION DIRECTA VIABLE,-10.18
3723,SEC,TELMEX,2404.31,(TZ-45) Torre C5 Guaymas,27.946206,-110.934208,0.016,True,MIGRACION DIRECTA VIABLE,-10.18
3724,SEC,TELMEX,2404.31,AGENCIA FISCAL,27.082605,-109.447167,0.017,True,MIGRACION DIRECTA VIABLE,-10.18
550,TELESECUNDARIA 198,COMPUPROYECCIONES,,Telesecundaria No. 198 de Bavispe,30.478768,-108.945214,0.018,True,MIGRACION DIRECTA VIABLE,-10.16
3567,DIRECCIÓN GENERAL OPERATIVA DEL SERVICIO ESTATAL DEL EMPLEO,TELMEX,473.28,(TZ-45) Torre Fiscal,27.497094,-109.932206,0.019,True,MIGRACION DIRECTA VIABLE,-10.18
3725,SEC,TELMEX,2404.31,(TZ-30) Torre Hospital Gral. Huatabampo,26.842472,-109.641122,0.019,True,MIGRACION DIRECTA VIABLE,-10.16
3232,HOSPITAL COMUNITARIO VICAM PUEBLO,MEGACABLE,,Centro de Salud Vicam,27.647,-110.296,0.019,True,MIGRACION DIRECTA VIABLE,-10.17
3765,TELEFONÍA RURAL DE SONORA,TELMEX,2404.31,(TZ-45) Torre Fiscal,27.497094,-109.932206,0.02,True,MIGRACION DIRECTA VIABLE,-10.17
3659,DIRECCION GENERAL DE ADMINISTRACION DE RECURSOS HUMANOS,TELMEX,473.28,EDIFICIO HERMOSILLO,29.067714,-110.957194,0.021,True,MIGRACION DIRECTA VIABLE,-10.18
3658,SUBSECRETARIA DE GOBIERNO DIGITAL,TELMEX,2404.31,EDIFICIO HERMOSILLO,29.067714,-110.957194,0.021,True,MIGRACION DIRECTA VIABLE,-10.18
3721,SEC,TELMEX,2404.31,C5 Nogales,31.29011,-110.951213,0.021,True,MIGRACION DIRECTA VIABLE,-10.17
3600,DESPACHO DE LA SECRETARIA.,TELMEX,300.86,EDIFICIO SONORA,29.068424,-110.957252,0.022,True,MIGRACION DIRECTA VIABLE,-10.18
3601,DIRECCIÓN GENERAL DEL SISTEMA DE INFORMACIÓN FINANCIERA,TELMEX,2404.31,EDIFICIO HERMOSILLO,29.067714,-110.957194,0.022,True,MIGRACION DIRECTA VIABLE,-10.18
3503,C5I OBREGON,TOTAL PLAY,,Torre C4,27.525981,-109.930289,0.022,True,MIGRACION DIRECTA VIABLE,-10.15
3564,SECRETARÍA / SUBSECRETARÍA DE PROMOCIÓN DEL EMPLEO Y PRODUCTIVIDAD,TELMEX,688.79,EDIFICIO HERMOSILLO,29.067714,-110.957194,0.024,True,MIGRACION DIRECTA VIABLE,-10.18
3701,DIRECCIÓN GENERAL DE INFORMÁTICA,TELMEX,2404.31,EDIFICIO HERMOSILLO,29.067714,-110.957194,0.024,True,MIGRACION DIRECTA VIABLE,-10.15
2987,Plantel Obregon II,TOTAL PLAY,,PLANTEL OBREGÓN II,27.44299,-109.924923,0.025,True,MIGRACION DIRECTA VIABLE,-10.17
3661,DESARROLLO ORGANIZACIONAL,TELMEX,559.48,CGOB,29.067638,-110.959266,0.028,True,MIGRACION DIRECTA VIABLE,-10.16
1377,JESUS GARCIA,COMPUPROYECCIONES,,LA-MISA,28.37488,-110.53142,0.03,True,MIGRACION DIRECTA VIABLE,-10.17
1435,TELESECUNDARIA 2,COMPUPROYECCIONES,,LA-MISA,28.37488,-110.53142,0.03,True,MIGRACION DIRECTA VIABLE,-10.17
3593,DIRECCIÓN GENERAL DE REGISTRO CIVIL,TELMEX,343.97,VSERIS,29.064011,-110.955496,0.03,True,MIGRACION DIRECTA VIABLE,-10.17
2655,TELESECUNDARIA 240,COMPUPROYECCIONES,,CUBA,28.04432,-109.27945,0.03,True,MIGRACION DIRECTA VIABLE,-10.18
3596,DESPACHO DEL SECRETARIO.,TELMEX,4420.55,EDIFICIO SONORA,29.068424,-110.957252,0.031,True,MIGRACION DIRECTA VIABLE,-10.19
3574,SECRETARIA EJECUTIVA DEL SISTEMA ESTATAL DE PROTECCION INTEGRAL,TELMEX,473.28,EDIFICIO SONORA,29.068424,-110.957252,0.031,True,MIGRACION DIRECTA VIABLE,-10.17
3575,COMISION DE BUSQUEDA DE PERSONAS PARA EL ESTADO DE SONORA,TELMEX,892.73,EDIFICIO SONORA,29.068424,-110.957252,0.031,True,MIGRACION DIRECTA VIABLE,-10.17
3672,DESPACHO DEL CONSEJERO,TELMEX,688.79,EDIFICIO SONORA,29.068424,-110.957252,0.033,True,MIGRACION DIRECTA VIABLE,-10.18
213,GABINO BARREDA,TELMEX,,H. Ayuntamientode Arivechi,28.92847,-109.18732,0.033,True,MIGRACION DIRECTA VIABLE,-10.18
2991,Plantel San Ignacio Rio Muerto,TELMEX,,PLANTEL SAN IGNACIO RÍO MUERTO,27.408922,-110.231422,0.034,True,MIGRACION DIRECTA VIABLE,-9.37
2989,Plantel Quetchehueca,TELMEX,,PLANTEL QUETCHEHUECA,27.26486,-109.945988,0.035,True,MIGRACION DIRECTA VIABLE,-10.17
3682,OFICINA DEL EJECUTIVO ESTATAL,TELMEX,5751.15,Oficina de Telefonia Rural de Sonora (Edificio México),29.06757,-110.95845,0.036,True,MIGRACION DIRECTA VIABLE,-10.2
3664,COMISIÓN DE VIVIENDA DEL ESTADO DE SONORA,TELMEX,2404.31,EDIFICIO SONORA,29.068424,-110.957252,0.038,True,MIGRACION DIRECTA VIABLE,-10.18
2973,Plantel San Luis Rio Colorado,TOTAL PLAY,,PLANTEL SAN LUIS RÍO COLORADO,32.451722,-114.751234,0.039,True,MIGRACION DIRECTA VIABLE,-10.16
2994,Plantel Etchojoa,TELMEX,,PLANTEL ETCHOJOA,26.908076,-109.622712,0.039,True,MIGRACION DIRECTA VIABLE,-10.15
848,NIÑOS HEROES,INDEX,,Prim Niños Heroes de Sonora Progresista,27.262144,-109.909184,0.04,True,MIGRACION DIRECTA VIABLE,-10.15
2985,Plantel Lic. Alberto Flores Urbina (Obregon I),TOTAL PLAY,,PLANTEL OBREGÓN I,27.477614,-109.928985,0.041,True,MIGRACION DIRECTA VIABLE,-10.17
3436,CLÍNICA HOSPITAL NOGALES,TOTAL PLAY,,(TZ-60) Torre Isssteson,31.298342,-110.9137,0.042,True,MIGRACION DIRECTA VIABLE,-10.18
3692,ISSSTESON,TOTAL PLAY,5735,(TZ-60) Torre Isssteson,31.298342,-110.9137,0.042,True,MIGRACION DIRECTA VIABLE,-10.18
3657,SUBSECRETARIA DE RECURSOS MATERIALES Y SERVICIOS,TELMEX,688.79,Oficina de Telefonia Rural de Sonora (Edificio México),29.06757,-110.95845,0.042,True,MIGRACION DIRECTA VIABLE,-10.2
3715,INSTITUTO SONORENSE DE CULTURA,TELMEX,473.28,COMUNICACIÓN SOCIAL,29.074473,-110.958499,0.044,True,MIGRACION DIRECTA VIABLE,-10.16
3453,MÓDULO EMPALME,TELMEX,,H. Ayuntamiento Empalme,27.957581,-110.815899,0.044,True,MIGRACION DIRECTA VIABLE,-10.18
2990,Plantel Pueblo Yaqui,TELMEX,,PLANTEL PUEBLO YAQUI,27.352328,-110.038082,0.045,True,MIGRACION DIRECTA VIABLE,-10.17
2415,TELESECUNDARIA 1,COMPUPROYECCIONES,,Centro de Salud Rural de Fundicion,27.33064,-109.73827,0.045,True,MIGRACION DIRECTA VIABLE,-10.17
3573,DIRECCIÓN GENERAL DE NOTARIAS,TELMEX,688.79,EDIFICIO HERMOSILLO,29.067714,-110.957194,0.048,True,MIGRACION DIRECTA VIABLE,-10.13
3764,TELEFONÍA RURAL DE SONORA,TELMEX,2404.31,H. Ayuntamiento de Ures,29.42809,-110.38989,0.048,True,MIGRACION DIRECTA VIABLE,-10.18
3763,TELEFONÍA RURAL DE SONORA,TELMEX,2404.31,H. Ayuntamiento de Ures,29.42809,-110.38989,0.048,True,MIGRACION DIRECTA VIABLE,-10.18
3577,DIRECCIÓN GENERAL DE REGISTRO CIVIL,TELMEX,688.79,EDIFICIO HERMOSILLO,29.067714,-110.957194,0.049,True,MIGRACION DIRECTA VIABLE,-10.18
2980,Plantel Eusebio Fco. Kino (Magdalena),TELMEX,,PLANTEL EUSEBIO FRANCISCO KINO,30.624109,-110.973259,0.05,True,MIGRACION DIRECTA VIABLE,-10.18
2173,ENRIQUE WOOLFOLK,TELMEX,,MAGDALENA,30.6298,-110.96689,0.051,True,MIGRACION DIRECTA VIABLE,-10.15
1169,GABINO BARREDA,INDEX,,Prim Gavino Barrera de Guaytana,27.093839,-109.656901,0.051,True,MIGRACION DIRECTA VIABLE,-10.17
3597,DIRECCIÓN GENERAL DE DESARROLLO AGRÍCOLA,TELMEX,4492.61,EDIFICIO SONORA,29.068424,-110.957252,0.053,True,MIGRACION DIRECTA VIABLE,-10.18
3598,DIR. GRAL. DE PLAN. ADMIN. Y EVALUACION.,TELMEX,688.79,EDIFICIO SONORA,29.068424,-110.957252,0.053,True,MIGRACION DIRECTA VIABLE,-10.18
3497,C5I HERMOSILLO,TELMEX,,C5 Hermosillo,29.06376,-111.048102,0.053,True,MIGRACION DIRECTA VIABLE,-11.06
2790,RAUL RIVERA COTA,TELMEX,,SANTA CRUZ,31.237444,-110.595678,0.054,True,MIGRACION DIRECTA VIABLE,-10.15
1445,FUNDACION ESPOSOS RODRIGUEZ,TELMEX,,TECNOLOGICO,31.33035,-109.522935,0.056,True,MIGRACION DIRECTA VIABLE,-10.18
3675,DEFENSORÍA PÚBLICA,TELMEX,688.79,PALACIOGOB,29.074897,-110.958084,0.056,True,MIGRACION DIRECTA VIABLE,-10.18
3674,DEFENSORÍA PÚBLICA,TELMEX,688.79,PALACIOGOB,29.074897,-110.958084,0.056,True,MIGRACION DIRECTA VIABLE,-10.18
3676,DEFENSORÍA PÚBLICA,TELMEX,688.79,PALACIOGOB,29.074897,-110.958084,0.056,True,MIGRACION DIRECTA VIABLE,-10.18
3673,DEFENSORÍA PÚBLICA,TELMEX,688.79,PALACIOGOB,29.074897,-110.958084,0.056,True,MIGRACION DIRECTA VIABLE,-10.18
3677,DEFENSORÍA PÚBLICA,TELMEX,688.79,PALACIOGOB,29.074897,-110.958084,0.056,True,MIGRACION DIRECTA VIABLE,-10.18
3612,DIRECCIÓN GENERAL DE RECAUDACIÓN,"GSAT COMUNICACIONES, S.A. DE C.V.",4429,H. Ayuntamiento de Sahuaripa 2,29.05637,-109.23347,0.058,True,MIGRACION DIRECTA VIABLE,-10.15
2879,TELESECUNDARIA 54,COMPUPROYECCIONES,,SASABE,31.47169,-111.54471,0.059,True,MIGRACION DIRECTA VIABLE,-10.15
2704,TELESECUNDARIA 122,COMPUPROYECCIONES,,Prim Plan de Ayala de Ej Singapur,27.443028,-110.234133,0.059,True,MIGRACION DIRECTA VIABLE,-10.06
2691,PLAN DE AYALA,INDEX,,Prim Plan de Ayala de Ej Singapur,27.443028,-110.234133,0.059,True,MIGRACION DIRECTA VIABLE,-10.06
589,MIGUEL HIDALGO Y COSTILLA,TELMEX,,BENJAMÍN HILL,30.167956,-111.117789,0.059,True,MIGRACION DIRECTA VIABLE,-10.15
3576,CONSEJO ESTATAL DE POBLACIÓN,TELMEX,473.28,EDIFICIO SONORA,29.068424,-110.957252,0.059,True,MIGRACION DIRECTA VIABLE,-8.61
3766,TELEFONÍA RURAL DE SONORA,TELMEX,2404.31,Torre C4,27.525981,-109.930289,0.06,True,MIGRACION DIRECTA VIABLE,-9.92
2930,TELESECUNDARIA 268,COMPUPROYECCIONES,,Prim Benito Juárez de Puerta del Sol,29.461111,-110.275556,0.062,True,MIGRACION DIRECTA VIABLE,-10.18
2976,Plantel Caborca,TELMEX,,PLANTEL CABORCA,30.724127,-112.162188,0.062,True,MIGRACION DIRECTA VIABLE,-10.15
1865,FORD 142 NUM. 1,MEGACABLE,,PLANTEL NUEVO HERMOSILLO,29.012217,-110.928308,0.062,True,MIGRACION DIRECTA VIABLE,-9.81
3568,SUBSECRETARÍA DEL TRABAJO,TELMEX,343.97,Oficina de Telefonia Rural de Sonora (Edificio México),29.06757,-110.95845,0.064,True,MIGRACION DIRECTA VIABLE,-10.21
3565,SUBSECRETARÍA DE PROMOCIÓN DEL EMPLEO Y PRODUCTIVIDAD,TELMEX,473.28,Oficina de Telefonia Rural de Sonora (Edificio México),29.06757,-110.95845,0.064,True,MIGRACION DIRECTA VIABLE,-10.21
491,TELESECUNDARIA 208,COMPUPROYECCIONES,,BACANORA,28.977583,-109.399342,0.066,True,MIGRACION DIRECTA VIABLE,-10.19
3450,MÓDULO CENTRO DE GOBIERNO,TELMEX,,Oficina de Telefonia Rural de Sonora (Edificio México),29.06757,-110.95845,0.067,True,MIGRACION DIRECTA VIABLE,-10.21
2671,TELESECUNDARIA 221,COMPUPROYECCIONES,,Comisaria del Valle Tacupeto,28.79736,-109.16551,0.068,True,MIGRACION DIRECTA VIABLE,-10.15
3689,ISSSTESON,TOTAL PLAY,6668,BMXDGR,29.076318,-110.957066,0.068,True,MIGRACION DIRECTA VIABLE,-10.17
3484,ITAMA - CTE NAVOJOA,TELMEX,,AGENCIA FISCAL,27.082605,-109.447167,0.069,True,MIGRACION DIRECTA VIABLE,-10.19
1297,ELI BAISE EBOLI,RED SEC,,POTAM,27.625629,-110.417627,0.07,True,MIGRACION DIRECTA VIABLE,-10.16
3459,MÓDULO MAGDALENA,TELMEX,,MAGDALENA,30.6298,-110.96689,0.07,True,MIGRACION DIRECTA VIABLE,-10.15
3656,SERVICIOS DE SALUD DE SONORA,TOTAL PLAY,9531,EDIFICIO HERMOSILLO,29.067714,-110.957194,0.071,True,MIGRACION DIRECTA VIABLE,-10.21
3009,"EMSaD, Suaqui Grande",COMPUPROYECCIONES,,SUAQUI GRANDE,28.394783,-109.891928,0.071,True,MIGRACION DIRECTA VIABLE,-10.15
1839,PROF. ROSALIO E MORENO,MEGACABLE,,EDIFICIO HERMOSILLO,29.067714,-110.957194,0.072,True,MIGRACION DIRECTA VIABLE,-10.19
3474,MÓDULO URES,TELMEX,,H. Ayuntamiento de Ures,29.42809,-110.38989,0.072,True,MIGRACION DIRECTA VIABLE,-10.17
2712,TELESECUNDARIA 180,COMPUPROYECCIONES,,H. Ayuntamiento de San Javier,28.59521,-109.73969,0.075,True,MIGRACION DIRECTA VIABLE,-10.15
1370,AMADO NERVO,COMPUPROYECCIONES,,GENERAL-FELIPE-ANGELES,28.27353,-110.62722,0.076,True,MIGRACION DIRECTA VIABLE,-10.01
3002,"EMSaD, Masiaca",COMPUPROYECCIONES,,Centro de Salud Rural de Masiaca,26.763306,-109.234861,0.077,True,MIGRACION DIRECTA VIABLE,-10.18
1619,ESCUELA SECUNDARIA TECNICA NUM. 61,INDEX,,Centro de Salud Rural de Masiaca,26.763306,-109.234861,0.077,True,MIGRACION DIRECTA VIABLE,-10.18
2914,EL CAMPESINO,TELMEX,,HEROICA-CIUDAD-DE-URES,29.42406,-110.38735,0.077,True,MIGRACION DIRECTA VIABLE,-10.15
1129,LOS ARBOLITOS,RED SEC,,Prim Niños Heroes de Campo España,26.990163,-109.708276,0.079,True,MIGRACION DIRECTA VIABLE,-10.18
571,JOSEFA ORTIZ DE DOMINGUEZ C JR,MEGACABLE,,(TZ-45) Torre dif villa juarez,27.128213,-109.830136,0.08,True,MIGRACION DIRECTA VIABLE,-10.17
1143,LAZARO CARDENAS DEL RIO,MEGACABLE,,(TZ-45) Torre Salubridad Etchojoa,26.978656,-109.656283,0.083,True,MIGRACION DIRECTA VIABLE,-10.18
739,TOMAS ALVA EDISON,RED SEC,,(TZ-45) Torre SSPM,27.464642,-109.928422,0.088,True,MIGRACION DIRECTA VIABLE,-10.21
2008,EMA A DE ALMADA,INDEX,,Prim Indigena Ema A de Almada de Camahuiroa,26.544278,-109.284241,0.088,True,MIGRACION DIRECTA VIABLE,-10.17
3266,CENTRO DE SALUD RURAL BAVIACORA,TELMEX,,BAVIACORA (SITIO ALTAN),29.71419,-110.16544,0.089,True,MIGRACION DIRECTA VIABLE,-10.19
3710,COMISIÓN DEL DEPORTE DEL ESTADO DE SONORA,TELMEX,473.28,CUM,29.10936,-110.993616,0.089,True,MIGRACION DIRECTA VIABLE,-10.22
1605,ESCUELA SECUNDARIA TECNICA NUM. 48,TELMEX,,PLANTEL PUEBLO YAQUI,27.352328,-110.038082,0.091,True,MIGRACION DIRECTA VIABLE,-10.18
3679,DESPACHO DEL CONSEJERO,TELMEX,688.79,PALACIOGOB,29.074897,-110.958084,0.092,True,MIGRACION DIRECTA VIABLE,-10.19
2188,BENITO JUAREZ,TELMEX,,H. Ayuntamientode Moctezuma,29.80268,-109.68059,0.092,True,MIGRACION DIRECTA VIABLE,-10.17
1246,TELESECUNDARIA 270,RED SEC,,Prim 20 de Noviembre de Bacajaquia,27.074443,-109.65144,0.093,True,MIGRACION DIRECTA VIABLE,-10.16
3218,HOSPITAL COMUNITARIO MOCTEZUMA,TELMEX,,H. Ayuntamientode Moctezuma,29.80268,-109.68059,0.093,True,MIGRACION DIRECTA VIABLE,-10.18
2075,GENERAL PLUTARCO ELIAS CALLES,TELMEX,,OPATA,31.327,-109.54715,0.094,True,MIGRACION DIRECTA VIABLE,-10.15
2669,TALAMANTE,TELMEX,,H. Ayuntamiento de Sahuaripa 2,29.05637,-109.23347,0.094,True,MIGRACION DIRECTA VIABLE,-10.12
3447,MÓDULO CAJEME,TELMEX,,(TZ-45) Torre SSPM,27.464642,-109.928422,0.097,True,MIGRACION DIRECTA VIABLE,-10.2
3697,ISSSTESON,TELMEX,559.48,(TZ-45) Torre SSPM,27.464642,-109.928422,0.097,True,MIGRACION DIRECTA VIABLE,-10.2
3182,CENTRO DE SALUD BENJAMIN HILL,TELMEX,,BENJAMÍN HILL,30.167956,-111.117789,0.097,True,MIGRACION DIRECTA VIABLE,-10.13
564,CUAUHTEMOC,INDEX,,Prim Cuauhtemoc de Aceitunas,27.079185,-109.913514,0.098,True,MIGRACION DIRECTA VIABLE,-10.17
3013,"CECyTE, Ejido 24 de Febrero",COMPUPROYECCIONES,,Cecytes de Ejido 24 Febrero,26.508286,-109.104936,0.098,True,MIGRACION DIRECTA VIABLE,-10.17
684,TELESECUNDARIA 289,COMPUPROYECCIONES,,JOSEFA-ORTIZ-DE-DOMINGUEZ,30.590797,-112.41184,0.098,True,MIGRACION DIRECTA VIABLE,-10.18
3599,SUBSECRETARIA DE GANADERIA,TELMEX,473.27,EDIFICIO HERMOSILLO,29.067714,-110.957194,0.101,True,MIGRACION DIRECTA VIABLE,-10.19
2573,TELESECUNDARIA 319,COMPUPROYECCIONES,,OQUITOA,30.7409,-111.7348,0.101,True,MIGRACION DIRECTA VIABLE,-10.23
3615,SERVICIOS DE SALUD DE SONORA,TELMEX,688.79,CGOB,29.067638,-110.959266,0.101,True,MIGRACION DIRECTA VIABLE,-8.92
2142,TELESECUNDARIA 162,COMPUPROYECCIONES,,Prim Emiliano Zapata de Cobachi,28.896944,-110.248333,0.102,True,MIGRACION DIRECTA VIABLE,-10.14
644,CAPITAN LORENZO RODRIGUEZ,TELMEX,,HEROICA-CABORCA,30.713508,-112.149922,0.104,True,MIGRACION DIRECTA VIABLE,-10.16
612,FRANCISCA VASQUEZ,RED SEC,,HEROICA-CABORCA,30.713508,-112.149922,0.104,True,MIGRACION DIRECTA VIABLE,-10.16
2139,TELESECUNDARIA 66,COMPUPROYECCIONES,,Biblioteca pública de Tecoripa,28.62378,-109.9546,0.106,True,MIGRACION DIRECTA VIABLE,-10.16
1623,BENITO JUAREZ,COMPUPROYECCIONES,,PUNTA-CHUECA,29.01624,-112.16025,0.107,True,MIGRACION DIRECTA VIABLE,-10.16
3199,CENTRO DE SALUD MIGUEL ALEMAN,TELMEX,,LA-DOCE,28.84228,-111.48905,0.108,True,MIGRACION DIRECTA VIABLE,-10.19
2367,BENITO JUAREZ,INDEX,,Prim Benito Juárez de Sinahuiza,26.910164,-109.437475,0.108,True,MIGRACION DIRECTA VIABLE,-10.18
1842,PROF. JOSE LAFONTAINE,TELMEX,,PALACIOGOB,29.074897,-110.958084,0.109,True,MIGRACION DIRECTA VIABLE,-10.17
2632,TELESECUNDARIA 17,GLOBALSAT,,TEPAHUI,27.396111,-109.181111,0.11,True,MIGRACION DIRECTA VIABLE,-10.14
568,21 DE MARZO,INDEX,,CCA de El Batevito,27.11621,-109.87359,0.11,True,MIGRACION DIRECTA VIABLE,-10.17
3222,HOSPITAL GENERAL DE GUAYMAS,TELMEX,,(TZ-60) Torre CIF Guaymas,27.919503,-110.900733,0.111,True,MIGRACION DIRECTA VIABLE,-10.18
1027,TELESECUNDARIA 81,COMPUPROYECCIONES,,CUCURPÉ,30.331072,-110.70545,0.111,True,MIGRACION DIRECTA VIABLE,-10.05
3018,"CECyTE, Navojoa",COMPUPROYECCIONES,,Prim 16 de Septiembre de Chirajobampo,26.891989,-109.398275,0.111,True,MIGRACION DIRECTA VIABLE,-10.15
3051,Plantel Nogales,TELMEX,,NOGALES-2000,31.278361,-110.945246,0.114,True,MIGRACION DIRECTA VIABLE,-9.61
1694,PROF. FERNANDO ENRIQUEZ ENRIQUEZ,RED SEC,,LA-DOCE,28.84228,-111.48905,0.115,True,MIGRACION DIRECTA VIABLE,-10.16
1362,JAIME TORRES BODET,TELMEX,,POTAM,27.625629,-110.417627,0.115,True,MIGRACION DIRECTA VIABLE,-10.16
1385,EMILIANO ZAPATA,RED SEC,,Prim Emiliano Zapata de El Castillo,27.520371,-110.183333,0.117,True,MIGRACION DIRECTA VIABLE,-10.17
1292,LA ESCUELITA,RED SEC,,Prim Emiliano Zapata de El Castillo,27.520371,-110.183333,0.117,True,MIGRACION DIRECTA VIABLE,-10.17
3633,COMISIÓN ESTATAL DE PROTECCIÓN CONTRA RIESGOS SANITARIOS ESTADO DE SONORA,TELMEX,473.28,(TZ-45) Torre Hospital General,27.483647,-109.953847,0.119,True,MIGRACION DIRECTA VIABLE,-10.18
2878,TELESECUNDARIA 53,COMPUPROYECCIONES,,SÁRIC,31.103939,-111.382436,0.12,True,MIGRACION DIRECTA VIABLE,-10.24
3492,CENTRO DE COMANDO COMUNICACIÓN COMPUTO Y COORDINACION DE INTELIGENCIA,TOTAL PLAY,,C5 Hermosillo,29.06376,-111.048102,0.121,True,MIGRACION DIRECTA VIABLE,-10.15
3455,MÓDULO GRANADOS,TELMEX,,H. Ayuntamiento de Granados,29.86225,-109.31035,0.122,True,MIGRACION DIRECTA VIABLE,-10.16
2191,GENERAL IGNACIO ZARAGOZA,TELMEX,,(TZ-45)Torre seguridad publica Naco,31.331072,-109.9482,0.123,True,MIGRACION DIRECTA VIABLE,-10.18
2131,RAFAEL JIMENEZ CASTRO,TELMEX,,(TZ-45) Torre Palacio,30.7773,-110.861639,0.126,True,MIGRACION DIRECTA VIABLE,-9.61
951,FRANCISCO MIRANDA MONTAÑO,MEGACABLE,,PLANTEL OBREGÓN II,27.44299,-109.924923,0.127,True,MIGRACION DIRECTA VIABLE,-10.19
3041,Plantel Agua Prieta,TELMEX,,(T5-35) Sin Nombre Especificado,31.311738,-109.534488,0.127,True,MIGRACION DIRECTA VIABLE,-10.16
2107,GENERAL JOSE ESTEBAN CORONADO,TELMEX,,SAHUARIPA,29.05581,-109.23689,0.127,True,MIGRACION DIRECTA VIABLE,-10.15
1924,TELESECUNDARIA 167,COMPUPROYECCIONES,,HUACHINERA,30.206972,-108.959694,0.13,True,MIGRACION DIRECTA VIABLE,-10.24
501,JARDIN DE NIÑOS NUEVA CREACION,RED SEC,,(TZ-45) Palacio Municipal BÁCUM,27.549892,-110.083075,0.136,True,MIGRACION DIRECTA VIABLE,-10.17
1082,RICARDO FLORES MAGON,TELMEX,,RADIO TEC,30.98961,-110.26602,0.139,True,MIGRACION DIRECTA VIABLE,-10.17
2668,FERNANDO A PAREDES,TELMEX,,H. Ayuntamiento de Sahuaripa 2,29.05637,-109.23347,0.139,True,MIGRACION DIRECTA VIABLE,-10.18
3200,CENTRO DE SALUD NACO,TELMEX,,JOSE-MARIA-MORELOS,31.32499,-109.94746,0.139,True,MIGRACION DIRECTA VIABLE,-10.18
2968,Plantel Hermosillo VII,TOTAL PLAY,,Oficina de Telefonia Rural de Sonora (Edificio México),29.06757,-110.95845,0.14,True,MIGRACION DIRECTA VIABLE,-10.2
3457,MÓDULO HUÉPAC,TELMEX,,HUEPAC (SITIO ALTAN),29.91147,-110.21156,0.14,True,MIGRACION DIRECTA VIABLE,-10.13
2975,Plantel Puerto Peñasco,TELMEX,,PLANTEL PUERTO PEÑASCO,31.329356,-113.529867,0.141,True,MIGRACION DIRECTA VIABLE,-10.17
3015,"CECyTE, Granados",COMPUPROYECCIONES,,GRANADOS,29.862711,-109.314637,0.142,True,MIGRACION DIRECTA VIABLE,-10.2
1174,ADOLFO LOPEZ MATEOS,TELMEX,,PLANTEL ETCHOJOA,26.908076,-109.622712,0.143,True,MIGRACION DIRECTA VIABLE,-10.13
225,TELESECUNDARIA 153,COMPUPROYECCIONES,,SINOQUIPE,30.157514,-110.245836,0.143,True,MIGRACION DIRECTA VIABLE,-9.81
898,JOSE VASCONCELOS,MEGACABLE,,ESPERANZA,27.56626,-109.9411,0.147,True,MIGRACION DIRECTA VIABLE,-10.15
1222,ALEJANDRO CARRILLO DURON,TELMEX,,HUEPAC (SITIO ALTAN),29.91147,-110.21156,0.15,True,MIGRACION DIRECTA VIABLE,-9.14
529,BENITO JUAREZ,MEGACABLE,,(TZ-45) Palacio Municipal BÁCUM,27.549892,-110.083075,0.151,True,MIGRACION DIRECTA VIABLE,-10.17
1474,MIGUEL ALEMAN VALDEZ,MEGACABLE,,LA-DOCE,28.84228,-111.48905,0.151,True,MIGRACION DIRECTA VIABLE,-10.19
3012,"CECyTE, Santa Ana",COMPUPROYECCIONES,,SANTA-ANA,30.54169,-111.12766,0.152,True,MIGRACION DIRECTA VIABLE,-10.2
2899,MIGUEL HIDALGO,TELMEX,,TRINCHERAS,30.39929,-111.5291,0.153,True,MIGRACION DIRECTA VIABLE,-10.08
2777,MIGUEL HIDALGO Y COSTILLA,TELNOR,,GOLFO-DE-SANTA-CLARA,31.687508,-114.500414,0.153,True,MIGRACION DIRECTA VIABLE,-10.17
3678,DEFENSORÍA PÚBLICA,TELMEX,688.79,(TZ-45) Torre Fiscal,27.497094,-109.932206,0.154,True,MIGRACION DIRECTA VIABLE,-10.2
2778,BENITO JUAREZ,TELNOR,,BUROCRATA,32.466578,-114.727925,0.155,True,MIGRACION DIRECTA VIABLE,-10.18
3603,SUBSECRETARÍA DE INGRESOS,TELMEX,1065.14,PALACIOGOB,29.074897,-110.958084,0.156,True,MIGRACION DIRECTA VIABLE,-10.15
2370,FRANCISCO I. MADERO,INDEX,,Prim Francisco I. Madero de Francisco I Madero,26.848784,-109.366316,0.156,True,MIGRACION DIRECTA VIABLE,-10.13
2409,CENTRO ESCOLAR TALAMANTE,MEGACABLE,,(TZ-30) Torre Agencia Fiscal Navojoa,27.082419,-109.447214,0.156,True,MIGRACION DIRECTA VIABLE,-10.2
2581,PROF. JOSE CARMELO,RED SEC,,PITIQUITO,30.67713,-112.05045,0.156,True,MIGRACION DIRECTA VIABLE,-9.58
2551,VICENTA OCARANZA NUM. 1,RED SEC,,NOGALES,31.316111,-110.945833,0.156,True,MIGRACION DIRECTA VIABLE,-10.15
2186,AUGUSTO FEDERICO FROEBEL,TELMEX,,MOCTEZUMA,29.806925,-109.679853,0.157,True,MIGRACION DIRECTA VIABLE,-9.88
3460,MÓDULO MOCTEZUMA,TELMEX,,H. Ayuntamientode Moctezuma,29.80268,-109.68059,0.158,True,MIGRACION DIRECTA VIABLE,-10.18
1225,DIONICIO BRISEÑO RODRIGUEZ,TELMEX,,PUERTO PEÑASCO,31.305833,-113.540556,0.158,True,MIGRACION DIRECTA VIABLE,-9.5
53,PROF. ARMANDO ACUNA RIVERA,TELMEX,,(T5-35) Sin Nombre Especificado,31.311738,-109.534488,0.158,True,MIGRACION DIRECTA VIABLE,-10.19
519,AQUILES SERDAN,INDEX,,Prim Aquiles Serdán de Atotonilco,27.305907,-110.172749,0.159,True,MIGRACION DIRECTA VIABLE,-10.17
544,ADELA PAZ CORDOVA,TELMEX,,BAVIÁCORA,29.715211,-110.165078,0.16,True,MIGRACION DIRECTA VIABLE,-11.13
3461,MÓDULO NACO,TELMEX,,(TZ-45)Torre seguridad publica Naco,31.331072,-109.9482,0.161,True,MIGRACION DIRECTA VIABLE,-10.15
3048,Plantel Magdalena de Kino - Ing. Armando Hopkins Durazo,TELMEX,,PLANTEL EUSEBIO FRANCISCO KINO,30.624109,-110.973259,0.161,True,MIGRACION DIRECTA VIABLE,-10.21
3714,INSTITUTO SONORENSE DE CULTURA,TELMEX,881.16,EDIFICIO HERMOSILLO,29.067714,-110.957194,0.162,True,MIGRACION DIRECTA VIABLE,-11.17
3572,DIRECCIÓN GENERAL OPERATIVA DEL SERVICIO ESTATAL DEL EMPLEO,TELMEX,473.28,(TZ-45) Torre C4 nuevo,27.078953,-109.443525,0.162,True,MIGRACION DIRECTA VIABLE,-10.21
1226,GENERAL IGNACIO ZARAGOZA,TELMEX,,(TZ-45) Torre Palacio Municipal  Etchojoa,26.911617,-109.625892,0.162,True,MIGRACION DIRECTA VIABLE,-10.19
2982,Plantel Nacozari de García,TELMEX,,NACOZARI-DE-GARCIA,30.37529,-109.68584,0.163,True,MIGRACION DIRECTA VIABLE,-10.08
2207,PROF. ALEJANDRO SOTELO BURRUEL,TELMEX,,(TZ-45) Torre CEDAE,29.070672,-110.953394,0.163,True,MIGRACION DIRECTA VIABLE,-9.76
2965,Plantel Nuevo Hermosillo,TOTAL PLAY,,PLANTEL NUEVO HERMOSILLO,29.012217,-110.928308,0.167,True,MIGRACION DIRECTA VIABLE,-10.15
3073,SUPERIOR ESTATAL DE SONORA-Unidad Academica Navojoa,MEGACABLE,,Universidad Estatal de Sonora Plantel Navojoa,27.04738,-109.452824,0.169,True,MIGRACION DIRECTA VIABLE,-10.18
3074,SUPERIOR ESTATAL DE SONORA-Unidad Academica Navojoa,MEGACABLE,,Universidad Estatal de Sonora Plantel Navojoa,27.04738,-109.452824,0.169,True,MIGRACION DIRECTA VIABLE,-10.18
3705,UNIVERSIDAD ESTATAL DE SONORA,TOTAL PLAY,2699,Universidad Estatal de Sonora Plantel Navojoa,27.04738,-109.452824,0.169,True,MIGRACION DIRECTA VIABLE,-10.18
3464,MÓDULO PUEBLO YAQUI,TELMEX,,(TZ-30) Torre Pueblo Yaqui,27.354236,-110.035575,0.169,True,MIGRACION DIRECTA VIABLE,-10.16
3699,ISSSTESON,TELMEX,559.48,(TZ-30) Torre Pueblo Yaqui,27.354236,-110.035575,0.169,True,MIGRACION DIRECTA VIABLE,-10.16
177,TELESECUNDARIA 131,COMPUPROYECCIONES,,Centro de Salud Rural 189 de El Chino,26.57152,-108.97534,0.17,True,MIGRACION DIRECTA VIABLE,-8.29
146,LIC. MIGUEL ALEMAN,INDEX,,Centro de Salud Rural 189 de El Chino,26.57152,-108.97534,0.17,True,MIGRACION DIRECTA VIABLE,-8.29
1371,FRANCISCO VILLA,MEGACABLE,,(TZ-60) Torre CIF Guaymas,27.919503,-110.900733,0.172,True,MIGRACION DIRECTA VIABLE,-10.21
3736,INSTITUTO SONORENSE DE CULTURA,TELMEX,473.28,BMXDGR,29.076318,-110.957066,0.173,True,MIGRACION DIRECTA VIABLE,-10.18
3212,CENTRO DE SALUD SAHUARO,TELMEX,,LUIS-ORCI,29.102933,-111.007014,0.173,True,MIGRACION DIRECTA VIABLE,-10.18
2116,MARIO BARCELO ABRIL,COMPUPROYECCIONES,,BACADÉHUACHI,29.808589,-109.142825,0.174,True,MIGRACION DIRECTA VIABLE,-10.12
3213,CENTRO DE SALUD CON HOSPITAL SANTA ANA,TELMEX,,(TZ-45) Sin Nombre Especificado,30.544323,-111.121223,0.175,True,MIGRACION DIRECTA VIABLE,-10.19
3570,SECRETARÍA,TELMEX,473.28,COMUNICACIÓN SOCIAL,29.074473,-110.958499,0.175,True,MIGRACION DIRECTA VIABLE,-10.2
2816,MARIA MENDOZA GOMEZ,MEGACABLE,,MEZQUITE,32.427675,-114.778164,0.176,True,MIGRACION DIRECTA VIABLE,-10.16
3708,COMISIÓN DEL DEPORTE DEL ESTADO DE SONORA,TELMEX,688.79,CUM,29.10936,-110.993616,0.176,True,MIGRACION DIRECTA VIABLE,-10.18
3454,MÓDULO ETCHOJOA,TELMEX,,(TZ-45) Torre Palacio Municipal  Etchojoa,26.911617,-109.625892,0.178,True,MIGRACION DIRECTA VIABLE,-10.19
2053,BENITO JUAREZ,INDEX,,Prim Benito Juárez de Benito Juarez,26.60396,-109.1739,0.179,True,MIGRACION DIRECTA VIABLE,-10.14
2190,LIC. BENITO JUAREZ,TELMEX,,PLANTEL PUEBLO YAQUI,27.352328,-110.038082,0.18,True,MIGRACION DIRECTA VIABLE,-10.17
3624,JUNTA DE ASISTENCIA PRIVADA,TELMEX,343.97,BMXDGR,29.076318,-110.957066,0.187,True,MIGRACION DIRECTA VIABLE,-10.2
1444,TELESECUNDARIA 287,GLOBALSAT,,TORIM,27.57877,-110.22728,0.187,True,MIGRACION DIRECTA VIABLE,-9.16
2543,BENITO JUAREZ,RED SEC,,NOGALES-SONORA,31.301719,-110.94187,0.187,True,MIGRACION DIRECTA VIABLE,-9.92
2978,Plantel Nogales II,TOTAL PLAY,,NOGALES,31.318347,-110.954427,0.189,True,MIGRACION DIRECTA VIABLE,-10.22
545,GENERAL ABELARDO L RODRIGUEZ,TELMEX,,BAVIÁCORA,29.715211,-110.165078,0.191,True,MIGRACION DIRECTA VIABLE,-10.12
2479,LOURDES CECILIA BERNAL SALAZAR,RED SEC,,RADIO-SONORA,31.27536,-110.92842,0.191,True,MIGRACION DIRECTA VIABLE,-11.92
3063,SUPERIOR TECNOLOGICA DE SAN LUIS RIO COLORADO,Telnor,,UTSLRC,32.435785,-114.715726,0.194,True,MIGRACION DIRECTA VIABLE,-10.16
1025,PROF. LUIS BURRUEL AHUMADA,TELMEX,,CARBÓ,29.685214,-110.961142,0.195,True,MIGRACION DIRECTA VIABLE,-10.17
1065,NIÑOS HEROES,COMPUPROYECCIONES,,Prim Niños Heroes de Ej Junelancahui,28.069167,-110.548444,0.196,True,MIGRACION DIRECTA VIABLE,-10.16
2866,LUIS MORENO BUSTAMANTE,TELNOR,,GOLFO-DE-SANTA-CLARA,31.687508,-114.500414,0.196,True,MIGRACION DIRECTA VIABLE,-10.16
2649,PROF. RANDOLFO LAVANDERA,TELMEX,,ROSARIO,27.840585,-109.370693,0.197,True,MIGRACION DIRECTA VIABLE,-8.61
3265,CENTRO DE SALUD RURAL BANAMICHI,TELMEX,,BANÁMICHI,30.007164,-110.218019,0.197,True,MIGRACION DIRECTA VIABLE,-10.14
3456,MÓDULO HUASABAS,TELMEX,,HUASABAS,29.90431,-109.30196,0.198,True,MIGRACION DIRECTA VIABLE,-10.18
3209,CENTRO DE SALUD PITIQUITO,TELMEX,,PITIQUITO,30.67713,-112.05045,0.199,True,MIGRACION DIRECTA VIABLE,-10.22
2900,TELESECUNDARIA 191,TELMEX,,TRINCHERAS,30.39929,-111.5291,0.199,True,MIGRACION DIRECTA VIABLE,-10.14
3695,ISSSTESON,TELMEX,559.48,PALACIOGOB,29.074897,-110.958084,0.2,True,MIGRACION DIRECTA VIABLE,-10.15
3694,ISSSTESON,TELMEX,967.36,PALACIOGOB,29.074897,-110.958084,0.2,True,MIGRACION DIRECTA VIABLE,-10.15
1361,ALEJANDRO C. IBERRI,MEGACABLE,,(TZ-60) Torre CIF Guaymas,27.919503,-110.900733,0.202,True,MIGRACION DIRECTA VIABLE,-10.16
2503,JOSE JOAQUIN FERNANDEZ DE LIZARDI,RED SEC,,NOGALES,31.318347,-110.954427,0.203,True,MIGRACION DIRECTA VIABLE,-7.86
2860,PROFR. COSME ROSAS VALENZUELA,TELMEX,,(TZ-45) Sin Nombre Especificado,30.544323,-111.121223,0.203,True,MIGRACION DIRECTA VIABLE,-10.17
2371,BENITO JUAREZ,GLOBALSAT,,(TZ-45) Sin Nombre Especificado,30.544323,-111.121223,0.203,True,MIGRACION DIRECTA VIABLE,-10.17
2858,HERMANAS VALENCIA,TELMEX,,SANTA-ANA,30.54169,-111.12766,0.205,True,MIGRACION DIRECTA VIABLE,-10.13
3569,JUNTAS DE CONCILIACIÓN Y ARBITRAJE DEL ESTADO DE SONORA,TELMEX,473.28,PALACIO,29.074614,-110.958252,0.206,True,MIGRACION DIRECTA VIABLE,-11.18
3726,UNIVERSIDAD ESTATAL DE SONORA,TOTAL PLAY,1663,(TZ-45) Torre CEDAE,29.070672,-110.953394,0.207,True,MIGRACION DIRECTA VIABLE,-10.17
3743,UNIVERSIDAD ESTATAL DE SONORA,TOTAL PLAY,6335,(TZ-45) Torre CEDAE,29.070672,-110.953394,0.207,True,MIGRACION DIRECTA VIABLE,-10.17
1024,TOMAS VALDEZ VILLEGAS,TELMEX,,PLANTEL NAVOJOA,27.065633,-109.449799,0.209,True,MIGRACION DIRECTA VIABLE,-10.21
2840,PROF. ALFONSO MARIN RETIFF,TELMEX,,SANTA ANA,30.544389,-111.121275,0.21,True,MIGRACION DIRECTA VIABLE,-10.19
54,MANUEL COSME GUERRERO LOPEZ,TELMEX,,OPATA,31.327,-109.54715,0.21,True,MIGRACION DIRECTA VIABLE,-10.18
171,TELESECUNDARIA 26,COMPUPROYECCIONES,,EL MOCÚZARI (CONICÁRIT),27.215093,-109.094535,0.211,True,MIGRACION DIRECTA VIABLE,-2.08
2044,JESUS GARCIA,INDEX,,Centro de Salud Rural de Venustiano Carranza,26.427719,-109.031198,0.213,True,MIGRACION DIRECTA VIABLE,-10.18
518,AMADO NERVO,TELMEX,,Centro de Salud Rural de Francisco J Mina (Campo 60),27.45816,-110.11326,0.218,True,MIGRACION DIRECTA VIABLE,-10.14
3688,SECRETARÍA PARTICULAR,TELMEX,1206.04,ÁLAMOS,27.021836,-108.937803,0.218,True,MIGRACION DIRECTA VIABLE,-10.29
109,BENITO JUAREZ,INDEX,,Prim Benito Juárez de 21 de Marzo,26.525942,-109.075572,0.22,True,MIGRACION DIRECTA VIABLE,-10.15
3735,INSTITUTO SONORENSE DE CULTURA,TOTAL PLAY,2688,BMXDGR,29.076318,-110.957066,0.221,True,MIGRACION DIRECTA VIABLE,-10.14
2441,CLUB ACTIVO 20 30,RED SEC,,GARITA,31.32449,-110.9528,0.223,True,MIGRACION DIRECTA VIABLE,-8.9
1415,CASA HOGAR PAZ Y BIEN,RED SEC,,(TZ-60) Torre CIF Guaymas,27.919503,-110.900733,0.223,True,MIGRACION DIRECTA VIABLE,-9.68
1411,MACRINA PATIÑO,RED SEC,,(TZ-60) Torre CIF Guaymas,27.919503,-110.900733,0.223,True,MIGRACION DIRECTA VIABLE,-9.68
2652,TELESECUNDARIA 95,COMPUPROYECCIONES,,NURI,28.11424,-109.3272,0.224,True,MIGRACION DIRECTA VIABLE,-9.63
2171,HORACIO SOBARZO,TELMEX,,PLANTEL EUSEBIO FRANCISCO KINO,30.624109,-110.973259,0.224,True,MIGRACION DIRECTA VIABLE,-10.13
1116,MI PEQUENO HOGAR,RED SEC,,Centro de Salud Rural de Buaysiacobe,27.05884,-109.68408,0.227,True,MIGRACION DIRECTA VIABLE,-10.17
3211,CENTRO DE SALUD PROGRESO NORTE,TELMEX,,(TZ-45) Comandancia el Cortijo,29.143614,-110.986272,0.23,True,MIGRACION DIRECTA VIABLE,-10.15
3458,MÓDULO IMURIS,TELMEX,,(TZ-45) Torre Palacio,30.7773,-110.861639,0.23,True,MIGRACION DIRECTA VIABLE,-10.13
2782,HIMNO NACIONAL,TELNOR,,PLANTEL SAN LUIS RÍO COLORADO,32.451722,-114.751234,0.23,True,MIGRACION DIRECTA VIABLE,-9.18
3592,DIRECCIÓN GENERAL DE REGISTRO CIVIL,TELMEX,343.97,CESPEJO,29.091625,-110.975432,0.231,True,MIGRACION DIRECTA VIABLE,-9.96
2723,PRIMERO DE JUNIO,TELNOR,,GOLFO-DE-SANTA-CLARA,31.687508,-114.500414,0.233,True,MIGRACION DIRECTA VIABLE,-10.16
1928,BENITO JUAREZ,TELMEX,,HUASABAS,29.90431,-109.30196,0.234,True,MIGRACION DIRECTA VIABLE,-10.16
2933,MARIA DE JESUS ALVARADO COMPEAN,TELMEX,,"Torre Comandancia San Carlos, Guaymas",27.949514,-111.052192,0.234,True,MIGRACION DIRECTA VIABLE,-10.17
1360,CUAUHTEMOC,TELMEX,,"Torre Comandancia San Carlos, Guaymas",27.949514,-111.052192,0.234,True,MIGRACION DIRECTA VIABLE,-10.17
506,PAULO FREIRE,RED SEC,,Prim Presidente Miguel Alemán de Ej Miguel Aleman,27.498163,-110.115354,0.235,True,MIGRACION DIRECTA VIABLE,-10.16
523,PRESIDENTE MIGUEL ALEMAN,RED SEC,,Prim Presidente Miguel Alemán de Ej Miguel Aleman,27.498163,-110.115354,0.235,True,MIGRACION DIRECTA VIABLE,-10.16
2803,ABELARDO L. RODRIGUEZ,TELNOR,,(TZ-45) Torre Agencia Fiscal SLRC,32.479336,-114.779044,0.241,True,MIGRACION DIRECTA VIABLE,-10.18
511,NARCIZO MENDOZA,MEGACABLE,,Centro de Salud Rural de Francisco J Mina (Campo 60),27.45816,-110.11326,0.243,True,MIGRACION DIRECTA VIABLE,-10.14
2065,GUADALUPE VICTORIA,INDEX,,Prim Guadalupe Victoria de Guadalupe Victoria,26.553225,-109.114548,0.245,True,MIGRACION DIRECTA VIABLE,-10.13
1091,TELESECUNDARIA 138,COMPUPROYECCIONES,,C. de Salud Rural Antonio Rosales,28.077694,-110.612917,0.246,True,MIGRACION DIRECTA VIABLE,-10.15
3627,SERVICIOS DE SALUD DE SONORA,TELMEX,559.48,CGOB,29.067638,-110.959266,0.246,True,MIGRACION DIRECTA VIABLE,-10.24
3644,DIF SONORA,TELMEX,677.22,VSERIS,29.064011,-110.955496,0.25,True,MIGRACION DIRECTA VIABLE,-10.18
3049,Plantel Nacozari,TELMEX,,NACOZARI-DE-GARCIA,30.37529,-109.68584,0.25,True,MIGRACION DIRECTA VIABLE,-10.24
2356,NIÑOS HEROES,INDEX,,Prim Niños Heroes de El Saneal,26.9128,-109.390694,0.253,True,MIGRACION DIRECTA VIABLE,-9.74
539,JOSE ANTONIO VILLA,TELMEX,,BANÁMICHI,30.007164,-110.218019,0.253,True,MIGRACION DIRECTA VIABLE,-11.13
2951,IGNACIO ZARAGOZA,TELMEX,,H. Ayuntamiento de Yécora,28.37264,-108.925702,0.254,True,MIGRACION DIRECTA VIABLE,-9.76
3685,SECRETARÍA PARTICULAR,DESIERTA PRECIO NO ACEPTABLE,2404.31,EDIFICIO SONORA,29.068424,-110.957252,0.254,True,MIGRACION DIRECTA VIABLE,-10.22
3229,HOSPITAL PSIQUIATRICO CARLOS NAVA,MEGACABLE,,(TZ-45) Torre CEDAE,29.070672,-110.953394,0.255,True,MIGRACION DIRECTA VIABLE,-9.19
2564,TELESECUNDARIA 189,COMPUPROYECCIONES,,ÓNAVAS,28.460286,-109.527903,0.258,True,MIGRACION DIRECTA VIABLE,-10.24
2289,MAYAMBO,RED SEC,,(TZ-30) Torre Agencia Fiscal Navojoa,27.082419,-109.447214,0.26,True,MIGRACION DIRECTA VIABLE,-10.18
2414,BENIGNO GARCIA GARCIA,TELMEX,,(TZ-30) Torre Agencia Fiscal Navojoa,27.082419,-109.447214,0.26,True,MIGRACION DIRECTA VIABLE,-10.18
3584,DIRECCIÓN GENERAL DE CONCERTACIÓN AGRARIA,TELMEX,688.79,COMUNICACIÓN SOCIAL,29.074473,-110.958499,0.261,True,MIGRACION DIRECTA VIABLE,-10.16
3702,RADIO SONORA,TELMEX,1912.43,BMXDGR,29.076318,-110.957066,0.261,True,MIGRACION DIRECTA VIABLE,-10.15
3704,UNIVERSIDAD ESTATAL DE SONORA,TOTAL PLAY,2699,CUM,29.10936,-110.993616,0.265,True,MIGRACION DIRECTA VIABLE,-11.21
503,RAMON LOPEZ VELARDE,MEGACABLE,,(TZ-45) Palacio Municipal BÁCUM,27.549892,-110.083075,0.265,True,MIGRACION DIRECTA VIABLE,-10.17
3749,CONSEJO ESTATAL DE CONCERTACIÓN PARA LA OBRA PÚBLICA,TELMEX,5482.52,VSERIS,29.064011,-110.955496,0.266,True,MIGRACION DIRECTA VIABLE,-10.21
1304,JUSTO SIERRA,RED SEC,,POTAM,27.625629,-110.417627,0.271,True,MIGRACION DIRECTA VIABLE,-9.3
2204,BELISARIO DOMINGUEZ,TELMEX,,NACOZARI,30.378194,-109.694961,0.272,True,MIGRACION DIRECTA VIABLE,-10.41
1688,DIEGO RIVERA,MEGACABLE,,CESPEJO,29.091625,-110.975432,0.272,True,MIGRACION DIRECTA VIABLE,-10.17
2437,PROF. LUIS BASURTO GUZMAN,TELMEX,,CRUZ-DE-OLVIDO,31.3115,-110.96042,0.272,True,MIGRACION DIRECTA VIABLE,-10.23
1095,ESCUELA SECUNDARIA TECNICA NUM. 14,COMPUPROYECCIONES,,H. Ayuntamientode Arivechi,28.92847,-109.18732,0.273,True,MIGRACION DIRECTA VIABLE,-9.86
3609,DIRECCIÓN GENERAL DE ADMINISTRACIÓN,TELMEX,473.28,COMUNICACIÓN SOCIAL,29.074473,-110.958499,0.275,True,MIGRACION DIRECTA VIABLE,-10.2
2172,JUAN FENOCHIO,TELMEX,,MAGDALENA,30.6298,-110.96689,0.275,True,MIGRACION DIRECTA VIABLE,-10.17
2577,GUADALUPE VICTORIA,COMPUPROYECCIONES,,DESEMBOQUE-DE-LOS-SERIS,29.50634,-112.39627,0.275,True,MIGRACION DIRECTA VIABLE,-10.18
2583,TELESECUNDARIA 306,COMPUPROYECCIONES,,DESEMBOQUE-DE-LOS-SERIS,29.50634,-112.39627,0.275,True,MIGRACION DIRECTA VIABLE,-10.18
2574,LOS GRILLITOS,COMPUPROYECCIONES,,DESEMBOQUE-DE-LOS-SERIS,29.50634,-112.39627,0.275,True,MIGRACION DIRECTA VIABLE,-10.18
1702,FERNANDO MONTES DE OCA,COMPUENLACES,,LUIS-ORCI,29.102933,-111.007014,0.276,True,MIGRACION DIRECTA VIABLE,-10.18
2209,BENITO JUAREZ,TELMEX,,NACOZARI-DE-GARCIA,30.37529,-109.68584,0.277,True,MIGRACION DIRECTA VIABLE,-10.13
2482,BELLA AZUCENA VEGA REYES,RED SEC,,NOGALES,31.316111,-110.945833,0.278,True,MIGRACION DIRECTA VIABLE,-10.14
2477,FRANCISCO GABILONDO SOLER,RED SEC,,NOGALES,31.316111,-110.945833,0.278,True,MIGRACION DIRECTA VIABLE,-10.14
1770,ESCUELA SECUNDARIA TECNICA NUM. 80,RED SEC,,NOGALES,31.316111,-110.945833,0.278,True,MIGRACION DIRECTA VIABLE,-10.14
2469,COLINAS DEL SOL,RED SEC,,NOGALES,31.316111,-110.945833,0.278,True,MIGRACION DIRECTA VIABLE,-10.14
2556,ANTONIO AGUILAR RENDON,RED SEC,,NOGALES,31.316111,-110.945833,0.278,True,MIGRACION DIRECTA VIABLE,-10.14
2504,JOSE DE JESUS FLORES VALVERDE,RED SEC,,NOGALES,31.316111,-110.945833,0.278,True,MIGRACION DIRECTA VIABLE,-10.14
1416,BLANCA SIRIA VALENZUELA LAGARDA,TELMEX,,MAZATAN,29.00672,-110.13476,0.279,True,MIGRACION DIRECTA VIABLE,-10.14
222,GENERAL ABELARDO L RODRIGUEZ,TELMEX,,ARIZPE,30.338364,-110.167683,0.28,True,MIGRACION DIRECTA VIABLE,-10.33
1669,EMILIANO ZAPATA,COMPUPROYECCIONES,,SAN-ARTURO,28.97997,-111.70435,0.28,True,MIGRACION DIRECTA VIABLE,-10.17
2674,GUADALUPE VICTORIA,TELMEX,,SAN FELIPE DE JESÚS,29.858456,-110.243403,0.281,True,MIGRACION DIRECTA VIABLE,-10.55
538,ADELINA LOPEZ FELIX,TELMEX,,BANÁMICHI,30.007164,-110.218019,0.282,True,MIGRACION DIRECTA VIABLE,-10.16
2701,ARTEMISA CORDOVA DE MORENO,TELMEX,,SAN PEDRO DE LA CUEVA,29.288686,-109.743956,0.282,True,MIGRACION DIRECTA VIABLE,-10.31
1232,TELESECUNDARIA 130,TELMEX,,Centro de Salud Rural de Buaysiacobe,27.05884,-109.68408,0.282,True,MIGRACION DIRECTA VIABLE,-9.88
2453,VILLA SONORA,RED SEC,,VILLA-SONORA,31.26229,-110.94593,0.283,True,MIGRACION DIRECTA VIABLE,-8.99
3712,COMISIÓN DEL DEPORTE DEL ESTADO DE SONORA,TELMEX,688.79,CUM,29.10936,-110.993616,0.286,True,MIGRACION DIRECTA VIABLE,-10.18
3663,CENDI 2,TELMEX,978.94,EDIFICIO SONORA,29.068424,-110.957252,0.286,True,MIGRACION DIRECTA VIABLE,-8.24
2595,ERNESTO LORETO HUASICA,TELMEX,,HUASABAS,29.90431,-109.30196,0.287,True,MIGRACION DIRECTA VIABLE,-9.48
3706,COMISIÓN DEL DEPORTE DEL ESTADO DE SONORA,TELMEX,8237.03,CUM,29.10936,-110.993616,0.289,True,MIGRACION DIRECTA VIABLE,-8.52
3711,COMISIÓN DEL DEPORTE DEL ESTADO DE SONORA,TELMEX,343.97,CUM,29.10936,-110.993616,0.289,True,MIGRACION DIRECTA VIABLE,-8.52
3607,DIRECCIÓN GENERAL DE RECAUDACIÓN,TELMEX,343.97,LA-DOCE,28.84228,-111.48905,0.291,True,MIGRACION DIRECTA VIABLE,-10.18
1336,EMIGDIO LOPEZ PEREZ,TELMEX,,Centro de Salud BÁCUM,27.5551,-110.085,0.291,True,MIGRACION DIRECTA VIABLE,-9.15
1852,CLUB DE LEONES 1,RED SEC,,AUFIS,29.069393,-110.944628,0.291,True,MIGRACION DIRECTA VIABLE,-11.12
2463,ALEJANDRO SILVA HURTADO,RED SEC,,NOGALES,31.316111,-110.945833,0.293,True,MIGRACION DIRECTA VIABLE,-9.96
591,HEROES DE CABORCA,RED SEC,,PLANTEL CABORCA,30.724127,-112.162188,0.293,True,MIGRACION DIRECTA VIABLE,-10.18
1334,LORENZO LOPEZ BALMACEDA,TELMEX,,PLANTEL QUETCHEHUECA,27.26486,-109.945988,0.295,True,MIGRACION DIRECTA VIABLE,-10.2
2779,PROF. GRACIANO SANCHEZ ROMO,TELNOR,,FEDERAL,32.445916,-114.767875,0.296,True,MIGRACION DIRECTA VIABLE,-10.17
1881,BERNARDO RIVERA RODRIGUEZ,MEGACABLE,,NUEVO-HERMOSILLO,29.008651,-110.935527,0.297,True,MIGRACION DIRECTA VIABLE,-10.06
949,JOSEFINA VDA DE GALVEZ NUM. 1,TELMEX,,(TZ-30) Torre Pueblo Yaqui,27.354236,-110.035575,0.3,True,MIGRACION DIRECTA VIABLE,-10.16
2141,TELESECUNDARIA 69,COMPUPROYECCIONES,,Esc Prim El Pípila de Est. Torres,28.766305,-110.769459,0.301,True,MIGRACION DIRECTA VIABLE,-10.18
3444,MÓDULO ÁLAMOS,TELMEX,,ÁLAMOS,27.021836,-108.937803,0.301,True,MIGRACION DIRECTA VIABLE,-10.4
3665,SECRETARÍA,TOTAL PLAY,9152.6,CGOB,29.067638,-110.959266,0.302,True,MIGRACION DIRECTA VIABLE,-10.23
1439,TELESECUNDARIA 126,GLOBALSAT,,Centro de Salud de Francisco Marquez,28.157694,-110.591389,0.304,True,MIGRACION DIRECTA VIABLE,-10.18
839,IGNACIO RAMIREZ,MEGACABLE,,(TZ-45) Torre SSPM,27.464642,-109.928422,0.304,True,MIGRACION DIRECTA VIABLE,-10.19
3202,CENTRO DE SALUD NAVOJOA CENTRO,TELMEX,,PLANTEL NAVOJOA,27.065633,-109.449799,0.304,True,MIGRACION DIRECTA VIABLE,-10.2
3215,CENTRO DE SALUD SONOYTA,TELMEX,,(TZ-45) Torre Comandancia Sonoyta,31.864325,-112.849472,0.305,True,MIGRACION DIRECTA VIABLE,-10.14
2675,TELESECUNDARIA 310,COMPUPROYECCIONES,,MIRADOR-SAN-FELIPE-DE-JESUS,29.86259,-110.239133,0.306,True,MIGRACION DIRECTA VIABLE,-10.2
3475,ITAMA - OFICINAS GENERALES,TELMEX,,COMUNICACIÓN SOCIAL,29.074473,-110.958499,0.307,True,MIGRACION DIRECTA VIABLE,-8.59
2127,PAULITA VERJAN,TELMEX,,ÁLAMOS,27.021836,-108.937803,0.309,True,MIGRACION DIRECTA VIABLE,-8.71
704,PROF. JOSE L GUERRA A,MEGACABLE,,Hospital General de Obregón,27.4836,-109.955,0.31,True,MIGRACION DIRECTA VIABLE,-10.17
190,TELESECUNDARIA 298,COMPUPROYECCIONES,,YOCOJIGUA,26.793755,-109.019689,0.31,True,MIGRACION DIRECTA VIABLE,-11.22
2630,TELESECUNDARIA 3,COMPUPROYECCIONES,,H. Ayuntamiento de Quiriego,27.52069,-109.251259,0.311,True,MIGRACION DIRECTA VIABLE,-9.48
3582,COMISIÓN ESTATAL PARA EL  DESARROLLO DE LOS PUEBLOS Y COMUNIDADES INDIGENAS,TELMEX,473.28,COMUNICACIÓN SOCIAL,29.074473,-110.958499,0.311,True,MIGRACION DIRECTA VIABLE,-8.82
775,PROFA. BEATRIZ ORDONEZ ACUÑA,RED SEC,,(TZ-45) Torre SSPM,27.464642,-109.928422,0.315,True,MIGRACION DIRECTA VIABLE,-9.74
1077,MARGARITA MAZA DE JUAREZ,RED SEC,,MARIANO-ABASOLO,27.965214,-110.815558,0.315,True,MIGRACION DIRECTA VIABLE,-10.13
3010,"EMSaD, San Pedro de la Cueva",COMPUPROYECCIONES,,SAN PEDRO DE LA CUEVA,29.288686,-109.743956,0.318,True,MIGRACION DIRECTA VIABLE,-9.32
3583,DIRECCIÓN GENERAL DEL BOLETÍN OFICIAL Y ARCHIVO DEL ESTADO,TELMEX,1504.55,BMXDGR,29.076318,-110.957066,0.318,True,MIGRACION DIRECTA VIABLE,-10.14
1759,LUCIO DE LA PAZ DELGADO,COMPUPROYECCIONES,,MEZQUITE,32.427675,-114.778164,0.318,True,MIGRACION DIRECTA VIABLE,-10.15
490,JOSE MA MORELOS,TELMEX,,BACANORA,28.977583,-109.399342,0.318,True,MIGRACION DIRECTA VIABLE,-10.25
2939,BENITO JUAREZ,TELMEX,,VILLA PESQUEIRA,29.118272,-109.969133,0.324,True,MIGRACION DIRECTA VIABLE,-11.15
1276,ESCUELA SECUNDARIA TECNICA NUM. 23,RED SEC,,POTAM,27.625629,-110.417627,0.325,True,MIGRACION DIRECTA VIABLE,-10.15
2546,IGNACIO W COVARRUBIAS,MEGACABLE,,NOGALES,31.316111,-110.945833,0.326,True,MIGRACION DIRECTA VIABLE,-10.17
2832,TELESECUNDARIA 60,GLOBALSAT,,SAN-MIGUEL-HORCASITAS-SONORA,29.487305,-110.725787,0.327,True,MIGRACION DIRECTA VIABLE,-10.18
3440,CENTRO INTEGRAL DE ATENCIÓN A LA SALUD SUR,TOTAL PLAY,,CGOB,29.067638,-110.959266,0.329,True,MIGRACION DIRECTA VIABLE,-6.92
2506,GUSTAVO LAMBERTO MANRIQUEZ RAMOS,RED SEC,,(TZ-60) Torre Isssteson,31.298342,-110.9137,0.329,True,MIGRACION DIRECTA VIABLE,-10.14
683,TELESECUNDARIA 204,COMPUPROYECCIONES,,LA-ALMITA,30.705106,-112.430622,0.33,True,MIGRACION DIRECTA VIABLE,-10.18
2996,"EMSaD, Santa María del Buaraje",COMPUPROYECCIONES,,Centro de Salud Rural de Sta Ma del Buaraje Nvo,27.30295,-109.80285,0.331,True,MIGRACION DIRECTA VIABLE,-10.2
2497,BELISARIO DOMINGUEZ,RED SEC,,DOMINGUEZ,31.298194,-110.927778,0.331,True,MIGRACION DIRECTA VIABLE,-10.3
666,CENTRO DE ATENCION MULTIPLE NUM. 53,MEGACABLE,,PLANTEL NAVOJOA,27.065633,-109.449799,0.333,True,MIGRACION DIRECTA VIABLE,-10.22
2072,GENERAL MIGUEL PIÑA,TELMEX,,H. Ayuntamiento de Ures,29.42809,-110.38989,0.337,True,MIGRACION DIRECTA VIABLE,-9.71
2892,BENITO JUAREZ,TELMEX,,SUAQUI GRANDE,28.394783,-109.891928,0.338,True,MIGRACION DIRECTA VIABLE,-9.34
3669,INSTITUTO SONORENSE DE LA JUVENTUD,TELMEX,5616.68,(TZ-45) Torre CEDAE,29.070672,-110.953394,0.338,True,MIGRACION DIRECTA VIABLE,-10.05
2396,JOSE EDUARDO CURLANGO LIMON,TELMEX,,(TZ-45) Torre Embarcadero,31.328367,-110.939808,0.34,True,MIGRACION DIRECTA VIABLE,-10.5
2491,MIGUEL HIDALGO,RED SEC,,(TZ-45) Torre Embarcadero,31.328367,-110.939808,0.342,True,MIGRACION DIRECTA VIABLE,-10.45
3219,HOSPITAL COMUNITARIO URES,TELMEX,,H. Ayuntamiento de Ures,29.42809,-110.38989,0.342,True,MIGRACION DIRECTA VIABLE,-10.18
1613,BASSELL IBARRA VILLEGAS,TELMEX,,(TZ-45) Torre C4 Viejo Seg Publica,27.080367,-109.462436,0.343,True,MIGRACION DIRECTA VIABLE,-9.5
3700,TELEVISORA DE HERMOSILLO SA DE CV,TELMEX,1710.75,SSP ESPEJO,29.091529,-110.975496,0.348,True,MIGRACION DIRECTA VIABLE,-9.58
1508,PROF. ALFREDO EGUIARTE FLORES,TELMEX,,SSP ESPEJO,29.091529,-110.975496,0.349,True,MIGRACION DIRECTA VIABLE,-10.16
3709,COMISIÓN DEL DEPORTE DEL ESTADO DE SONORA,TELMEX,688.79,CUM,29.10936,-110.993616,0.351,True,MIGRACION DIRECTA VIABLE,-10.22
1339,IGNACIO OSUNA OSUNA,RED SEC,,Centro de Salud Vicam,27.647,-110.296,0.352,True,MIGRACION DIRECTA VIABLE,-9.5
1713,PROF. EDUARDO W VILLA,MEGACABLE,,CESPEJO,29.091625,-110.975432,0.356,True,MIGRACION DIRECTA VIABLE,-9.82
3611,DIRECCIÓN GENERAL DE CONTABILIDAD GUBERNAMENTAL,TELMEX,688.79,(TZ-45) Centro integral PEI,29.094997,-111.028789,0.357,True,MIGRACION DIRECTA VIABLE,-10.14
1278,FILOMENO MATA,TELNOR,,(TZ-45) Torre Comandancia Sonoyta,31.864325,-112.849472,0.357,True,MIGRACION DIRECTA VIABLE,-9.64
2300,EMILIANO ZAPATA,INDEX,,Prim Indigena Emiliano Zapata /Enciclopedia de Choacalle,26.771561,-109.227606,0.358,True,MIGRACION DIRECTA VIABLE,-9.55
2182,IGNACIO TATO,TELMEX,,MAZATAN,29.00672,-110.13476,0.359,True,MIGRACION DIRECTA VIABLE,-10.16
7,TELESECUNDARIA 92,TELMEX,,ACONCHI (SITIO ALTAN),29.8262,-110.21989,0.359,True,MIGRACION DIRECTA VIABLE,-10.42
3469,MÓDULO SANTA ANA,TELMEX,,SANTA-ANA,30.54169,-111.12766,0.36,True,MIGRACION DIRECTA VIABLE,-10.13
2179,PROF. GREGORIO AHUMADA,TELMEX,,CENTRO DE SALUD BACOBAMPO,26.979011,-109.654255,0.361,True,MIGRACION DIRECTA VIABLE,-10.16
2393,SECUNDARIA ESTATAL NUM. 33,MEGACABLE,,(TZ-45) Comandancia Zona Norte,29.110261,-110.991386,0.361,True,MIGRACION DIRECTA VIABLE,-9.66
2560,PEDRO ORTIZ MONTAÑO,TELMEX,,H. Ayuntamiento de Rosario,27.840604,-109.370759,0.363,True,MIGRACION DIRECTA VIABLE,-10.0
1652,ESTADO DE OAXACA,MEGACABLE,,CESPEJO,29.091625,-110.975432,0.366,True,MIGRACION DIRECTA VIABLE,-9.97
1840,PROF. LAMBERTO HERNANDEZ,COMPUENLACES,,CESPEJO,29.091625,-110.975432,0.367,True,MIGRACION DIRECTA VIABLE,-11.14
494,BENITO JUAREZ,TELMEX,,BACERAC,30.356653,-108.927858,0.368,True,MIGRACION DIRECTA VIABLE,-10.06
3467,MÓDULO SAN IGNACIO RÍO MUERTO,TELMEX,,Campo Deportivo Mpal de San Ignacio Rio Muerto,27.409988,-110.239434,0.369,True,MIGRACION DIRECTA VIABLE,-10.13
1262,ADOLFO LOPEZ MATEOS,TELNOR,,(TZ-45) Torre Comandancia Sonoyta,31.864325,-112.849472,0.369,True,MIGRACION DIRECTA VIABLE,-10.18
2282,LEONARDO MAGAÑA ORTEGA,RED SEC,,PLANTEL NAVOJOA,27.065633,-109.449799,0.372,True,MIGRACION DIRECTA VIABLE,-10.24
2125,GENERAL LAZARO CARDENAS,TELMEX,,TV-AZTECA-IMURUS,30.788719,-110.85133,0.373,True,MIGRACION DIRECTA VIABLE,-9.08
1003,ALFONSO ATONDO GARCIA,TELMEX,,RADIO TEC,30.98961,-110.26602,0.374,True,MIGRACION DIRECTA VIABLE,-10.18
598,MUNDO FELIZ,RED SEC,,PLANTEL CABORCA,30.724127,-112.162188,0.375,True,MIGRACION DIRECTA VIABLE,-9.06
2436,PLUTARCO ELIAS CALLES,RED SEC,,NOGALES-2000,31.278361,-110.945246,0.379,True,MIGRACION DIRECTA VIABLE,-10.47
1008,ADOLFO LOPEZ MATEOS,TELMEX,,NOGALES-2000,31.278361,-110.945246,0.381,True,MIGRACION DIRECTA VIABLE,-10.44
1044,TELESECUNDARIA 76,COMPUPROYECCIONES,,DIVISADEROS,29.614828,-109.470172,0.385,True,MIGRACION DIRECTA VIABLE,-10.18
889,PRIMERO DE MAYO,MEGACABLE,,(TZ-45) Torre SSPM,27.464642,-109.928422,0.385,True,MIGRACION DIRECTA VIABLE,-10.2
2294,PROF. MANUEL TORRES LERMA,TELMEX,,PLANTEL ETCHOJOA,26.908076,-109.622712,0.385,True,MIGRACION DIRECTA VIABLE,-9.17
614,ARNULFO SANTIAGO HERNANDEZ,RED SEC,,Sitio C5 Caborca / Antenas Telemax,30.7302,-112.159,0.386,True,MIGRACION DIRECTA VIABLE,-10.85
507,FRANCISCO JAVIER MINA,MEGACABLE,,Centro de Salud Rural de Francisco J Mina (Campo 60),27.45816,-110.11326,0.387,True,MIGRACION DIRECTA VIABLE,-10.14
3438,CENTRO INTEGRAL DE ATENCIÓN A LA SALUD SUR CENTRO,TOTAL PLAY,,CESPEJO,29.091625,-110.975432,0.389,True,MIGRACION DIRECTA VIABLE,-10.13
988,EUA,MEGACABLE,,RADIO TEC,30.98961,-110.26602,0.391,True,MIGRACION DIRECTA VIABLE,-10.16
1289,YOLKO WIKIT,RED SEC,,VICAM-PUEBLO,27.58345,-110.32388,0.392,True,MIGRACION DIRECTA VIABLE,-10.17
1446,TELESECUNDARIA 331,RED SEC,,VICAM-PUEBLO,27.58345,-110.32388,0.392,True,MIGRACION DIRECTA VIABLE,-10.17
1351,JUAN MALDONADO TETABIATE,RED SEC,,VICAM-PUEBLO,27.58345,-110.32388,0.392,True,MIGRACION DIRECTA VIABLE,-10.17
2181,PROFA. ENRIQUETA URGELL,TELMEX,,UBR CARBÓ,29.68045,-110.957931,0.394,True,MIGRACION DIRECTA VIABLE,-10.18
2888,TELESECUNDARIA 50,COMPUPROYECCIONES,,Secundaria de Rebeico,28.88552,-109.75171,0.395,True,MIGRACION DIRECTA VIABLE,-10.19
928,MARIA DEL CARMEN LLANES NORIEGA,RED SEC,,PLANTEL OBREGÓN I,27.477614,-109.928985,0.395,True,MIGRACION DIRECTA VIABLE,-10.18
2109,10 DE MAYO,TELMEX,,HUEPAC (SITIO ALTAN),29.91147,-110.21156,0.397,True,MIGRACION DIRECTA VIABLE,-10.2
2511,JOSE VASCONCELOS,RED SEC,,BUENOS-AIRES,31.325194,-110.929972,0.397,True,MIGRACION DIRECTA VIABLE,-10.48
1466,HERIBERTO HUERTA LUNA,TELMEX,,LAS-LOMAS,29.051335,-110.939713,0.398,True,MIGRACION DIRECTA VIABLE,-9.62
2263,ANGEL DEL CAMPO,RED SEC,,Universidad de Sonora  Campus Navojoa,27.074257,-109.429382,0.399,True,MIGRACION DIRECTA VIABLE,-10.15
3566,JUNTAS DE CONCILIACIÓN Y ARBITRAJE DEL ESTADO DE SONORA,TELMEX,473.28,(TZ-45) Torre Fiscal,27.497094,-109.932206,0.4,True,MIGRACION DIRECTA VIABLE,-10.2
2296,PROF. GILBERTO PACHECO CASTILLO,TELMEX,,PLANTEL PUERTO PEÑASCO,31.329356,-113.529867,0.403,True,MIGRACION DIRECTA VIABLE,-10.18
2211,JESUS GARCIA,TELMEX,,NACOZARI-DE-GARCIA,30.37529,-109.68584,0.404,True,MIGRACION DIRECTA VIABLE,-2.67
2200,TELESECUNDARIA 169,COMPUPROYECCIONES,,Palacio Municipal de Nacori Chico,29.68636,-108.97802,0.406,True,MIGRACION DIRECTA VIABLE,-10.16
2493,MARGARITA MAZA DE JUAREZ,RED SEC,,CRUZ-DE-OLVIDO,31.3115,-110.96042,0.408,True,MIGRACION DIRECTA VIABLE,-10.33
1997,RAFAEL RAMIREZ,INDEX,,Centro de Salud Rural de Yavaritos,26.77914,-109.36883,0.41,True,MIGRACION DIRECTA VIABLE,-7.92
3770,CENTRO INTEGRAL DE SALUD MENTAL CISAME NOGALES,TELMEX,,NOGALES,31.316111,-110.945833,0.41,True,MIGRACION DIRECTA VIABLE,-10.12
677,6 DE ABRIL,RED SEC,,HEROICA-CABORCA,30.713508,-112.149922,0.411,True,MIGRACION DIRECTA VIABLE,-10.18
2468,CANDELARIA R. VEGA MUÑOZ,RED SEC,,BUENOS-AIRES,31.325194,-110.929972,0.414,True,MIGRACION DIRECTA VIABLE,-10.13
3391,CENTRO DE SALUD RURAL YECORA,TELMEX,,YÉCORA,28.373942,-108.930475,0.414,True,MIGRACION DIRECTA VIABLE,-10.09
1767,ESCUELA SECUNDARIA TECNICA NUM. 77,TELMEX,,LOS-KERESANOS,31.274739,-110.96225,0.416,True,MIGRACION DIRECTA VIABLE,-9.47
1223,7 DE NOVIEMBRE,TELMEX,,H. Ayuntamientode Moctezuma,29.80268,-109.68059,0.42,True,MIGRACION DIRECTA VIABLE,-10.24
3643,DIF SONORA,TELMEX,473.28,(TZ-45) Comandancia Zona Norte,29.110261,-110.991386,0.42,True,MIGRACION DIRECTA VIABLE,-10.16
2095,SECUNDARIA ESTATAL NUM. 11,MEGACABLE,,(TZ-45) Torre SSPM,27.464642,-109.928422,0.42,True,MIGRACION DIRECTA VIABLE,-10.18
162,BARTOLOME M. SALIDO,TELMEX,,ÁLAMOS,27.021836,-108.937803,0.421,True,MIGRACION DIRECTA VIABLE,-6.61
1299,III USIM JOARAA,RED SEC,,POTAM,27.625629,-110.417627,0.422,True,MIGRACION DIRECTA VIABLE,-10.16
2810,SOLIDARIDAD,TELNOR,,BUROCRATA,32.466578,-114.727925,0.422,True,MIGRACION DIRECTA VIABLE,-10.18
1849,PROFA. MA GUADALUPE ORTEGA DE SUAREZ,MEGACABLE,,PLANTEL NUEVO HERMOSILLO,29.012217,-110.928308,0.423,True,MIGRACION DIRECTA VIABLE,-10.18
1683,MIGUEL ALEMAN VALDEZ,TELMEX,,(TZ-45) Torre Comandancia Municipal,28.842942,-111.489844,0.424,True,MIGRACION DIRECTA VIABLE,-10.19
2852,NIÑOS HEROES,TELMEX,,(TZ-45) Torre Unison,30.542247,-111.113753,0.426,True,MIGRACION DIRECTA VIABLE,-10.18
2838,FELIX ROMERO,TELMEX,,SAN PEDRO DE LA CUEVA,29.288686,-109.743956,0.433,True,MIGRACION DIRECTA VIABLE,-10.41
1404,BENITO JUAREZ GARCIA,TELMEX,,TV-AZTECA-IMURUS,30.788719,-110.85133,0.436,True,MIGRACION DIRECTA VIABLE,-7.73
3485,ITAMA - CTE NOGALES,TELMEX,,NOGALES,31.316111,-110.945833,0.437,True,MIGRACION DIRECTA VIABLE,-6.13
2158,CLUB DE LEONES,TELMEX,,MAGDALENA,30.6298,-110.96689,0.437,True,MIGRACION DIRECTA VIABLE,-10.05
1261,EMILIO MELGOZA SOLORIO,TELMEX,,(TZ-30) Torre Marte R. Gomez,27.367919,-109.888328,0.446,True,MIGRACION DIRECTA VIABLE,-10.18
627,EL PENSADOR MEXICANO,RED SEC,,BENITO-JUAREZ,30.715511,-112.167881,0.448,True,MIGRACION DIRECTA VIABLE,-10.17
3586,INSTITUTO SONORENSE  DE LAS MUJERES,TELMEX,343.97,MAGDALENA,30.632581,-110.978589,0.449,True,MIGRACION DIRECTA VIABLE,-10.45
679,OSWALDO BALLESTEROS BALLESTEROS,RED SEC,,CABORCA,30.727172,-112.155092,0.45,True,MIGRACION DIRECTA VIABLE,-10.19
1228,ABELARDO L. RODRIGUEZ,MEGACABLE,,CENTRO DE SALUD BACOBAMPO,26.979011,-109.654255,0.45,True,MIGRACION DIRECTA VIABLE,-10.15
2568,VICENTE MONROY MENDOZA,MEGACABLE,,PLANTEL OBREGÓN II,27.44299,-109.924923,0.452,True,MIGRACION DIRECTA VIABLE,-10.18
175,TELESECUNDARIA 45,COMPUPROYECCIONES,,TAPIZUELAS,26.66351,-108.864288,0.454,True,MIGRACION DIRECTA VIABLE,-3.72
1614,JOSE LUIS OSUNA VILLA,MEGACABLE,,(TZ-45) Torre SSPM,27.464642,-109.928422,0.454,True,MIGRACION DIRECTA VIABLE,-9.21
940,CARLOS M CALLEJA,MEGACABLE,,(TZ-45) Torre Fiscal,27.497094,-109.932206,0.454,True,MIGRACION DIRECTA VIABLE,-10.19
1433,ALBA RIVERA WONG,TELMEX,,(TZ-45) Torre C5 Guaymas,27.946206,-110.934208,0.456,True,MIGRACION DIRECTA VIABLE,-9.14
2638,GENERAL IGNACIO ZARAGOZA,TELMEX,,RAYON (CM),29.714677,-110.5735,0.456,True,MIGRACION DIRECTA VIABLE,-11.03
3756,INSTITUTO SONORENSE DE INFRAESTRUCTURA EDUCATIVA,TELMEX,343.97,(TZ-45) Torre C4 nuevo,27.078953,-109.443525,0.458,True,MIGRACION DIRECTA VIABLE,-10.17
2580,MIGUEL HIDALGO Y COSTILLA,RED SEC,,PITIQUITO,30.67713,-112.05045,0.458,True,MIGRACION DIRECTA VIABLE,-9.25
1802,BLANCA AZUCENA ESQUER TORRES,MEGACABLE,,PLANTEL NUEVO HERMOSILLO,29.012217,-110.928308,0.461,True,MIGRACION DIRECTA VIABLE,-10.18
2265,OSCAR WILDE,RED SEC,,(TZ-45) Torre C4 Viejo Seg Publica,27.080367,-109.462436,0.462,True,MIGRACION DIRECTA VIABLE,-10.15
2460,IM JIABSI USI,RED SEC,,NOGALES,31.318347,-110.954427,0.464,True,MIGRACION DIRECTA VIABLE,-11.49
2607,PROF. ARMANDO EDMUNDO ESTRELLA ORTEGA,RED SEC,,LA-MESITA,30.698854,-112.161729,0.464,True,MIGRACION DIRECTA VIABLE,-10.21
1333,JUDITH MALDONADO GUTIERREZ,RED SEC,,(TZ-45) Torre C5 Guaymas,27.946206,-110.934208,0.469,True,MIGRACION DIRECTA VIABLE,-10.43
3587,DIRECCIÓN GENERAL DE REGISTRO CIVIL,TELMEX,343.97,(TZ-45) Torre Fiscal,27.497094,-109.932206,0.471,True,MIGRACION DIRECTA VIABLE,-10.13
646,UNIDAD FORD NUM. 10,RED SEC,,HEROICA-CABORCA,30.713508,-112.149922,0.471,True,MIGRACION DIRECTA VIABLE,-10.18
685,TELESECUNDARIA 290,COMPUPROYECCIONES,,ADOLFO-ORIBE-DE-ALVA,30.93714,-113.01164,0.471,True,MIGRACION DIRECTA VIABLE,-10.13
639,EMILIANO ZAPATA,COMPUPROYECCIONES,,ADOLFO-ORIBE-DE-ALVA,30.93714,-113.01164,0.471,True,MIGRACION DIRECTA VIABLE,-10.13
960,OLGA DIAZ ESQUER,MEGACABLE,,PLANTEL OBREGÓN I,27.477614,-109.928985,0.472,True,MIGRACION DIRECTA VIABLE,-10.18
2896,TELESECUNDARIA 333,TELMEX,,TEPACHE,29.529121,-109.5294,0.472,True,MIGRACION DIRECTA VIABLE,-10.14
1926,TELESECUNDARIA 233,COMPUPROYECCIONES,,ARIBABI,30.07004,-109.091843,0.472,True,MIGRACION DIRECTA VIABLE,-8.72
496,TELESECUNDARIA 86,COMPUPROYECCIONES,,BACOACHI,30.632433,-109.968483,0.473,True,MIGRACION DIRECTA VIABLE,-8.71
3192,CENTRO DE SALUD GUAYMAS NORTE,TELMEX,,(TZ-45) Torre C5 Guaymas,27.946206,-110.934208,0.476,True,MIGRACION DIRECTA VIABLE,-10.08
1090,TELESECUNDARIA 137,COMPUPROYECCIONES,,Prim Leona Vicario de Maytorena,28.075694,-110.747167,0.479,True,MIGRACION DIRECTA VIABLE,-10.23
1040,TELESECUNDARIA 79,COMPUPROYECCIONES,,JECORI,29.939763,-109.739574,0.479,True,MIGRACION DIRECTA VIABLE,-9.22
1365,FRANCISCO MARQUEZ,COMPUPROYECCIONES,,Centro de Salud de Francisco Marquez,28.157694,-110.591389,0.481,True,MIGRACION DIRECTA VIABLE,-9.45
2457,ALAMOS,RED SEC,,DOMINGUEZ,31.298194,-110.927778,0.485,True,MIGRACION DIRECTA VIABLE,-10.26
2553,MARIA ANTONIETA GASTELUM RIVERA,RED SEC,,DOMINGUEZ,31.298194,-110.927778,0.485,True,MIGRACION DIRECTA VIABLE,-10.26
3693,ISSSTESON,TOTAL PLAY,5735,PLANTEL NAVOJOA,27.065633,-109.449799,0.486,True,MIGRACION DIRECTA VIABLE,-11.19
3437,POLICLÍNICO SIGLO XXI ISSSTESON  SNTE SECCIÓN 54,TOTAL PLAY,,PLANTEL NAVOJOA,27.065633,-109.449799,0.486,True,MIGRACION DIRECTA VIABLE,-11.19
904,FELIPE ANGELES,MEGACABLE,,ESPERANZA,27.56626,-109.9411,0.486,True,MIGRACION DIRECTA VIABLE,-9.67
1798,PROFA. EVANGELINA PAREDES PESQUEIRA,MEGACABLE,,PLANTEL NUEVO HERMOSILLO,29.012217,-110.928308,0.488,True,MIGRACION DIRECTA VIABLE,-11.0
3003,"EMSaD, Los Tanques",COMPUPROYECCIONES,,LOS-TANQUES,27.21055,-108.89006,0.489,True,MIGRACION DIRECTA VIABLE,-10.11
164,TELESECUNDARIA 5,COMPUPROYECCIONES,,LOS-TANQUES,27.21055,-108.89006,0.489,True,MIGRACION DIRECTA VIABLE,-10.11
3204,CENTRO DE SALUD NOGALES,TELMEX,,CORREDIR,31.28495,-110.95889,0.491,True,MIGRACION DIRECTA VIABLE,-3.89
2185,MIGUEL HIDALGO Y COSTILLA,TELNOR,,(TZ-45) Torre Agencia Fiscal SLRC,32.479336,-114.779044,0.492,True,MIGRACION DIRECTA VIABLE,-10.15
2391,PROF. MIGUEL ANGEL LOYA MARTINEZ,MEGACABLE,,CESPEJO,29.091625,-110.975432,0.493,True,MIGRACION DIRECTA VIABLE,-10.72
636,UNIDAD FORD NUM. 66,TELMEX,,"(TZ-90) Cecytes ""Y""",30.805425,-112.713033,0.5,True,MIGRACION DIRECTA VIABLE,-10.19
956,20 DE NOVIEMBRE,RED SEC,,(TZ-45) Torre Hospital General,27.483647,-109.953847,0.501,True,MIGRACION DIRECTA VIABLE,-9.71
2935,PROF. RAFAEL D FIERROS,TELMEX,,VILLA HIDALGO,30.166433,-109.322178,0.505,True,MIGRACION DIRECTA VIABLE,-9.31
1216,LAZARO CARDENAS,TELMEX,,Centro de Salud Rural de Buaysiacobe,27.05884,-109.68408,0.506,True,MIGRACION DIRECTA VIABLE,-9.35
669,TELESFORO LOPEZ,RED SEC,,HEROICA-CABORCA,30.713508,-112.149922,0.507,True,MIGRACION DIRECTA VIABLE,-9.39
2459,FRONTERA,RED SEC,,CORREDIR,31.28495,-110.95889,0.508,True,MIGRACION DIRECTA VIABLE,-8.49
2931,TELESECUNDARIA 354,TELMEX,,PUEBLO-DE-ALAMOS,29.209897,-110.141306,0.51,True,MIGRACION DIRECTA VIABLE,-10.15
1872,RAMON GUILLERMO BONFIL VIVEROS,MEGACABLE,,PLANTEL NUEVO HERMOSILLO,29.012217,-110.928308,0.512,True,MIGRACION DIRECTA VIABLE,-9.06
1746,GABINO MEDINA VAZQUEZ,TELMEX,,LAS-LOMAS,29.051335,-110.939713,0.514,True,MIGRACION DIRECTA VIABLE,-8.02
2193,TELESECUNDARIA 357,GLOBALSAT,,LOS-AJOS,31.16462,-109.9732,0.514,True,MIGRACION DIRECTA VIABLE,-11.24
2074,PROF. RAFAEL N VARELA,TELMEX,,CUMPAS,29.996425,-109.77598,0.515,True,MIGRACION DIRECTA VIABLE,-10.24
634,LIC. ADOLFO LOPEZ MATEOS,RED SEC,,CABORCA,30.727172,-112.155092,0.521,True,MIGRACION DIRECTA VIABLE,-10.55
540,TELESECUNDARIA 238,TELMEX,,BANAMICHI (SITIO ALTAN),30.01599,-110.21513,0.521,True,MIGRACION DIRECTA VIABLE,-10.45
1403,ESCUELA SECUNDARIA TECNICA NUM. 33,TELMEX,,RAYÓN,29.707183,-110.567575,0.521,True,MIGRACION DIRECTA VIABLE,-10.66
3014,"CECyTE, Banámichi",COMPUPROYECCIONES,,BANÁMICHI,30.007164,-110.218019,0.528,True,MIGRACION DIRECTA VIABLE,-10.15
1293,SEMALULUKUT,RED SEC,,Centro de Salud Vicam,27.647,-110.296,0.531,True,MIGRACION DIRECTA VIABLE,-10.17
1294,BACHOMO,RED SEC,,Centro de Salud Vicam,27.647,-110.296,0.531,True,MIGRACION DIRECTA VIABLE,-10.17
1714,JOSE VASCONCELOS,COMPUENLACES,,LUIS-ORCI,29.102933,-111.007014,0.531,True,MIGRACION DIRECTA VIABLE,-8.67
3668,DIRECCIÓN GENERAL DE PARTICIPACIÓN SOCIAL,TELMEX,343.97,Universidad de Sonora  Campus Navojoa,27.074257,-109.429382,0.535,True,MIGRACION DIRECTA VIABLE,-10.21
2539,CARMEN YOLANDA CURIEL MONTIEL,RED SEC,,LOS-KERESANOS,31.274739,-110.96225,0.535,True,MIGRACION DIRECTA VIABLE,-7.76
1696,LIC. ADOLFO LOPEZ MATEOS,COMPUPROYECCIONES,,EL-CHOYUDO-LOS-JAPONESES,28.317394,-111.452778,0.537,True,MIGRACION DIRECTA VIABLE,-10.13
1917,TELESECUNDARIA 341,GLOBALSAT,,EL-CHOYUDO-LOS-JAPONESES,28.317394,-111.452778,0.537,True,MIGRACION DIRECTA VIABLE,-10.13
2440,HUMBERTO CAMPOS VARELA,RED SEC,,NOGALES-SONORA,31.301719,-110.94187,0.54,True,MIGRACION DIRECTA VIABLE,-10.44
36,SOR JUANA INES DE LA CRUZ,TELMEX,,ESQUEDA,31.30943,-109.5601,0.54,True,MIGRACION DIRECTA VIABLE,-10.18
1422,LORETO ENCINAS DE AVILES,MEGACABLE,,(TZ-60) Torre CIF Guaymas,27.919503,-110.900733,0.54,True,MIGRACION DIRECTA VIABLE,-11.18
1013,MELCHOR OCAMPO,TELMEX,,Sin Nombre Especificado,30.977641,-110.308611,0.54,True,MIGRACION DIRECTA VIABLE,-9.29
1165,13 DE SEPTIEMBRE,RED SEC,,Centro de Salud Rural de Buaysiacobe,27.05884,-109.68408,0.542,True,MIGRACION DIRECTA VIABLE,-10.18
3622,SERVICIOS DE SALUD DE SONORA,TELMEX,343.97,CESPEJO,29.091625,-110.975432,0.545,True,MIGRACION DIRECTA VIABLE,-9.28
2887,TELESECUNDARIA 48,COMPUPROYECCIONES,,TONICHI,28.601828,-109.565667,0.545,True,MIGRACION DIRECTA VIABLE,-5.53
2347,JOSE MA MORELOS Y PAVON,INDEX,,Prim José Ma. Morelos y Pavón de Teachive,26.785231,-109.234619,0.546,True,MIGRACION DIRECTA VIABLE,-9.21
2452,NICOLAS BRAVO,RED SEC,,GARITA-NOGALES,31.329,-110.9636,0.546,True,MIGRACION DIRECTA VIABLE,-9.87
1323,LUIS VAN BEETHOVEN,RED SEC,,(TZ-60) Torre CIF Guaymas,27.919503,-110.900733,0.547,True,MIGRACION DIRECTA VIABLE,-10.18
941,EJERCITO NACIONAL MEXICANO,MEGACABLE,,PLANTEL OBREGÓN II,27.44299,-109.924923,0.547,True,MIGRACION DIRECTA VIABLE,-10.18
2903,LORENA GUADALUPE VARELA TREJO,TELMEX,,MAGDALENA,30.632581,-110.978589,0.548,True,MIGRACION DIRECTA VIABLE,-10.42
902,JOSE MARIA MAYTORENA TAPIA,RED SEC,,ESPERANZA,27.56626,-109.9411,0.55,True,MIGRACION DIRECTA VIABLE,-10.15
2569,GILDARDO F AVILES,TELMEX,,QUEROBABI,30.050978,-111.03,0.553,True,MIGRACION DIRECTA VIABLE,-10.17
3020,"CECyTE, Bácum",COMPUPROYECCIONES,,(TZ-45) Palacio Municipal BÁCUM,27.549892,-110.083075,0.554,True,MIGRACION DIRECTA VIABLE,-10.17
2853,FRANCISCO GONZALEZ BOCANEGRA,TELMEX,,(TZ-45) Torre Unison,30.542247,-111.113753,0.555,True,MIGRACION DIRECTA VIABLE,-10.12
958,MA. DE LA LUZ MARQUEZ,TELMEX,,(TZ-30) Torre Pueblo Yaqui,27.354236,-110.035575,0.559,True,MIGRACION DIRECTA VIABLE,-10.18
2117,LUIS B SANCHEZ,TELNOR,,KILOMETRO-CINCUENTA-Y-SIETE,32.20119,-114.98914,0.561,True,MIGRACION DIRECTA VIABLE,-10.18
2261,MARCO ANTONIO ARMENTA CORRAL,TELMEX,,ESPIGA,27.048847,-109.457025,0.561,True,MIGRACION DIRECTA VIABLE,-11.0
2291,BENITO PEREZ GALDOS,RED SEC,,ESPIGA,27.048847,-109.457025,0.563,True,MIGRACION DIRECTA VIABLE,-10.12
1332,ISIDRO FABELA ALFARO,RED SEC,,(TZ-60) Torre CIF Guaymas,27.919503,-110.900733,0.564,True,MIGRACION DIRECTA VIABLE,-10.92
741,LAUREANA WRIGTH,RED SEC,,PLANTEL OBREGÓN I,27.477614,-109.928985,0.565,True,MIGRACION DIRECTA VIABLE,-9.74
2893,TELESECUNDARIA 52,TELMEX,,SUAQUI GRANDE,28.394783,-109.891928,0.568,True,MIGRACION DIRECTA VIABLE,-10.36
1612,ESCUELA SECUNDARIA TECNICA NUM. 54,COMPUPROYECCIONES,,Prim 16 de Septiembre de Chirajobampo,26.891989,-109.398275,0.568,True,MIGRACION DIRECTA VIABLE,-9.71
1812,ADELINA ENCINAS EZRRE,MEGACABLE,,(TZ-45) Centro integral PEI,29.094997,-111.028789,0.573,True,MIGRACION DIRECTA VIABLE,-10.14
675,FLORENCIA R DE MUNGUIA,RED SEC,,BENITO-JUAREZ,30.715511,-112.167881,0.574,True,MIGRACION DIRECTA VIABLE,-9.39
542,CUITLAHUAC,TELMEX,,BAVIACORA (SITIO ALTAN),29.71419,-110.16544,0.577,True,MIGRACION DIRECTA VIABLE,-11.08
3493,COORDINACIÓN ESTATAL DE ADMINISTRACIÓN  EVALUACIÓN Y CONTROL,TOTAL PLAY,,SSP ESPEJO,29.091529,-110.975496,0.581,True,MIGRACION DIRECTA VIABLE,-10.12
2470,PUESTA DEL SOL,RED SEC,,CRUZ-DE-OLVIDO,31.3115,-110.96042,0.581,True,MIGRACION DIRECTA VIABLE,-3.36
2073,CORONEL JOSE MA GIRON,RED SEC,,HEROICA-CABORCA,30.713508,-112.149922,0.581,True,MIGRACION DIRECTA VIABLE,-9.16
2465,GUADALUPE MARIA DE LOS ANGELES STRAFFON MANZANO,RED SEC,,(TZ-45) Torre C5 Nogales,31.290256,-110.951156,0.582,True,MIGRACION DIRECTA VIABLE,-11.18
2454,SENDEROS,RED SEC,,GARITA,31.32449,-110.9528,0.586,False,REQUIERE REPETIDOR O REVISION TECNICA,12.24
3595,INSTITUTO SONORENSE  DE LAS MUJERES,TELMEX,343.97,(TZ-45) Torre Fiscal,27.497094,-109.932206,0.586,True,MIGRACION DIRECTA VIABLE,-10.18
2164,LIC. ADOLFO LOPEZ MATEOS,TELMEX,,MAGDALENA,30.632581,-110.978589,0.587,True,MIGRACION DIRECTA VIABLE,-9.89
1352,GENERAL JOSE AMARILLAS,RED SEC,,POTAM,27.625629,-110.417627,0.589,True,MIGRACION DIRECTA VIABLE,-10.16
3201,CENTRO DE SALUD NACOZARI DE GARCIA,TELMEX,,NACOZARI-DE-GARCIA,30.37529,-109.68584,0.589,True,MIGRACION DIRECTA VIABLE,-5.51
3623,SERVICIOS DE SALUD DE SONORA,TELMEX,343.97,CESPEJO,29.091625,-110.975432,0.591,True,MIGRACION DIRECTA VIABLE,-10.15
2400,MARIA ISABEL IRIBE LEYVA,RED SEC,,(TZ-45) Torre UES,27.047372,-109.452433,0.592,True,MIGRACION DIRECTA VIABLE,-10.19
3462,MÓDULO NACOZARI,TELMEX,,NACOZARI-DE-GARCIA,30.37529,-109.68584,0.596,True,MIGRACION DIRECTA VIABLE,-9.33
565,AQUILES SERDAN,TELMEX,,DIF Municipal de Villa Juarez,27.128152,-109.829834,0.596,True,MIGRACION DIRECTA VIABLE,-9.13
2508,LUIS DONALDO COLOSIO MURRIETA,RED SEC,,CRUZ-DE-OLVIDO,31.3115,-110.96042,0.598,True,MIGRACION DIRECTA VIABLE,-10.01
1257,ESCUELA SECUNDARIA TECNICA NUM. 21,TELMEX,,BACERAC,30.360799,-108.93182,0.598,False,REQUIERE REPETIDOR O REVISION TECNICA,4.82
676,JUAN FRANCISCO JAVIER,RED SEC,,HEROICA-CABORCA,30.713508,-112.149922,0.598,True,MIGRACION DIRECTA VIABLE,-10.21
49,GENERAL VICENTE GUERRERO,MEGACABLE,,OPATA,31.327,-109.54715,0.6,True,MIGRACION DIRECTA VIABLE,-11.16
2403,CENTRO ESCOLAR DEL MAYO,MEGACABLE,,(TZ-45) Torre C4 nuevo,27.078953,-109.443525,0.601,True,MIGRACION DIRECTA VIABLE,-10.18
2499,27 DE AGOSTO,RED SEC,,MIRADOR-AL-VALLE,31.31326,-110.93056,0.601,True,MIGRACION DIRECTA VIABLE,-11.08
3681,DEFENSORÍA PÚBLICA,TELMEX,688.79,LAS-LOMAS,29.051335,-110.939713,0.604,True,MIGRACION DIRECTA VIABLE,-9.57
2927,PROF. ENRIQUE QUIJADA,TELMEX,,H. Ayuntamiento de Ures,29.42809,-110.38989,0.604,True,MIGRACION DIRECTA VIABLE,-10.22
1699,ANGELA MACIAS MARTINEZ,COMPUENLACES,,(TZ-45) Comandancia Zona Norte,29.110261,-110.991386,0.606,True,MIGRACION DIRECTA VIABLE,-11.15
1132,JARDIN DE NIÑOS NUEVA CREACION,RED SEC,,Centro de Salud Rural de Buaysiacobe,27.05884,-109.68408,0.607,True,MIGRACION DIRECTA VIABLE,-10.16
3472,MÓDULO SONOYTA,TELMEX,,(TZ-45) Torre Comandancia Sonoyta,31.864325,-112.849472,0.607,True,MIGRACION DIRECTA VIABLE,-10.2
3446,MÓDULO CABORCA,TELMEX,,HEROICA-CABORCA,30.713508,-112.149922,0.608,True,MIGRACION DIRECTA VIABLE,-10.21
1290,CUAUHTEMOC,TELMEX,,Centro de Salud Vicam,27.647,-110.296,0.612,True,MIGRACION DIRECTA VIABLE,-10.19
3452,MÓDULO CUMPAS,TELMEX,,CUMPAS,29.996425,-109.77598,0.615,True,MIGRACION DIRECTA VIABLE,-6.34
1353,FELIPE MATUZ CORDOVA,RED SEC,,Centro de Salud Vicam,27.647,-110.296,0.615,True,MIGRACION DIRECTA VIABLE,-10.15
3571,JUNTAS DE CONCILIACIÓN Y ARBITRAJE DEL ESTADO DE SONORA,TELMEX,473.28,(TZ-45) Torre C4 nuevo,27.078953,-109.443525,0.616,True,MIGRACION DIRECTA VIABLE,-9.66
2395,ING JUAN DE DIOS BOJORQUEZ,MEGACABLE,,PLANTEL NUEVO HERMOSILLO,29.012217,-110.928308,0.616,True,MIGRACION DIRECTA VIABLE,-10.1
2126,BENITO JUAREZ,TELMEX,,ÍMURIS,30.793453,-110.846086,0.618,True,MIGRACION DIRECTA VIABLE,-9.85
1993,PROF. OTHON ALMADA,TELMEX,,PLANTEL NAVOJOA,27.065633,-109.449799,0.619,True,MIGRACION DIRECTA VIABLE,-10.21
2284,ALFRED NOBEL,RED SEC,,Universidad de Sonora  Campus Navojoa,27.074257,-109.429382,0.624,True,MIGRACION DIRECTA VIABLE,-10.2
2492,JOSE MA MORELOS Y PAVON,RED SEC,,GARITA,31.32449,-110.9528,0.625,True,MIGRACION DIRECTA VIABLE,-1.38
787,EDUARDO W VILLA,RED SEC,,(TZ-45) Torre SSPM,27.464642,-109.928422,0.626,True,MIGRACION DIRECTA VIABLE,-10.2
2537,YOLANDA EUGENIA CARRILLO MENDEZ,RED SEC,,VILLA-SONORA,31.26229,-110.94593,0.629,True,MIGRACION DIRECTA VIABLE,-9.35
3000,"EMSaD, Carbo",COMPUPROYECCIONES,,CARBÓ,29.685214,-110.961142,0.629,True,MIGRACION DIRECTA VIABLE,-10.13
602,IGNACIO ALLENDE,RED SEC,,HEROICA-CABORCA,30.713508,-112.149922,0.63,True,MIGRACION DIRECTA VIABLE,-10.16
2518,ALVARO OBREGON,RED SEC,,(TZ-45) Torre C5 Nogales,31.290256,-110.951156,0.632,True,MIGRACION DIRECTA VIABLE,-7.47
2519,ESCUELA PRIMARIA NUEVA CREACION,RED SEC,,(TZ-45) Torre C5 Nogales,31.290256,-110.951156,0.632,True,MIGRACION DIRECTA VIABLE,-7.47
2478,GRACIELA MERINO GONZALEZ,RED SEC,,(TZ-45) Torre C5 Nogales,31.290256,-110.951156,0.632,True,MIGRACION DIRECTA VIABLE,-7.47
2476,MARIA VICTORIA TEK SANCHEZ,RED SEC,,(TZ-45) Torre C5 Nogales,31.290256,-110.951156,0.632,True,MIGRACION DIRECTA VIABLE,-7.47
622,ESCUELA PRIMARIA NUEVA CREACION,COMPUPROYECCIONES,,PLUTARCO-ELIAS-CALLES,30.804167,-112.71222,0.638,True,MIGRACION DIRECTA VIABLE,-10.14
3468,MÓDULO SAN LUIS RÍO COLORADO,TELMEX,,(TZ-45) Torre Agencia Fiscal SLRC,32.479336,-114.779044,0.639,True,MIGRACION DIRECTA VIABLE,-10.19
2203,7 DE NOVIEMBRE,TELMEX,,NACOZARI-DE-GARCIA,30.37529,-109.68584,0.639,True,MIGRACION DIRECTA VIABLE,-10.15
2533,ESCUELA SECUNDARIA TECNICA ESTATAL NUM. 2,TELMEX,,Centro de Salud Rural de Francisco J Mina (Campo 60),27.45816,-110.11326,0.639,True,MIGRACION DIRECTA VIABLE,-10.18
3194,CENTRO DE SALUD IMURIS,TELMEX,,TV-AZTECA-IMURUS,30.788719,-110.85133,0.639,True,MIGRACION DIRECTA VIABLE,-7.27
2389,HEROICO COLEGIO MILITAR,TELMEX,,Universidad de Sonora  Campus Navojoa,27.074257,-109.429382,0.64,True,MIGRACION DIRECTA VIABLE,-9.58
1765,ESCUELA SECUNDARIA TECNICA NUM. 75,MEGACABLE,,EDIFICIO-NUEVO,32.418469,-114.747258,0.641,True,MIGRACION DIRECTA VIABLE,-10.18
2513,SOR JUANA INES DE LA CRUZ,RED SEC,,LOS-KERESANOS,31.274739,-110.96225,0.642,True,MIGRACION DIRECTA VIABLE,-9.55
2438,JUVENTINO VAZQUEZ ROMO,RED SEC,,CRUZ-DE-OLVIDO,31.3115,-110.96042,0.645,True,MIGRACION DIRECTA VIABLE,-9.98
1461,JESUS LEON GONZALEZ,TELMEX,,(TZ-45) Comandancia el Cortijo,29.143614,-110.986272,0.646,True,MIGRACION DIRECTA VIABLE,-8.83
1690,EUSEBIO FRANCISCO KINO,MEGACABLE,,LUIS-ORCI,29.102933,-111.007014,0.648,True,MIGRACION DIRECTA VIABLE,-10.13
1542,ROBERT OWEN,COMPUENLACES,,(TZ-45) Comandancia el Cortijo,29.143614,-110.986272,0.649,True,MIGRACION DIRECTA VIABLE,-8.24
1405,ESCUELA SECUNDARIA TECNICA NUM. 35,TELMEX,,"(TZ-90) Cecytes ""Y""",30.805425,-112.713033,0.65,True,MIGRACION DIRECTA VIABLE,-10.19
1801,MARIA DEL ROSARIO CHAVEZ CRUZ,MEGACABLE,,PLANTEL NUEVO HERMOSILLO,29.012217,-110.928308,0.651,True,MIGRACION DIRECTA VIABLE,-11.08
592,ESTHER SOTO BOJORQUEZ,RED SEC,,LA-MESITA,30.698854,-112.161729,0.652,True,MIGRACION DIRECTA VIABLE,-10.19
3647,DIF SONORA,TELMEX,1085.1,RADIO-SONORA,31.27536,-110.92842,0.657,True,MIGRACION DIRECTA VIABLE,-10.05
1854,PROF. ALBERTO GUTIERREZ,RED SEC,,BMXDGR,29.076318,-110.957066,0.657,True,MIGRACION DIRECTA VIABLE,-10.16
3769,CENTRO INFANTIL PARA EL DESARROLLO NEUROCONDUCTUAL,TELMEX,,CGOB,29.067638,-110.959266,0.659,True,MIGRACION DIRECTA VIABLE,-12.22
2174,SANTIAGO IGLESIAS,TELMEX,,MAGDALENA,30.6298,-110.96689,0.659,True,MIGRACION DIRECTA VIABLE,-9.29
2998,"EMSaD, Rosario Tesopaco",COMPUPROYECCIONES,,H. Ayuntamiento de Rosario,27.840604,-109.370759,0.66,True,MIGRACION DIRECTA VIABLE,-11.08
2999,"EMSaD, El Quiriego",COMPUPROYECCIONES,,H. Ayuntamiento de Quiriego,27.52069,-109.251259,0.664,True,MIGRACION DIRECTA VIABLE,-8.82
2762,JUAN ESCUTIA,TELNOR,,COMANDANCIA,32.456246,-114.745002,0.668,True,MIGRACION DIRECTA VIABLE,-10.16
3585,INSTITUTO SONORENSE  DE LAS MUJERES,TELMEX,343.97,LA-DOCE,28.84228,-111.48905,0.668,True,MIGRACION DIRECTA VIABLE,-10.18
2317,MOISES SAENZ,TELMEX,,PLANTEL NAVOJOA,27.065633,-109.449799,0.67,True,MIGRACION DIRECTA VIABLE,-8.68
3001,"EMSaD, Bacerac",COMPUPROYECCIONES,,BACERAC,30.360799,-108.93182,0.676,True,MIGRACION DIRECTA VIABLE,-2.61
3364,CENTRO DE SALUD RURAL SAHUARIPA,TELMEX,,H. Ayuntamiento de Sahuaripa 2,29.05637,-109.23347,0.678,True,MIGRACION DIRECTA VIABLE,-9.16
1012,BENITO JUAREZ,TELMEX,,CANANEA,30.9777,-110.308617,0.678,True,MIGRACION DIRECTA VIABLE,-9.29
748,JOSE MARTI,RED SEC,,PLANTEL OBREGÓN I,27.477614,-109.928985,0.678,True,MIGRACION DIRECTA VIABLE,-10.19
3707,COMISIÓN DEL DEPORTE DEL ESTADO DE SONORA,TELMEX,473.28,CUM,29.10936,-110.993616,0.684,True,MIGRACION DIRECTA VIABLE,-10.01
2161,CLUB DE LEONES 2,TELMEX,,PLANTEL EUSEBIO FRANCISCO KINO,30.624109,-110.973259,0.685,True,MIGRACION DIRECTA VIABLE,-9.34
3186,CENTRO DE SALUD CUMPAS,TELMEX,,CUMPAS,29.996425,-109.77598,0.693,True,MIGRACION DIRECTA VIABLE,-8.34
1298,JARDIN DE NIÑOS NUEVA CREACION,RED SEC,,POTAM,27.625629,-110.417627,0.693,True,MIGRACION DIRECTA VIABLE,-10.15
1729,PROF. HILARION SANTOS SANDOVAL,MEGACABLE,,GANADEROS,29.037639,-110.935456,0.694,True,MIGRACION DIRECTA VIABLE,-8.71
1355,EUSEBIO FRANCISCO PADRE KINO,TELMEX,,Centro de Salud Vicam,27.647,-110.296,0.694,True,MIGRACION DIRECTA VIABLE,-10.15
1078,JUAN MALDONADO GUAGUETCHIA,MEGACABLE,,HEROE-DE-NACOZARI,27.959147,-110.79165,0.695,True,MIGRACION DIRECTA VIABLE,-9.85
587,SONORA BAJA CALIFORNIA,TELMEX,,BENJAMÍN HILL,30.167956,-111.117789,0.696,True,MIGRACION DIRECTA VIABLE,-10.12
2397,CONCEPCION M DEL CAMPO,RED SEC,,(TZ-45) Torre C4 nuevo,27.078953,-109.443525,0.696,True,MIGRACION DIRECTA VIABLE,-10.17
1067,HECTOR MOSQUEIRA MATUTE,TELMEX,,MARIANO-ABASOLO,27.965214,-110.815558,0.698,True,MIGRACION DIRECTA VIABLE,-6.13
3480,ITAMA - HERMOSILLO I,TELMEX,,LAS-LOMAS,29.051335,-110.939713,0.701,True,MIGRACION DIRECTA VIABLE,-7.68
3479,ITAMA - HERMOSILLO I,TELMEX,,LAS-LOMAS,29.051335,-110.939713,0.701,True,MIGRACION DIRECTA VIABLE,-7.68
3466,MÓDULO SAHUARIPA,TELMEX,,H. Ayuntamiento de Sahuaripa 2,29.05637,-109.23347,0.702,True,MIGRACION DIRECTA VIABLE,-10.18
3634,DIRECCIÓN GENERAL DE SERVICIOS DE SALUD A LA PERSONA,TELMEX,473.28,CGOB,29.067638,-110.959266,0.703,True,MIGRACION DIRECTA VIABLE,-5.62
986,ARISTOTELES,MEGACABLE,,RADIO TEC,30.98961,-110.26602,0.707,True,MIGRACION DIRECTA VIABLE,-9.31
2278,AGUSTIN MELGAR,RED SEC,,Universidad de Sonora Módulo Navajoa,27.074073,-109.429392,0.708,True,MIGRACION DIRECTA VIABLE,-10.18
2270,GUSTAVO ADOLFO BECQUER,RED SEC,,Universidad de Sonora Módulo Navajoa,27.074073,-109.429392,0.708,True,MIGRACION DIRECTA VIABLE,-8.26
2212,HEROE DE NACOZARI FORD 129 NUM. 1,TELMEX,,NACOZARI,30.378194,-109.694961,0.708,True,MIGRACION DIRECTA VIABLE,-5.59
1868,JOSE ANGEL BARRIOS RUIZ,RED SEC,,PLANTEL NUEVO HERMOSILLO,29.012217,-110.928308,0.709,True,MIGRACION DIRECTA VIABLE,-10.16
2974,Plantel Sonoyta,Telnor,,(TZ-45) Torre Comandancia Sonoyta,31.864325,-112.849472,0.712,True,MIGRACION DIRECTA VIABLE,-10.21
2376,MARIANO ESCOBEDO,MEGACABLE,,ESPIGA,27.048847,-109.457025,0.712,True,MIGRACION DIRECTA VIABLE,-9.18
1407,ESCUELA SECUNDARIA TECNICA NUM. 37,TELMEX,,PLANTEL PUERTO PEÑASCO,31.329356,-113.529867,0.721,True,MIGRACION DIRECTA VIABLE,-9.71
3432,HOSPITAL GENERAL DE SAN LUIS RIO COLORADO,TOTAL PLAY,,SAN LUIS RÍO COLORADO,32.473614,-114.784344,0.721,True,MIGRACION DIRECTA VIABLE,-9.35
744,IGNACIO MARISCAL,RED SEC,,PLANTEL OBREGÓN I,27.477614,-109.928985,0.722,True,MIGRACION DIRECTA VIABLE,-11.14
2690,ESCUADRON 201,INDEX,,Prim Escuadron 201 de El Polvoron,27.370639,-110.210761,0.722,True,MIGRACION DIRECTA VIABLE,-11.19
2177,GENERAL JESUS GARCIA MORALES,TELMEX,,ARIZPE,30.338364,-110.167683,0.723,True,MIGRACION DIRECTA VIABLE,-5.82
3449,MÓDULO CASA DE DÍA SNTE 54,TELMEX,,LUIS-ORCI,29.102933,-111.007014,0.723,True,MIGRACION DIRECTA VIABLE,-10.17
670,GLORIA AIDE NOGALES MENDEZ,RED SEC,,LA-MESITA,30.698854,-112.161729,0.724,True,MIGRACION DIRECTA VIABLE,-10.23
882,ALVARO OBREGON,MEGACABLE,,(TZ-30) Torre Marte R. Gomez,27.367919,-109.888328,0.726,True,MIGRACION DIRECTA VIABLE,-10.01
965,REFUGIO CORAZON DE MARIA,RED SEC,,Torre C4,27.525981,-109.930289,0.726,True,MIGRACION DIRECTA VIABLE,-10.06
2548,FRANCISCO I. MADERO,MEGACABLE,,GARITA,31.32449,-110.9528,0.727,True,MIGRACION DIRECTA VIABLE,-10.06
1667,MARTIRES DE CANANEA 1906,MEGACABLE,,(TZ-45) Comandancia Zona Norte,29.110261,-110.991386,0.729,True,MIGRACION DIRECTA VIABLE,-11.08
3680,DEFENSORÍA PÚBLICA,TELMEX,688.79,LAS-LOMAS,29.051335,-110.939713,0.73,True,MIGRACION DIRECTA VIABLE,-11.28
26,BENITO JUAREZ,TELMEX,,(TZ-45) Torre Subcentro C5 Agua Prieta,31.319139,-109.558056,0.736,True,MIGRACION DIRECTA VIABLE,-4.93
2496,GENERAL LAZARO CARDENAS,RED SEC,,NOGALES-SONORA,31.301719,-110.94187,0.737,True,MIGRACION DIRECTA VIABLE,-10.34
3217,HOSPITAL COMUNITARIO ALAMOS,TELMEX,,ÁLAMOS,27.021836,-108.937803,0.737,True,MIGRACION DIRECTA VIABLE,-9.69
1645,GENERAL LAZARO CARDENAS NUM. 1,COMPUENLACES,,(TZ-45) Comandancia Zona Norte,29.110261,-110.991386,0.738,True,MIGRACION DIRECTA VIABLE,-6.73
28,PLAN DE AGUA PRIETA,TELMEX,,OPATA,31.327,-109.54715,0.741,True,MIGRACION DIRECTA VIABLE,-8.94
3666,DIRECCION GENERAL DE DESARROLLO REGIONAL,TELMEX,473.28,PLANTEL OBREGÓN I,27.477614,-109.928985,0.743,True,MIGRACION DIRECTA VIABLE,-9.34
3667,DIRECCIÓN GENERAL DE PARTICIPACIÓN SOCIAL,TELMEX,343.97,PLANTEL OBREGÓN I,27.477614,-109.928985,0.743,True,MIGRACION DIRECTA VIABLE,-9.34
3632,COMISIÓN DE ARBITRAJE MÉDICO DEL ESTADO DE SONORA,TELMEX,343.97,AUFIS,29.069393,-110.944628,0.744,True,MIGRACION DIRECTA VIABLE,-10.07
2687,19 DE NOVIEMBRE,MEGACABLE,,Campo Deportivo Mpal de San Ignacio Rio Muerto,27.409988,-110.239434,0.751,True,MIGRACION DIRECTA VIABLE,-10.13
3648,DIF SONORA,TELMEX,473.28,(TZ-45) Torre Agencia Fiscal SLRC,32.479336,-114.779044,0.753,True,MIGRACION DIRECTA VIABLE,-9.81
3007,"EMSaD, Yécora",COMPUPROYECCIONES,,H. Ayuntamiento de Yécora,28.37264,-108.925702,0.753,True,MIGRACION DIRECTA VIABLE,-5.82
1847,GUSTAVO ADOLFO URUCHURTU,RED SEC,,VSERIS,29.064011,-110.955496,0.754,True,MIGRACION DIRECTA VIABLE,-10.09
3713,INSTITUTO DE BECAS Y CREDITO EDUCATIVO DEL ESTADO DE SONORA,TELMEX,473.28,SSP ESPEJO,29.091529,-110.975496,0.755,True,MIGRACION DIRECTA VIABLE,-10.21
3744,INSTITUTO DE BECAS Y CREDITO EDUCATIVO DEL ESTADO DE SONORA,TOTAL PLAY,5209,SSP ESPEJO,29.091529,-110.975496,0.755,True,MIGRACION DIRECTA VIABLE,-10.21
2984,Plantel Empalme,TELMEX,,HEROE-DE-NACOZARI,27.959147,-110.79165,0.76,True,MIGRACION DIRECTA VIABLE,-8.03
3193,CENTRO DE SALUD HUATABAMPO,TELMEX,,(TZ-30) Torre Hospital Gral. Huatabampo,26.842472,-109.641122,0.76,True,MIGRACION DIRECTA VIABLE,-9.57
2515,DIEGO RIVERA,RED SEC,,LOS-KERESANOS,31.274739,-110.96225,0.763,True,MIGRACION DIRECTA VIABLE,-9.11
1886,NOE PALOMARES NAVARRO,MEGACABLE,,PUEBLITOS,29.151882,-111.006934,0.763,True,MIGRACION DIRECTA VIABLE,-9.4
2742,CUCAPAH,MEGACABLE,,BUROCRATA,32.466578,-114.727925,0.765,True,MIGRACION DIRECTA VIABLE,-10.16
2462,LUIS DONALDO COLOSIO MURRIETA,RED SEC,,(TZ-45) Torre C5 Nogales,31.290256,-110.951156,0.767,True,MIGRACION DIRECTA VIABLE,-11.35
3184,CENTRO DE SALUD CANANEA,TELMEX,,CANANEA,30.9777,-110.308617,0.769,True,MIGRACION DIRECTA VIABLE,-9.97
4,BELEM M. DE GANDARA,TELMEX,,ACONCHI (SITIO ALTAN),29.8262,-110.21989,0.769,True,MIGRACION DIRECTA VIABLE,-9.91
3608,DIRECCIÓN GENERAL DE RECAUDACIÓN,TELMEX,343.97,(TZ-45) Centro integral PEI,29.094997,-111.028789,0.77,True,MIGRACION DIRECTA VIABLE,-11.13
2358,JOSE MA MORELOS,TELMEX,,EL-SAUZ,27.068219,-109.501556,0.77,True,MIGRACION DIRECTA VIABLE,-10.14
3639,DIF SONORA,TOTAL PLAY,8793,CESPEJO,29.091625,-110.975432,0.772,True,MIGRACION DIRECTA VIABLE,-3.97
1291,SOUTEELA,RED SEC,,POTAM,27.625629,-110.417627,0.773,True,MIGRACION DIRECTA VIABLE,-10.18
1758,JUAN AVILA CORDOVA,MEGACABLE,,(TZ-45) Torre Subcentro C5 Agua Prieta,31.319139,-109.558056,0.774,True,MIGRACION DIRECTA VIABLE,-9.29
2617,DOROTEO ROMERO QUIÑONEZ,MEGACABLE,,LUIS-ORCI,29.102933,-111.007014,0.776,True,MIGRACION DIRECTA VIABLE,-5.51
1889,HUMBERTO VILLELA LUGO,RED SEC,,PLANTEL NUEVO HERMOSILLO,29.012217,-110.928308,0.777,True,MIGRACION DIRECTA VIABLE,-9.34
2475,RODOLFO MONROY RIVERA,RED SEC,,LOS-KERESANOS,31.274739,-110.96225,0.78,True,MIGRACION DIRECTA VIABLE,-9.29
2689,VENUSTIANO CARRANZA,TELMEX,,Campo Deportivo Mpal de San Ignacio Rio Muerto,27.409988,-110.239434,0.78,True,MIGRACION DIRECTA VIABLE,-10.11
3448,MÓDULO CANANEA,TELMEX,,CANANEA,30.9777,-110.308617,0.782,True,MIGRACION DIRECTA VIABLE,-10.36
215,MIGUEL HIDALGO Y COSTILLA,TELMEX,,ARIZPE,30.338364,-110.167683,0.783,True,MIGRACION DIRECTA VIABLE,-10.44
1720,MAURICIO RODRIGUEZ KELLY,COMPUENLACES,,(TZ-45) Comandancia el Cortijo,29.143614,-110.986272,0.786,True,MIGRACION DIRECTA VIABLE,-9.41
2490,FRANCISCO Y JOSE CURIEL RAMOS,RED SEC,,DOMINGUEZ,31.298194,-110.927778,0.788,True,MIGRACION DIRECTA VIABLE,-10.38
3640,DIF SONORA,TELMEX,7207.44,CESPEJO,29.091625,-110.975432,0.788,True,MIGRACION DIRECTA VIABLE,-4.27
1018,GENERAL ESTEBAN BACA CALDERON,TELMEX,,CANANEA,30.9777,-110.308617,0.789,True,MIGRACION DIRECTA VIABLE,-11.68
2815,PROFA. ROSAURA RIVERA DE LOPEZ,TELNOR,,NUEVA-PALMIRA,32.446667,-114.73,0.789,True,MIGRACION DIRECTA VIABLE,-9.37
2449,GUSTAVO DIAZ ORDAZ,RED SEC,,(TZ-45) Torre C5 Nogales,31.290256,-110.951156,0.791,True,MIGRACION DIRECTA VIABLE,-10.35
1670,RAMON REAL CARRASCO,COMPUENLACES,,(TZ-45) Comandancia el Cortijo,29.143614,-110.986272,0.793,True,MIGRACION DIRECTA VIABLE,-5.21
1930,JOSE RAFAEL CAMPOY,MEGACABLE,,PLANTEL OBREGÓN I,27.477614,-109.928985,0.795,True,MIGRACION DIRECTA VIABLE,-6.97
1015,LEONA VICARIO,MEGACABLE,,CANANEA,30.9777,-110.308617,0.799,True,MIGRACION DIRECTA VIABLE,-10.38
1766,JOSE RAMON SALCEDO ENRIQUEZ,TELMEX,,RADIO-SONORA,31.27536,-110.92842,0.8,True,MIGRACION DIRECTA VIABLE,-2.65
1736,ARMANDO E VERDUGO RIVERA,TELMEX,,NUEVO-HERMOSILLO,29.008651,-110.935527,0.8,True,MIGRACION DIRECTA VIABLE,-10.08
3578,COORDINACION ESTATAL DE PROTECCION CIVIL,TOTAL PLAY,6699,BMXDGR,29.076318,-110.957066,0.801,True,MIGRACION DIRECTA VIABLE,-9.15
2545,HEROE DE NACOZARI,RED SEC,,MIRADOR-AL-VALLE,31.31326,-110.93056,0.804,True,MIGRACION DIRECTA VIABLE,-10.34
6,GENERAL FRANCISCO CONTRERAS,TELMEX,,ACONCHI (SITIO ALTAN),29.8262,-110.21989,0.807,True,MIGRACION DIRECTA VIABLE,-10.17
3019,"CECyTE, Bacobampo",COMPUPROYECCIONES,,(TZ-45) Torre Salubridad Etchojoa,26.978656,-109.656283,0.81,True,MIGRACION DIRECTA VIABLE,-10.18
1240,TELESECUNDARIA 247,TELMEX,,(TZ-45) Torre Palacio Municipal  Etchojoa,26.911617,-109.625892,0.813,True,MIGRACION DIRECTA VIABLE,-10.19
2752,YOLANDA MUÑOZ MEZA,MEGACABLE,,MEZQUITE,32.427675,-114.778164,0.814,True,MIGRACION DIRECTA VIABLE,-9.34
2715,CARLOS G. CALLES,TELNOR,,PLANTEL SAN LUIS RÍO COLORADO,32.451722,-114.751234,0.816,True,MIGRACION DIRECTA VIABLE,-10.18
3717,INSTITUTO SONORENSE DE EDUCACIÓN PARA LOS ADULTOS,TELMEX,688.79,AUFIS,29.069393,-110.944628,0.817,True,MIGRACION DIRECTA VIABLE,-11.06
3016,"CECyTE, Sahuaripa",COMPUPROYECCIONES,,SAHUARIPA,29.05581,-109.23689,0.818,True,MIGRACION DIRECTA VIABLE,-7.89
1738,RAFAEL SANTA CRUZ REYES,MEGACABLE,,PUEBLITOS,29.151882,-111.006934,0.824,True,MIGRACION DIRECTA VIABLE,-8.71
786,ANTONIO VIVALDI,RED SEC,,Hospital General de Obregón,27.4836,-109.955,0.826,True,MIGRACION DIRECTA VIABLE,-9.2
2814,MA. MERCEDES ANDRADE,TELNOR,,SONORA,32.455202,-114.779741,0.826,True,MIGRACION DIRECTA VIABLE,-9.34
2390,HORACIO POMPA LIZARRAGA,TELNOR,,SAN LUIS RÍO COLORADO,32.473614,-114.784344,0.826,True,MIGRACION DIRECTA VIABLE,-10.29
619,CLUB ROTARIO SAN LUIS RIO COLORADO DEL DESIERTO,TELNOR,,BUROCRATA,32.466578,-114.727925,0.827,True,MIGRACION DIRECTA VIABLE,-10.16
114,REVOLUCION,TELMEX,,ÁLAMOS,27.021836,-108.937803,0.827,True,MIGRACION DIRECTA VIABLE,-10.36
2455,ROSARIO ROLDAN DE ALVARADO,RED SEC,,NOGALES-SONORA,31.301719,-110.94187,0.828,True,MIGRACION DIRECTA VIABLE,-12.64
618,MARGARITA MADRIGAL SILVA,RED SEC,,BENITO-JUAREZ,30.715511,-112.167881,0.833,True,MIGRACION DIRECTA VIABLE,-10.18
3183,CENTRO DE SALUD BLOCK 410,TELMEX,,(TZ-45) Torre SSPM,27.464642,-109.928422,0.836,True,MIGRACION DIRECTA VIABLE,-9.26
1763,JORGE HUMBERTO CHAVEZ FUENTES,TELMEX,,VILLA-SONORA,31.26229,-110.94593,0.842,True,MIGRACION DIRECTA VIABLE,-9.8
1678,JOSEFA ORTIZ DE DOMINGUEZ,MEGACABLE,,LA-DOCE,28.84228,-111.48905,0.843,True,MIGRACION DIRECTA VIABLE,-9.71
1907,TELESECUNDARIA 213,TELMEX,,AUFIS,29.069393,-110.944628,0.846,True,MIGRACION DIRECTA VIABLE,-11.08
991,DESPERTAR,MEGACABLE,,CANANEA,30.9777,-110.308617,0.847,True,MIGRACION DIRECTA VIABLE,-10.71
1303,JOSE MA MORELOS Y PAVON,RED SEC,,Centro de Salud Vicam,27.647,-110.296,0.848,True,MIGRACION DIRECTA VIABLE,-11.16
2570,TELESECUNDARIA 62,TELMEX,,QUEROBABI,30.050978,-111.03,0.849,True,MIGRACION DIRECTA VIABLE,-10.16
1007,MANUEL M DIEGUEZ,MEGACABLE,,CANANEA,30.9777,-110.308617,0.853,True,MIGRACION DIRECTA VIABLE,-10.87
995,CANANEA,TELMEX,,CANANEA,30.9777,-110.308617,0.853,True,MIGRACION DIRECTA VIABLE,-10.87
872,HEROE DE NACOZARI,MEGACABLE,,PLANTEL OBREGÓN I,27.477614,-109.928985,0.854,True,MIGRACION DIRECTA VIABLE,-8.18
1674,BENITO JUAREZ,MEGACABLE,,CESPEJO,29.091625,-110.975432,0.855,True,MIGRACION DIRECTA VIABLE,-11.08
2609,BIENVENIDA LOPEZ URQUIDEZ,TELMEX,,H. Ayuntamiento de Yécora,28.37264,-108.925702,0.855,True,MIGRACION DIRECTA VIABLE,-9.41
1062,MARIANO MATAMOROS,TELMEX,,HEROE-DE-NACOZARI,27.959147,-110.79165,0.856,True,MIGRACION DIRECTA VIABLE,-10.0
1620,RICARDO MONTIJO MENDOZA,TELMEX,,MIRADOR-AL-VALLE,31.31326,-110.93056,0.857,True,MIGRACION DIRECTA VIABLE,-10.78
3473,MÓDULO UNISON HERMOSILLO,TELMEX,,BMXDGR,29.076318,-110.957066,0.858,True,MIGRACION DIRECTA VIABLE,-9.37
3638,SERVICIOS DE SALUD DE SONORA,TELMEX,5326.1,CESPEJO,29.091625,-110.975432,0.858,True,MIGRACION DIRECTA VIABLE,-10.1
31,NIÑOS HEROES,MEGACABLE,,(TZ-45) Torre Bomberos Agua Prieta,31.313606,-109.535972,0.858,True,MIGRACION DIRECTA VIABLE,-10.15
1270,CLUB DE LEONES,TELNOR,,Sin Nombre Especificado,31.856907,-112.856682,0.859,True,MIGRACION DIRECTA VIABLE,-10.33
1742,ERNESTO LOPEZ RIESGO,MEGACABLE,,NUEVO-HERMOSILLO,29.008651,-110.935527,0.859,True,MIGRACION DIRECTA VIABLE,-11.12
808,JAIME TORRES BODET,RED SEC,,(TZ-45) Torre SSPM,27.464642,-109.928422,0.864,True,MIGRACION DIRECTA VIABLE,-9.97
2309,PLUTARCO ELIAS CALLES,INDEX,,Universidad de Sonora  Campus Navojoa,27.074257,-109.429382,0.864,True,MIGRACION DIRECTA VIABLE,-10.22
2287,LUIS PETERSSON,TELMEX,,Universidad de Sonora  Campus Navojoa,27.074257,-109.429382,0.864,True,MIGRACION DIRECTA VIABLE,-10.22
671,MIGDALIA BURRUEL ALMAZAN,RED SEC,,(TZ-45) Torre Subcentro Caborca,30.727575,-112.161942,0.864,False,REQUIERE REPETIDOR O REVISION TECNICA,1.59
2808,HERIBERTO R SILVA,TELNOR,,KILOMETRO-CINCUENTA-Y-SIETE,32.20119,-114.98914,0.865,True,MIGRACION DIRECTA VIABLE,-10.16
2361,BENITO JUAREZ,RED SEC,,(TZ-45) Torre C4 Viejo Seg Publica,27.080367,-109.462436,0.865,True,MIGRACION DIRECTA VIABLE,-10.13
2517,GUSTAVO LAMAS CASTAÑEDA,MEGACABLE,,LOS-KERESANOS,31.274739,-110.96225,0.866,True,MIGRACION DIRECTA VIABLE,-10.83
1703,CARMEN SERDAN,TELMEX,,LUIS-ORCI,29.102933,-111.007014,0.868,True,MIGRACION DIRECTA VIABLE,-9.01
765,LUIS SANDI,RED SEC,,(TZ-45) Torre SSPM,27.464642,-109.928422,0.868,True,MIGRACION DIRECTA VIABLE,-8.06
950,PROF. HUMBERTO OCHOA MARTINEZ,MEGACABLE,,(TZ-45) Torre SSPM,27.464642,-109.928422,0.868,True,MIGRACION DIRECTA VIABLE,-10.2
3590,DIRECCIÓN GENERAL DE REGISTRO CIVIL,TELMEX,343.97,LA-DOCE,28.84228,-111.48905,0.868,True,MIGRACION DIRECTA VIABLE,-9.18
2702,FRANCISCO I. MADERO,MEGACABLE,,Campo Deportivo Mpal de San Ignacio Rio Muerto,27.409988,-110.239434,0.869,True,MIGRACION DIRECTA VIABLE,-10.13
2521,EDGARDO VILLELA MURRIETA,RED SEC,,LOS-KERESANOS,31.274739,-110.96225,0.872,True,MIGRACION DIRECTA VIABLE,-8.59
1259,JUAN BAUTISTA DE ANZA,TELMEX,,FRONTERAS,30.894625,-109.568311,0.872,True,MIGRACION DIRECTA VIABLE,-7.71
588,CLUB DE LEONES 1,TELMEX,,BENJAMIN-HILL-II,30.17355,-111.09948,0.872,True,MIGRACION DIRECTA VIABLE,-10.08
52,MARGARITA MAZA DE JUAREZ,TELMEX,,OPATA,31.327,-109.54715,0.875,True,MIGRACION DIRECTA VIABLE,-11.08
678,JOSEFA FIGUEROA COMADURAN VDA DE OROS,RED SEC,,CABORCA,30.727172,-112.155092,0.876,True,MIGRACION DIRECTA VIABLE,-11.56
3494,COORDINACION ESTATAL DE LA POLICÍA ESTATAL DE SEGURIDAD PÚBLICA,MEGACABLE,,SSP ESPEJO,29.091529,-110.975496,0.878,True,MIGRACION DIRECTA VIABLE,-10.71
674,CUAUHTEMOC,RED SEC,,LA-MESITA,30.698854,-112.161729,0.88,True,MIGRACION DIRECTA VIABLE,-10.18
613,ROSA AGAZZI,RED SEC,,CABORCA,30.727172,-112.155092,0.885,True,MIGRACION DIRECTA VIABLE,-11.56
34,JESUS QUIJADA AGUILAR,TELMEX,,TECNOLOGICO,31.33035,-109.522935,0.886,True,MIGRACION DIRECTA VIABLE,-10.17
1045,BENITO JUAREZ,RED SEC,,(TZ-45) Torre Palacio Municipal Empalme,27.957786,-110.815792,0.888,True,MIGRACION DIRECTA VIABLE,-10.18
597,ALEGRIA,RED SEC,,PLANTEL CABORCA,30.724127,-112.162188,0.889,True,MIGRACION DIRECTA VIABLE,-6.76
817,RECURSOS HIDRAULICOS,RED SEC,,(TZ-45) Torre Hospital General,27.483647,-109.953847,0.891,True,MIGRACION DIRECTA VIABLE,-8.4
2714,LUIS DONALDO COLOSIO MURRIETA,TELNOR,,LOS-PORTALES,32.46642,-114.8182,0.892,True,MIGRACION DIRECTA VIABLE,-10.21
2295,PROF. EDUARDO W VILLA,TELMEX,,BAVIACORA (SITIO ALTAN),29.71419,-110.16544,0.893,True,MIGRACION DIRECTA VIABLE,-8.38
3179,CAAPS,MEGACABLE,,CESPEJO,29.091625,-110.975432,0.895,True,MIGRACION DIRECTA VIABLE,-10.1
2895,AMADO NERVO,TELMEX,,TEPACHE,29.529121,-109.5294,0.899,True,MIGRACION DIRECTA VIABLE,-10.15
3047,Plantel Huatabampo,TELMEX,,HOSPITAL GENERAL,26.842562,-109.641426,0.9,True,MIGRACION DIRECTA VIABLE,-11.13
2759,20 DE NOVIEMBRE,TELNOR,,AEROPUERTO,32.44079,-114.80972,0.9,True,MIGRACION DIRECTA VIABLE,-9.18
1497,PILTZINTLI,COMPUENLACES,,(TZ-45) Comandancia el Cortijo,29.143614,-110.986272,0.903,True,MIGRACION DIRECTA VIABLE,-9.17
3443,MÓDULO AGUA PRIETA,TELMEX,,(TZ-45) Torre Subcentro C5 Agua Prieta,31.319139,-109.558056,0.911,True,MIGRACION DIRECTA VIABLE,-10.18
624,JUSTO SIERRA MENDEZ,RED SEC,,HEROICA-CABORCA,30.713508,-112.149922,0.912,True,MIGRACION DIRECTA VIABLE,-7.15
1462,NICOLAS CEDANO TORRES,MEGACABLE,,PUEBLITOS,29.151882,-111.006934,0.915,True,MIGRACION DIRECTA VIABLE,-10.12
3046,Plantel Guaymas - Gral. Plutarco Elías Calles,TELMEX,,(TZ-60) Torre CIF Guaymas,27.919503,-110.900733,0.915,True,MIGRACION DIRECTA VIABLE,-9.78
2716,SECUNDARIA GENERAL NUM. 3,TELNOR,,BUROCRATA,32.466578,-114.727925,0.915,True,MIGRACION DIRECTA VIABLE,-10.17
3594,DIRECCIÓN GENERAL DE ATENCIÓN A GRUPOS PRIORITARIOS Y MIGRANTES,TELMEX,473.27,AUFIS,29.069393,-110.944628,0.917,True,MIGRACION DIRECTA VIABLE,-10.08
994,AURORA,MEGACABLE,,RADIO TEC,30.98961,-110.26602,0.918,True,MIGRACION DIRECTA VIABLE,-10.07
3189,CENTRO DE SALUD URBANO Y ESTABILIZACIÓN DE EMPALME,TELMEX,,HEROE-DE-NACOZARI,27.959147,-110.79165,0.918,True,MIGRACION DIRECTA VIABLE,-10.13
3185,CENTRO DE SALUD CIUDAD DE LOS NIÑOS,MEGACABLE,,PLANTEL NUEVO HERMOSILLO,29.012217,-110.928308,0.922,True,MIGRACION DIRECTA VIABLE,-7.21
1481,BENITO JUAREZ,COMPUENLACES,,CESPEJO,29.091625,-110.975432,0.923,True,MIGRACION DIRECTA VIABLE,-9.07
909,MARIA LUISA PARRA ALMEIDA,RED SEC,,(TZ-45) Torre Fiscal,27.497094,-109.932206,0.924,True,MIGRACION DIRECTA VIABLE,-10.21
703,SECUNDARIA GENERAL NUM. 8,TELMEX,,ESPERANZA,27.56626,-109.9411,0.925,True,MIGRACION DIRECTA VIABLE,-10.16
2993,Plantel Álamos,TELMEX,,ÁLAMOS,27.021836,-108.937803,0.928,True,MIGRACION DIRECTA VIABLE,-10.31
2394,PROF. GILBERTO PACHECO C,TELMEX,,BENJAMÍN HILL,30.167956,-111.117789,0.93,True,MIGRACION DIRECTA VIABLE,-9.05
938,ENRIQUE C. REBSAMEN,MEGACABLE,,(TZ-45) Torre Fiscal,27.497094,-109.932206,0.931,True,MIGRACION DIRECTA VIABLE,-10.18
3745,INSTITUTO DE BECAS Y CREDITO EDUCATIVO DEL ESTADO DE SONORA,TOTAL PLAY,5209,PLANTEL OBREGÓN I,27.477614,-109.928985,0.932,True,MIGRACION DIRECTA VIABLE,-8.53
3734,INSTITUTO DE BECAS Y CREDITO EDUCATIVO DEL ESTADO DE SONORA,TELMEX,688.79,PLANTEL OBREGÓN I,27.477614,-109.928985,0.932,True,MIGRACION DIRECTA VIABLE,-8.53
2697,12 DE OCTUBRE,INDEX,,Prim 12 de Octubre de Pueblo Nuevo,27.464592,-110.193606,0.939,True,MIGRACION DIRECTA VIABLE,-9.11
528,ANA MARIA CASTRO SERRANO,RED SEC,,Centro de Salud Rural de Francisco J Mina (Campo 60),27.45816,-110.11326,0.942,True,MIGRACION DIRECTA VIABLE,-9.86
1884,MARIA GUADALUPE RICO DE RAMIREZ,COMPUENLACES,,PUEBLITOS,29.151882,-111.006934,0.942,True,MIGRACION DIRECTA VIABLE,-10.21
3439,CENTRO INTEGRAL DE ATENCIÓN A LA SALUD SUR NORTE,TOTAL PLAY,,(TZ-45) Comandancia Zona Norte,29.110261,-110.991386,0.945,True,MIGRACION DIRECTA VIABLE,-7.94
2536,FRANCISCA ARMIDA ROMERO DUARTE,RED SEC,,LOS-KERESANOS,31.274739,-110.96225,0.946,True,MIGRACION DIRECTA VIABLE,-11.01
601,MARIANO ABASOLO,RED SEC,,BENITO-JUAREZ,30.715511,-112.167881,0.946,True,MIGRACION DIRECTA VIABLE,-10.18
41,ELPIDIO GONZALEZ DUARTE,TELMEX,,BUENOS-AIRES,31.3103,-109.53725,0.946,True,MIGRACION DIRECTA VIABLE,-10.13
2512,FRANCISCO PERALTA GALVEZ,RED SEC,,CRUZ-DE-OLVIDO,31.3115,-110.96042,0.947,True,MIGRACION DIRECTA VIABLE,-9.63
2069,LUIS DONALDO COLOSIO MURRIETA,TELMEX,,ITHUA,26.820917,-109.618556,0.948,True,MIGRACION DIRECTA VIABLE,-10.14
3022,"CECyTE, Poblado Miguel Alemán",COMPUPROYECCIONES,,LA-DOCE,28.84228,-111.48905,0.949,True,MIGRACION DIRECTA VIABLE,-9.84
3641,DIF SONORA,TELMEX,343.97,CUM,29.10936,-110.993616,0.949,True,MIGRACION DIRECTA VIABLE,-9.86
1021,ESCUELA SECUNDARIA TECNICA NUM. 4,TELNOR,,SAN LUIS RÍO COLORADO,32.473614,-114.784344,0.95,True,MIGRACION DIRECTA VIABLE,-9.37
2456,NUEVO AMANECER,RED SEC,,CRUZ-DE-OLVIDO,31.3115,-110.96042,0.952,True,MIGRACION DIRECTA VIABLE,-10.08
2318,CLUB CAMARA JUNIOR,MEGACABLE,,Universidad de Sonora Módulo Navajoa,27.074073,-109.429392,0.953,True,MIGRACION DIRECTA VIABLE,-11.2
2869,IGNACIO ZARAGOZA,TELMEX,,SANTA CRUZ,31.237444,-110.595678,0.956,True,MIGRACION DIRECTA VIABLE,-8.55
2765,PROFA. EVA S DE LOPEZ MATEOS,TELNOR,,SAN LUIS RÍO COLORADO,32.473614,-114.784344,0.959,True,MIGRACION DIRECTA VIABLE,-10.06
2768,EMILIANO ZAPATA,TELNOR,,SONORA,32.455202,-114.779741,0.96,True,MIGRACION DIRECTA VIABLE,-10.01
1629,FRANCISCO ROMO MENDOZA,COMPUENLACES,,(TZ-45) Comandancia el Cortijo,29.143614,-110.986272,0.962,True,MIGRACION DIRECTA VIABLE,-10.08
2781,GENERAL LAZARO CARDENAS,TELNOR,,C5 SAN LUIS RÍO COLORADO,32.456613,-114.746291,0.965,True,MIGRACION DIRECTA VIABLE,-10.18
1724,ABIGAEL BOHORQUEZ,TELMEX,,(TZ-45) Comandancia el Cortijo,29.143614,-110.986272,0.968,True,MIGRACION DIRECTA VIABLE,-9.14
893,FORD 122 BENITO JUAREZ,TELMEX,,(TZ-30) Torre Marte R. Gomez,27.367919,-109.888328,0.969,True,MIGRACION DIRECTA VIABLE,-10.17
2274,VENUSTIANO CARRANZA,RED SEC,,(TZ-45) Torre C4 nuevo,27.078953,-109.443525,0.972,True,MIGRACION DIRECTA VIABLE,-9.47
1260,TELESECUNDARIA 216,COMPUPROYECCIONES,,FRONTERAS,30.894625,-109.568311,0.974,True,MIGRACION DIRECTA VIABLE,-10.3
3487,ITAMA - CTE GUAYMAS,TELMEX,,(TZ-60) Torre CIF Guaymas,27.919503,-110.900733,0.975,True,MIGRACION DIRECTA VIABLE,-10.17
2501,LEONA VICARIO,RED SEC,,DOMINGUEZ,31.298194,-110.927778,0.975,True,MIGRACION DIRECTA VIABLE,-9.25
35,FRANCISCO VILLA,TELMEX,,BUENOS-AIRES,31.3103,-109.53725,0.976,True,MIGRACION DIRECTA VIABLE,-10.08
1529,PROF. LAZARO MERCADO,MEGACABLE,,VSERIS,29.064011,-110.955496,0.979,True,MIGRACION DIRECTA VIABLE,-10.0
2259,LUIS DONALDO COLOSIO MURRIETA,RED SEC,,(TZ-45) Torre C4 Viejo Seg Publica,27.080367,-109.462436,0.98,True,MIGRACION DIRECTA VIABLE,-10.14
2357,JUSTO SIERRA,RED SEC,,(TZ-45) Torre C4 Viejo Seg Publica,27.080367,-109.462436,0.98,True,MIGRACION DIRECTA VIABLE,-10.14
1088,20 DE NOVIEMBRE,MEGACABLE,,H. Ayuntamiento Empalme,27.957581,-110.815899,0.984,True,MIGRACION DIRECTA VIABLE,-7.88
84,ADRIAN SALAS MADERA,TELMEX,,(TZ-45) Torre Comandancia municipal Álamos,27.039497,-108.944858,0.985,True,MIGRACION DIRECTA VIABLE,-9.24
2988,Plantel Obregon III,MEGACABLE,,ESPERANZA,27.56626,-109.9411,0.989,True,MIGRACION DIRECTA VIABLE,-10.14
2461,TOSALICARIT,RED SEC,,(TZ-45) Torre C5 Nogales,31.290256,-110.951156,0.991,True,MIGRACION DIRECTA VIABLE,-10.25
599,6 DE ABRIL,RED SEC,,LA-MESITA,30.698854,-112.161729,0.992,True,MIGRACION DIRECTA VIABLE,-11.18
2273,MARIA ENRIQUETA CAMARILLO DE PEREYRA,RED SEC,,PLANTEL NAVOJOA,27.065633,-109.449799,0.993,True,MIGRACION DIRECTA VIABLE,-10.24
665,CENTRO DE ATENCION MULTIPLE NUM. 52,TELMEX,,(TZ-45) Torre Hospital General,27.483647,-109.953847,0.994,True,MIGRACION DIRECTA VIABLE,-9.71
887,MEXICO,MEGACABLE,,(TZ-45) Torre SSPM,27.464642,-109.928422,0.995,True,MIGRACION DIRECTA VIABLE,-7.84
2774,JOSE MARIA MORELOS Y PAVON,MEGACABLE,,MEZQUITE,32.427675,-114.778164,0.995,True,MIGRACION DIRECTA VIABLE,-10.15
1833,PROF. JOSE JESUS VALENZUELA B,COMPUENLACES,,(TZ-45) Comandancia Zona Norte,29.110261,-110.991386,0.999,True,MIGRACION DIRECTA VIABLE,-8.76
595,PARAISO INFANTIL,RED SEC,,HEROICA-CABORCA,30.713508,-112.149922,1.004,True,MIGRACION DIRECTA VIABLE,-9.36
1516,JONAS E SALK,MEGACABLE,,VSERIS,29.064011,-110.955496,1.009,True,MIGRACION DIRECTA VIABLE,-8.53
2118,HEROE DE NACOZARI,TELMEX,,(TZ-45) Torre Palacio,30.7773,-110.861639,1.011,True,MIGRACION DIRECTA VIABLE,-8.61
713,MARIA MONTESSORI,RED SEC,,PLANTEL OBREGÓN I,27.477614,-109.928985,1.017,True,MIGRACION DIRECTA VIABLE,-11.16
1004,FORD 94,TELMEX,,RADIO TEC,30.98961,-110.26602,1.018,True,MIGRACION DIRECTA VIABLE,-9.12
2789,LORENZO CHAN BE,TELNOR,,NUEVA-PALMIRA,32.446667,-114.73,1.018,True,MIGRACION DIRECTA VIABLE,-11.19
1010,RAFAELA M DE RUIZ,MEGACABLE,,CANANEA,30.9777,-110.308617,1.019,True,MIGRACION DIRECTA VIABLE,-10.44
527,ELENA TORRES CUELLAR,RED SEC,,Centro de Salud Rural de Francisco J Mina (Campo 60),27.45816,-110.11326,1.022,True,MIGRACION DIRECTA VIABLE,-10.15
1046,AMADO NERVO,TELMEX,,MARIANO-ABASOLO,27.965214,-110.815558,1.023,True,MIGRACION DIRECTA VIABLE,-10.14
2602,VICENTE GUERRERO,TELMEX,,PUERTO PEÑASCO,31.305833,-113.540556,1.032,True,MIGRACION DIRECTA VIABLE,-10.13
1870,ALMA DELIA ARAGON ROMERO,TELMEX,,(TZ-45) Torre Comandancia Municipal,28.842942,-111.489844,1.036,True,MIGRACION DIRECTA VIABLE,-10.2
1357,NIÑOS HEROES DE CHAPULTEPEC,TELMEX,,(TZ-60) Torre CIF Guaymas,27.919503,-110.900733,1.036,False,REQUIERE REPETIDOR O REVISION TECNICA,88.06
647,ESCUADRON 201,RED SEC,,LA-MESITA,30.698854,-112.161729,1.037,True,MIGRACION DIRECTA VIABLE,-10.18
2576,ANTONIO OZUNA BETANCOURT,RED SEC,,PITIQUITO,30.67713,-112.05045,1.038,True,MIGRACION DIRECTA VIABLE,-9.06
2472,MARTHA AMALIA STRAFFON MANZANO,RED SEC,,CRUZ-DE-OLVIDO,31.3115,-110.96042,1.039,True,MIGRACION DIRECTA VIABLE,-9.87
2608,EDELBERTO PADILLA SAMANIEGO,TELMEX,,VILLA-SONORA,31.26229,-110.94593,1.039,True,MIGRACION DIRECTA VIABLE,-5.18
1456,JUAN ESCUTIA,MEGACABLE,,VSERIS,29.064011,-110.955496,1.042,True,MIGRACION DIRECTA VIABLE,-9.19
2802,LUIS G CANO,TELNOR,,SAN LUIS RÍO COLORADO,32.473614,-114.784344,1.043,True,MIGRACION DIRECTA VIABLE,-9.32
2995,Plantel Álvaro Obregón Salido (Huatabampo),TELMEX,,ITHUA,26.820917,-109.618556,1.044,True,MIGRACION DIRECTA VIABLE,-10.32
818,CLUB DE LEONES,RED SEC,,(TZ-45) Torre Hospital General,27.483647,-109.953847,1.045,True,MIGRACION DIRECTA VIABLE,-8.94
2663,ESCUADRON 201,TELMEX,,H. Ayuntamiento de Sahuaripa 2,29.05637,-109.23347,1.045,True,MIGRACION DIRECTA VIABLE,-10.17
2316,RAMON MOROYOQUI GIL,TELMEX,,Universidad de Sonora  Campus Navojoa,27.074257,-109.429382,1.045,True,MIGRACION DIRECTA VIABLE,-10.11
2119,JOSEFA ORTIZ DE DOMINGUEZ,TELMEX,,(TZ-45) Torre Palacio,30.7773,-110.861639,1.051,True,MIGRACION DIRECTA VIABLE,-10.23
577,BENITO JUAREZ,TELMEX,,(TZ-45) Torre dif villa juarez,27.128213,-109.830136,1.053,True,MIGRACION DIRECTA VIABLE,-7.51
1584,HELIO CARLOS AGANZA MORENO,RED SEC,,PUEBLITOS,29.151882,-111.006934,1.054,True,MIGRACION DIRECTA VIABLE,-4.88
1331,AMERICO VESPUCIO,RED SEC,,(TZ-45) Torre C5 Guaymas,27.946206,-110.934208,1.054,True,MIGRACION DIRECTA VIABLE,-10.01
8,JOSE LUIS CORREA MURILLO,TELMEX,,BUENOS-AIRES,31.3103,-109.53725,1.056,True,MIGRACION DIRECTA VIABLE,-9.72
737,ALVARO OBREGON,RED SEC,,(TZ-45) Torre Fiscal,27.497094,-109.932206,1.057,True,MIGRACION DIRECTA VIABLE,-10.41
517,AQUILES SERDAN,TELMEX,,Centro de Salud Rural de Francisco J Mina (Campo 60),27.45816,-110.11326,1.059,True,MIGRACION DIRECTA VIABLE,-10.15
3434,HOSPITAL ADOLFO LÓPEZ MATEOS,TOTAL PLAY,,(TZ-45) Torre Fiscal,27.497094,-109.932206,1.059,True,MIGRACION DIRECTA VIABLE,-10.18
3691,ISSSTESON,TOTAL PLAY,5735,(TZ-45) Torre Fiscal,27.497094,-109.932206,1.059,True,MIGRACION DIRECTA VIABLE,-10.18
2579,JOSE ESTRADA ALVAREZ,TELMEX,,DIF Municipal de Villa Juarez,27.128152,-109.829834,1.059,True,MIGRACION DIRECTA VIABLE,-9.64
827,HNOS FLORES MAGON,RED SEC,,(TZ-45) Torre SSPM,27.464642,-109.928422,1.061,True,MIGRACION DIRECTA VIABLE,-11.18
819,GENERAL LAZARO CARDENAS,RED SEC,,(TZ-45) Torre Hospital General,27.483647,-109.953847,1.062,True,MIGRACION DIRECTA VIABLE,-9.13
3696,ISSSTESON,TELMEX,559.48,(TZ-45) Torre Fiscal,27.497094,-109.932206,1.065,True,MIGRACION DIRECTA VIABLE,-9.97
3214,CENTRO DE SALUD SANTA ISABEL,MEGACABLE,,(TZ-45) Comandancia Zona Norte,29.110261,-110.991386,1.068,True,MIGRACION DIRECTA VIABLE,-7.22
1566,SOLEDAD LEYVA MUNGUIA,RED SEC,,(TZ-45) Torre Comandancia Municipal,28.842942,-111.489844,1.069,True,MIGRACION DIRECTA VIABLE,-10.22
3645,DIF SONORA,TELMEX,473.28,AUFIS,29.069393,-110.944628,1.07,True,MIGRACION DIRECTA VIABLE,-9.94
2918,21 AGOSTO DE 1944,TELMEX,,HERMOSILLO,29.429167,-110.377742,1.075,True,MIGRACION DIRECTA VIABLE,-9.55
2514,ALEJANDRO C. VILLASEÑOR,TELMEX,,MIRADOR-AL-VALLE,31.31326,-110.93056,1.077,False,REQUIERE REPETIDOR O REVISION TECNICA,3.41
2818,CARMEN RUIZ PAREDES,MEGACABLE,,EDIFICIO-NUEVO,32.418469,-114.747258,1.081,True,MIGRACION DIRECTA VIABLE,-10.18
729,SEBASTIAN LERDO DE TEJADA,RED SEC,,(TZ-45) Torre SSPM,27.464642,-109.928422,1.083,True,MIGRACION DIRECTA VIABLE,-10.19
161,JORGE NIEBLAS PINO,RED SEC,,HEROICA-CABORCA,30.713508,-112.149922,1.085,True,MIGRACION DIRECTA VIABLE,-10.2
600,HEROES DE CABORCA,RED SEC,,(TZ-45) Torre Subcentro Caborca,30.727575,-112.161942,1.086,True,MIGRACION DIRECTA VIABLE,-10.21
2799,PROF. MIGUEL CAZAREZ DAMIAN,TELNOR,,LOS-PORTALES,32.46642,-114.8182,1.088,True,MIGRACION DIRECTA VIABLE,-8.63
633,FRANCISCO VILLA,RED SEC,,LA-MESITA,30.698854,-112.161729,1.09,True,MIGRACION DIRECTA VIABLE,-3.71
221,CENTRO DE ATENCION MULTIPLE NUM. 11,RED SEC,,HEROE-DE-NACOZARI,27.959147,-110.79165,1.092,True,MIGRACION DIRECTA VIABLE,-9.3
1725,BELISARIO DOMINGUEZ,TELMEX,,(TZ-45) Comandancia el Cortijo,29.143614,-110.986272,1.092,True,MIGRACION DIRECTA VIABLE,-7.8
3408,CENTRO DE SALUD URBANO CABORCA,TELMEX,,BENITO-JUAREZ,30.715511,-112.167881,1.093,True,MIGRACION DIRECTA VIABLE,-10.29
605,ELVIRA CONTRERAS MENDEZ,RED SEC,,LA-MESITA,30.698854,-112.161729,1.096,True,MIGRACION DIRECTA VIABLE,-5.03
1092,ESCUELA SECUNDARIA TECNICA NUM. 11,RED SEC,,PITIQUITO,30.67713,-112.05045,1.101,True,MIGRACION DIRECTA VIABLE,-9.17
3203,CENTRO DE SALUD NAVOJOA ORIENTE,TELMEX,,Universidad de Sonora Módulo Navajoa,27.074073,-109.429392,1.101,True,MIGRACION DIRECTA VIABLE,-9.43
821,AMADO NERVO,RED SEC,,PLANTEL OBREGÓN I,27.477614,-109.928985,1.107,True,MIGRACION DIRECTA VIABLE,-10.18
3017,"CECyTE, Ejido Francisco Javier Mina",COMPUPROYECCIONES,,Centro de Salud Rural de Francisco J Mina (Campo 60),27.45816,-110.11326,1.11,True,MIGRACION DIRECTA VIABLE,-10.14
2132,TELESECUNDARIA 366,TELMEX,,(TZ-45) Torre Palacio,30.7773,-110.861639,1.116,True,MIGRACION DIRECTA VIABLE,-10.34
3581,DIRECCIÓN GENERAL DE ATENCIÓN A GRUPOS PRIORITARIOS Y MIGRANTES,TELMEX,688.79,CGOB,29.067638,-110.959266,1.128,True,MIGRACION DIRECTA VIABLE,-0.5
2502,PRIMERO DE JUNIO,RED SEC,,CORREDIR,31.28495,-110.95889,1.131,True,MIGRACION DIRECTA VIABLE,-10.4
998,JUAN RIVERA ARMENTA,RED SEC,,(TZ-45) Torre Hospital General,27.483647,-109.953847,1.133,True,MIGRACION DIRECTA VIABLE,-9.53
510,JOSE MARIA LEYVA CAJEME,RED SEC,,Centro de Salud BÁCUM,27.5551,-110.085,1.135,True,MIGRACION DIRECTA VIABLE,-9.41
1664,CLUB DE LEONES NUM. 3,COMPUPROYECCIONES,,SUBESTACION-NUMERO-CINCO,28.75333,-111.632058,1.136,True,MIGRACION DIRECTA VIABLE,-11.15
1918,TELESECUNDARIA 346,COMPUPROYECCIONES,,SUBESTACION-NUMERO-CINCO,28.75333,-111.632058,1.136,True,MIGRACION DIRECTA VIABLE,-11.15
632,JOSE VASCONCELOS,RED SEC,,(TZ-45) Torre Subcentro Caborca,30.727575,-112.161942,1.136,True,MIGRACION DIRECTA VIABLE,-7.35
1876,PROF. ENRIQUE GARCIA SANCHEZ,COMPUENLACES,,CUM,29.10936,-110.993616,1.138,True,MIGRACION DIRECTA VIABLE,-9.0
2464,MARTHA PATRICIA LOPEZ ALCANTAR,RED SEC,,LOS-KERESANOS,31.274739,-110.96225,1.139,True,MIGRACION DIRECTA VIABLE,-5.34
721,JUAN ESCUTIA,RED SEC,,PLANTEL OBREGÓN I,27.477614,-109.928985,1.141,True,MIGRACION DIRECTA VIABLE,-9.39
1860,ENRIQUE QUIJADA,TELMEX,,LUIS-ORCI,29.102933,-111.007014,1.142,True,MIGRACION DIRECTA VIABLE,-11.21
2275,LAURO AGUIRRE,RED SEC,,PLANTEL NAVOJOA,27.065633,-109.449799,1.144,True,MIGRACION DIRECTA VIABLE,-11.25
1014,IGNACIO HERNANDEZ,TELMEX,,CANANEA,30.9777,-110.308617,1.146,True,MIGRACION DIRECTA VIABLE,-10.45
2599,1 DE JUNIO,TELMEX,,PLANTEL PUERTO PEÑASCO,31.329356,-113.529867,1.146,True,MIGRACION DIRECTA VIABLE,-8.74
1894,ADELINA RAMIREZ YANEZ,TELMEX,,LA-DOCE,28.84228,-111.48905,1.147,True,MIGRACION DIRECTA VIABLE,-10.18
3481,ITAMA - CTE HERMOSILLO,TELMEX,,BMXDGR,29.076318,-110.957066,1.154,True,MIGRACION DIRECTA VIABLE,-9.61
2312,NARCISO MENDOZA,TELMEX,,ESPIGA,27.048847,-109.457025,1.155,True,MIGRACION DIRECTA VIABLE,-10.14
1693,PROF. LAUREANO CALVO BERBER,MEGACABLE,,AUFIS,29.069393,-110.944628,1.156,True,MIGRACION DIRECTA VIABLE,-7.47
1731,EJERCITO MEXICANO,MEGACABLE,,NUEVO-HERMOSILLO,29.008651,-110.935527,1.157,True,MIGRACION DIRECTA VIABLE,-10.68
3224,HOSPITAL GENERAL DE NAVOJOA,TELMEX,,PLANTEL NAVOJOA,27.065633,-109.449799,1.158,True,MIGRACION DIRECTA VIABLE,-11.19
3465,MÓDULO PUERTO PEÑASCO,TELMEX,,SAN FELIPE DE JESÚS,31.305833,-113.540438,1.16,True,MIGRACION DIRECTA VIABLE,-9.22
570,MARGARITA MAZA DE JUAREZ,TELMEX,,(TZ-45) Torre dif villa juarez,27.128213,-109.830136,1.162,True,MIGRACION DIRECTA VIABLE,-8.71
2128,BARAQUIEL D. FIMBRES,TELMEX,,VILLA HIDALGO,30.166433,-109.322178,1.163,True,MIGRACION DIRECTA VIABLE,-9.31
2388,LEONEL MORENO ROSANO,TELMEX,,(TZ-45) Torre dif villa juarez,27.128213,-109.830136,1.164,True,MIGRACION DIRECTA VIABLE,-9.67
3501,C5I CANANEA,TELMEX,,RADIO TEC,30.98961,-110.26602,1.164,True,MIGRACION DIRECTA VIABLE,-9.13
1844,IGNACIA FIMBRES,COMPUENLACES,,CESPEJO,29.091625,-110.975432,1.167,True,MIGRACION DIRECTA VIABLE,-10.08
2847,AIDA JOSEFINA NIEBLA GOMEZ,TELMEX,,SANTA-ANA,30.54169,-111.12766,1.177,True,MIGRACION DIRECTA VIABLE,-10.18
2283,HERIBERTO LARA CORONA,RED SEC,,Universidad de Sonora  Campus Navojoa,27.074257,-109.429382,1.179,True,MIGRACION DIRECTA VIABLE,-10.18
50,JOSEFA ORTIZ DE DOMINGUEZ,TELMEX,,(TZ-45) Torre Subcentro C5 Agua Prieta,31.319139,-109.558056,1.18,True,MIGRACION DIRECTA VIABLE,-9.14
3588,DIRECCIÓN GENERAL DE REGISTRO CIVIL,TELMEX,343.97,(TZ-45) Torre Hospital General,27.483647,-109.953847,1.18,True,MIGRACION DIRECTA VIABLE,-10.16
1762,JOAQUIN ENRIQUEZ FLORES,MEGACABLE,,NUEVO-HERMOSILLO,29.008651,-110.935527,1.182,True,MIGRACION DIRECTA VIABLE,-10.24
875,CLUB 20 30,MEGACABLE,,(TZ-45) Torre SSPM,27.464642,-109.928422,1.182,True,MIGRACION DIRECTA VIABLE,-10.35
2271,EDMUNDO DE AMICIS,RED SEC,,ESPIGA,27.048847,-109.457025,1.191,True,MIGRACION DIRECTA VIABLE,-11.13
2983,Plantel José María Maytorena Tapia (Guaymas),TOTAL PLAY,,(TZ-45) Torre C5 Guaymas,27.946206,-110.934208,1.192,True,MIGRACION DIRECTA VIABLE,-7.67
3045,Plantel Empalme,TELMEX,,HEROE-DE-NACOZARI,27.959147,-110.79165,1.196,True,MIGRACION DIRECTA VIABLE,-9.19
3727,UNIVERSIDAD ESTATAL DE SONORA,TELMEX,5751.15,(TZ-45) Torre dif villa juarez,27.128213,-109.830136,1.197,True,MIGRACION DIRECTA VIABLE,-9.48
3075,SUPERIOR ESTATAL DE SONORA-Unidad Academica Benito Juarez,TELMEX,,(TZ-45) Torre dif villa juarez,27.128213,-109.830136,1.197,True,MIGRACION DIRECTA VIABLE,-9.48
3076,SUPERIOR ESTATAL DE SONORA-Unidad Academica Benito Juarez,TELMEX,,(TZ-45) Torre dif villa juarez,27.128213,-109.830136,1.197,True,MIGRACION DIRECTA VIABLE,-9.48
3187,CENTRO DE SALUD DOMINGO OLIVARES,TELMEX,,BMXDGR,29.076318,-110.957066,1.203,True,MIGRACION DIRECTA VIABLE,-9.24
899,ABELARDO L. RODRIGUEZ,RED SEC,,PLANTEL OBREGÓN II,27.44299,-109.924923,1.207,True,MIGRACION DIRECTA VIABLE,-8.22
2448,MARIANO MATAMOROS,RED SEC,,DOMINGUEZ,31.298194,-110.927778,1.211,True,MIGRACION DIRECTA VIABLE,-4.03
2948,MIGUEL HIDALGO Y COSTILLA,COMPUPROYECCIONES,,H. Ayuntamiento de Yécora,28.37264,-108.925702,1.212,True,MIGRACION DIRECTA VIABLE,-11.05
1221,ANTONIO VILLARREAL CEBREROS,TELMEX,,ESPERANZA,27.56626,-109.9411,1.224,True,MIGRACION DIRECTA VIABLE,-9.3
1342,JOSE ZAVALA,RED SEC,,Cerro Onteme,27.603578,-110.289613,1.226,True,MIGRACION DIRECTA VIABLE,-11.03
2338,VICENTE GUERRERO,TELMEX,,Cuarentenaria Bahuises,27.127718,-109.469734,1.227,True,MIGRACION DIRECTA VIABLE,-9.18
2243,LA LOMITA,RED SEC,,Cuarentenaria Bahuises,27.127718,-109.469734,1.227,True,MIGRACION DIRECTA VIABLE,-9.18
2505,RICARDO FLORES MAGON,RED SEC,,(TZ-45) Torre C5 Nogales,31.290256,-110.951156,1.228,True,MIGRACION DIRECTA VIABLE,-10.22
760,MARGARITA PAZ PAREDES,MEGACABLE,,Torre C4,27.525981,-109.930289,1.229,True,MIGRACION DIRECTA VIABLE,-9.19
207,IGNACIO MANUEL ALTAMIRANO,TELMEX,,(TZ-45) Comandancia de Policia,30.703842,-111.827728,1.23,True,MIGRACION DIRECTA VIABLE,-9.2
1463,LUIS DONALDO COLOSIO MURRIETA,MEGACABLE,,(TZ-45) Comandancia Zona Norte,29.110261,-110.991386,1.238,True,MIGRACION DIRECTA VIABLE,-8.87
2769,LIC. ADOLFO LOPEZ MATEOS,TELNOR,,LOS-PORTALES,32.46642,-114.8182,1.239,True,MIGRACION DIRECTA VIABLE,-10.18
1836,DR. JAIME TORRES BODET,COMPUENLACES,,CESPEJO,29.091625,-110.975432,1.247,True,MIGRACION DIRECTA VIABLE,-9.53
1756,CUAUHTEMOC GARCIA VALLEJO,MEGACABLE,,PUEBLITOS,29.151882,-111.006934,1.251,True,MIGRACION DIRECTA VIABLE,-8.45
1851,"CLUB DE LEONES 5, MANUEL GONZALEZ",MEGACABLE,,BMXDGR,29.076318,-110.957066,1.252,True,MIGRACION DIRECTA VIABLE,-10.23
2319,MEXICO NUEVO,TELMEX,,Cuarentenaria Bahuises,27.127718,-109.469734,1.254,True,MIGRACION DIRECTA VIABLE,-9.45
2280,GABRIEL GARCIA MARQUEZ,RED SEC,,Cuarentenaria Bahuises,27.127718,-109.469734,1.254,True,MIGRACION DIRECTA VIABLE,-9.45
2800,PROFA. ESTHER QUIJADA DOMINGUEZ,TELNOR,,SAN LUIS RÍO COLORADO,32.473614,-114.784344,1.261,True,MIGRACION DIRECTA VIABLE,-9.32
701,MOISES SAENZ,MEGACABLE,,(TZ-45) Torre Fiscal,27.497094,-109.932206,1.271,True,MIGRACION DIRECTA VIABLE,-9.26
3208,CENTRO DE SALUD PEÑASCO,TELMEX,,PLANTEL PUERTO PEÑASCO,31.329356,-113.529867,1.274,True,MIGRACION DIRECTA VIABLE,-10.16
996,MINERITO,TELMEX,,RADIO TEC,30.98961,-110.26602,1.274,True,MIGRACION DIRECTA VIABLE,-9.2
1711,RODOLFO CAMPODONICO,MEGACABLE,,CGOB,29.067638,-110.959266,1.275,True,MIGRACION DIRECTA VIABLE,-8.18
2783,JOSE VASCONCELOS,TELNOR,,MEZQUITE,32.427675,-114.778164,1.284,True,MIGRACION DIRECTA VIABLE,-9.14
1704,SOR JUANA INES DE LA CRUZ,RED SEC,,CGOB,29.067638,-110.959266,1.284,True,MIGRACION DIRECTA VIABLE,-9.62
1875,GENERAL IGNACIO L PESQUEIRA,COMPUENLACES,,(TZ-45) Comandancia Zona Norte,29.110261,-110.991386,1.284,True,MIGRACION DIRECTA VIABLE,-11.08
895,GREGORIO TORRES QUINTERO,MEGACABLE,,Hospital General de Obregón,27.4836,-109.955,1.285,True,MIGRACION DIRECTA VIABLE,-8.75
2281,MANUEL GUTIERREZ NAJERA,RED SEC,,ESPIGA,27.048847,-109.457025,1.289,True,MIGRACION DIRECTA VIABLE,-10.14
2143,LUIS DONALDO COLOSIO M,TELMEX,,MAGDALENA,30.6298,-110.96689,1.294,True,MIGRACION DIRECTA VIABLE,-3.66
2165,ALVARO OBREGON 2,TELMEX,,MAGDALENA,30.6298,-110.96689,1.298,True,MIGRACION DIRECTA VIABLE,-9.8
1086,CUAUHTEMOC,TELMEX,,HEROE-DE-NACOZARI,27.959147,-110.79165,1.299,True,MIGRACION DIRECTA VIABLE,-10.29
3774,CENTRO DE TRANSFUSION SANGUINEA,TELMEX,,BMXDGR,29.076318,-110.957066,1.301,True,MIGRACION DIRECTA VIABLE,-8.18
1719,MELCHOR OCAMPO,COMPUENLACES,,(TZ-45) Comandancia el Cortijo,29.143614,-110.986272,1.302,True,MIGRACION DIRECTA VIABLE,-10.25
1495,TIERRA FERTIL,MEGACABLE,,CGOB,29.067638,-110.959266,1.304,True,MIGRACION DIRECTA VIABLE,-9.03
2084,PROF. EFRAIN BUENROSTRO,TELMEX,,(TZ-45) Comandancia de Policia,30.703842,-111.827728,1.304,True,MIGRACION DIRECTA VIABLE,-9.84
1732,VICENTE LOMBARDO TOLEDANO,MEGACABLE,,(TZ-45) Comandancia el Cortijo,29.143614,-110.986272,1.306,True,MIGRACION DIRECTA VIABLE,-9.71
3205,CENTRO DE SALUD OBREGÓN CENTRO,TELMEX,,(TZ-45) Torre Fiscal,27.497094,-109.932206,1.309,True,MIGRACION DIRECTA VIABLE,-11.18
2775,DR. JAIME TORRES BODET,TELNOR,,AEROPUERTO,32.44079,-114.80972,1.309,True,MIGRACION DIRECTA VIABLE,-10.16
1218,MARTIN R ENCINAS,MEGACABLE,,CENTRO DE SALUD BACOBAMPO,26.979011,-109.654255,1.314,True,MIGRACION DIRECTA VIABLE,-8.76
2558,CARLOTA AMALIA VALDEZ MIRANDA,GLOBALSAT,,EL-TORREON,31.16167,-110.9703,1.316,True,MIGRACION DIRECTA VIABLE,-10.29
2557,MARIA DE LOS ANGELES QUI¤ONES ALEJO,MEGACABLE,,EL-TORREON,31.16167,-110.9703,1.316,True,MIGRACION DIRECTA VIABLE,-10.29
891,FRAY FRANCISCO EUSEBIO KINO,MEGACABLE,,PLANTEL OBREGÓN II,27.44299,-109.924923,1.318,True,MIGRACION DIRECTA VIABLE,-9.84
954,JESUS AGUIRRE DURAN,MEGACABLE,,(TZ-45) Torre Fiscal,27.497094,-109.932206,1.32,True,MIGRACION DIRECTA VIABLE,-11.23
3210,CENTRO DE SALUD POBLADO MIGUEL ALEMAN 2,MEGACABLE,,(TZ-45) Torre Comandancia Municipal,28.842942,-111.489844,1.324,True,MIGRACION DIRECTA VIABLE,-10.18
1034,MANUEL ORTIZ PAREDES,RED SEC,,AUFIS,29.069393,-110.944628,1.325,True,MIGRACION DIRECTA VIABLE,-9.06
1838,LIC. ADOLFO LOPEZ MATEOS,MEGACABLE,,(TZ-45) Comandancia Zona Norte,29.110261,-110.991386,1.326,True,MIGRACION DIRECTA VIABLE,-10.14
2290,CARLOS LORENZINI,RED SEC,,Universidad de Sonora Módulo Navajoa,27.074073,-109.429392,1.327,True,MIGRACION DIRECTA VIABLE,-10.15
1855,PROF. ANGEL ARRIOLA,TELMEX,,BMXDGR,29.076318,-110.957066,1.329,True,MIGRACION DIRECTA VIABLE,-10.06
1878,TEODOSIO NAVARRETE GARCIA,MEGACABLE,,(TZ-45) Comandancia el Cortijo,29.143614,-110.986272,1.329,True,MIGRACION DIRECTA VIABLE,-9.34
1675,MARGARITA MAZA DE JUAREZ,COMPUENLACES,,(TZ-45) Comandancia Zona Norte,29.110261,-110.991386,1.332,True,MIGRACION DIRECTA VIABLE,-11.08
925,AGUSTIN MELGAR,RED SEC,,(TZ-45) Torre Hospital General,27.483647,-109.953847,1.334,True,MIGRACION DIRECTA VIABLE,-9.18
3619,SERVICIOS DE SALUD DE SONORA,TELMEX,473.28,(TZ-45) Torre Fiscal,27.497094,-109.932206,1.334,True,MIGRACION DIRECTA VIABLE,-10.23
3773,DIRECCIÓN GENERAL DE SALUD MENTAL,TELMEX,,SSP ESPEJO,29.091529,-110.975496,1.338,True,MIGRACION DIRECTA VIABLE,-9.2
567,JOSE MA MORELOS,TELMEX,,(TZ-45) Torre dif villa juarez,27.128213,-109.830136,1.34,True,MIGRACION DIRECTA VIABLE,-8.77
2516,ROMAN BAQUEIRO TEC,RED SEC,,(TZ-45) Torre C5 Nogales,31.290256,-110.951156,1.342,True,MIGRACION DIRECTA VIABLE,-10.13
1483,ARNOLD GESSEL,MEGACABLE,,COMUNICACIÓN SOCIAL,29.074473,-110.958499,1.346,True,MIGRACION DIRECTA VIABLE,-10.39
2786,AURELIO RENTERIA FLORES,TELNOR,,EDIFICIO-NUEVO,32.418469,-114.747258,1.352,True,MIGRACION DIRECTA VIABLE,-10.18
2637,ROBERTO H. CRUZ HOYOS,MEGACABLE,,(TZ-45) Comandancia el Cortijo,29.143614,-110.986272,1.353,True,MIGRACION DIRECTA VIABLE,-8.92
3771,DISTRITO DE SALUD 4 OBREGÓN,TELMEX,,(TZ-45) Torre Fiscal,27.497094,-109.932206,1.353,True,MIGRACION DIRECTA VIABLE,-10.23
3463,MÓDULO POBLADO MIGUEL ALEMAN,TELMEX,,LA-DOCE,28.84228,-111.48905,1.356,True,MIGRACION DIRECTA VIABLE,-9.48
3698,ISSSTESON,TELMEX,559.48,LA-DOCE,28.84228,-111.48905,1.356,True,MIGRACION DIRECTA VIABLE,-9.48
1089,ESCUELA SECUNDARIA TECNICA NUM. 10,TELMEX,,ITHUA,26.820917,-109.618556,1.358,True,MIGRACION DIRECTA VIABLE,-9.16
2699,23 DE OCTUBRE,MEGACABLE,,Campo Deportivo Mpal de San Ignacio Rio Muerto,27.409988,-110.239434,1.361,True,MIGRACION DIRECTA VIABLE,-10.13
1684,NIÑOS HEROES,MEGACABLE,,(TZ-45) Comandancia Zona Norte,29.110261,-110.991386,1.366,True,MIGRACION DIRECTA VIABLE,-11.04
854,JAIME NUNO,MEGACABLE,,(TZ-45) Torre SSPM,27.464642,-109.928422,1.38,True,MIGRACION DIRECTA VIABLE,-10.2
1826,INSTITUTO IRIS,TELMEX,,COMUNICACIÓN SOCIAL,29.074473,-110.958499,1.382,True,MIGRACION DIRECTA VIABLE,-10.24
2262,JUAN DE LA BARRERA,RED SEC,,AGENCIA FISCAL,27.082605,-109.447167,1.382,True,MIGRACION DIRECTA VIABLE,-9.2
3617,SERVICIOS DE SALUD DE SONORA,TELMEX,473.28,VSERIS,29.064011,-110.955496,1.383,True,MIGRACION DIRECTA VIABLE,-10.14
3435,HOSPITAL ISSSTESON GUAYMAS,TOTAL PLAY,,(TZ-60) Torre CIF Guaymas,27.919503,-110.900733,1.394,False,REQUIERE REPETIDOR O REVISION TECNICA,102.54
2532,LUIS DONALDO COLOSIO MURRIETA,RED SEC,,CABORCA,30.727172,-112.155092,1.395,True,MIGRACION DIRECTA VIABLE,-9.48
1856,VICENTE MORA,COMPUENLACES,,CESPEJO,29.091625,-110.975432,1.401,True,MIGRACION DIRECTA VIABLE,-11.03
1888,PEDRO VAZQUEZ RUBIANO,MEGACABLE,,PUEBLITOS,29.151882,-111.006934,1.403,True,MIGRACION DIRECTA VIABLE,-4.92
3496,COORDINACIÓN ESTATAL DEL SISTEMA PENITENCIARIO,TELMEX,,PIND,29.014912,-110.924153,1.407,True,MIGRACION DIRECTA VIABLE,-7.27
1006,LUIS DONALDO COLOSIO MURRIETA,TELMEX,,CANANEA,30.9777,-110.308617,1.408,True,MIGRACION DIRECTA VIABLE,-10.5
1500,LEON FELIPE,MEGACABLE,,COMUNICACIÓN SOCIAL,29.074473,-110.958499,1.409,True,MIGRACION DIRECTA VIABLE,-9.49
3221,HOSPITAL GENERAL DE CANANEA,TELMEX,,(TZ-45) Torre C5 Cananea,30.988503,-110.263033,1.414,True,MIGRACION DIRECTA VIABLE,-7.65
1769,ESCUELA SECUNDARIA TECNICA NUM. 79,RED SEC,,HOSPITAL GENERAL,26.842562,-109.641426,1.417,True,MIGRACION DIRECTA VIABLE,-10.12
3606,DIRECCIÓN GENERAL DE RECAUDACIÓN,TELMEX,473.28,PLANTEL NUEVO HERMOSILLO,29.012217,-110.928308,1.417,True,MIGRACION DIRECTA VIABLE,-9.97
3605,COORDINACIÓN EJECUTIVA DE AUDITORÍA FISCAL,TELMEX,343.97,(TZ-45) Torre Fiscal,27.497094,-109.932206,1.419,True,MIGRACION DIRECTA VIABLE,-7.94
1845,IGNACIO RAMIREZ,TELMEX,,AUFIS,29.069393,-110.944628,1.421,True,MIGRACION DIRECTA VIABLE,-10.92
2192,GABRIEL VALDEZ VILLA,TELMEX,,JOSE-MARIA-MORELOS,31.32499,-109.94746,1.421,True,MIGRACION DIRECTA VIABLE,-9.13
611,RAYMUNDO MARQUEZ LEON,RED SEC,,HEROICA-CABORCA,30.713508,-112.149922,1.427,True,MIGRACION DIRECTA VIABLE,-9.15
2559,DISTRIBUIDORES NISSAN,RED SEC,,CRUZ-DE-OLVIDO,31.3115,-110.96042,1.431,True,MIGRACION DIRECTA VIABLE,-6.23
1549,PRADERAS,MEGACABLE,,CGOB,29.067638,-110.959266,1.432,True,MIGRACION DIRECTA VIABLE,-8.66
3180,CENTRO DE SALUD ALTAR,TELMEX,,(TZ-45) Comandancia de Policia,30.703842,-111.827728,1.435,True,MIGRACION DIRECTA VIABLE,-10.2
3620,SERVICIOS DE SALUD DE SONORA,TOTAL PLAY,2794,VSERIS,29.064011,-110.955496,1.439,True,MIGRACION DIRECTA VIABLE,-10.13
3630,SERVICIOS DE SALUD DE SONORA,TELMEX,343.97,VSERIS,29.064011,-110.955496,1.439,True,MIGRACION DIRECTA VIABLE,-10.13
1460,JOSE VASCONCELOS,TELMEX,,SSP ESPEJO,29.091529,-110.975496,1.442,True,MIGRACION DIRECTA VIABLE,-10.19
1017,PROF. GILBERTO CASTILLO RIOS,TELMEX,,(TZ-45) Torre C5 Cananea,30.988503,-110.263033,1.448,True,MIGRACION DIRECTA VIABLE,-10.23
807,LIBERTAD Y JUSTICIA,RED SEC,,PLANTEL OBREGÓN II,27.44299,-109.924923,1.448,True,MIGRACION DIRECTA VIABLE,-8.97
993,SAXI,TELMEX,,(TZ-45) Torre C5 Cananea,30.988503,-110.263033,1.449,True,MIGRACION DIRECTA VIABLE,-6.72
1011,CRUZ AMALIA ELIAS GONZALEZ,MEGACABLE,,CANANEA,30.9777,-110.308617,1.451,True,MIGRACION DIRECTA VIABLE,-9.25
3027,"CECyTE, Luis B. Sánchez",COMPUPROYECCIONES,,KILOMETRO-CINCUENTA-Y-SIETE,32.20119,-114.98914,1.451,True,MIGRACION DIRECTA VIABLE,-9.71
1897,ABELARDO VALENZUELA BALLESTEROS,RED SEC,,PUEBLITOS,29.151882,-111.006934,1.452,True,MIGRACION DIRECTA VIABLE,-11.01
2813,GENERAL VICENTE GUERRERO,TELNOR,,C5 SAN LUIS RÍO COLORADO,32.456613,-114.746291,1.456,True,MIGRACION DIRECTA VIABLE,-10.17
3498,C5i GUAYMAS,TELMEX,,GUAYMAS,27.941844,-110.905094,1.457,True,MIGRACION DIRECTA VIABLE,-12.66
2867,MARIA JESUS NORIEGA TORRES,TELMEX,,(TZ-45) Torre Comandancia Municipal,28.842942,-111.489844,1.458,True,MIGRACION DIRECTA VIABLE,-9.24
1009,MARGARITA,MEGACABLE,,CANANEA,30.9777,-110.308617,1.46,True,MIGRACION DIRECTA VIABLE,-7.77
1883,MIGDELINA GIL SAMANIEGO,COMPUENLACES,,CESPEJO,29.091625,-110.975432,1.461,True,MIGRACION DIRECTA VIABLE,-11.01
1850,CLUB DE LEONES 4,MEGACABLE,,LAS-LOMAS,29.051335,-110.939713,1.463,False,REQUIERE REPETIDOR O REVISION TECNICA,22.62
1305,MA. ELENA CHANES,RED SEC,,(TZ-60) Torre CIF Guaymas,27.919503,-110.900733,1.465,True,MIGRACION DIRECTA VIABLE,-10.18
1739,MANUEL GONZALEZ FRANCO,MEGACABLE,,GANADEROS,29.037639,-110.935456,1.467,True,MIGRACION DIRECTA VIABLE,-8.13
3040,Plantel Hermosillo III,TOTAL PLAY,,PIND,29.014912,-110.924153,1.475,True,MIGRACION DIRECTA VIABLE,-9.29
1658,HEROES DE CABORCA,TELMEX,,(TZ-45) Comandancia Zona Norte,29.110261,-110.991386,1.478,True,MIGRACION DIRECTA VIABLE,-10.27
1310,CLAUDIO DEBUSSY,RED SEC,,(TZ-45) Torre C5 Guaymas,27.946206,-110.934208,1.482,True,MIGRACION DIRECTA VIABLE,-9.96
1306,ADOLFO DE LA HUERTA,RED SEC,,(TZ-60) Torre CIF Guaymas,27.919503,-110.900733,1.482,True,MIGRACION DIRECTA VIABLE,-10.16
1637,DEMOFILO MALDONADO NATERAS,MEGACABLE,,LUIS-ORCI,29.102933,-111.007014,1.489,True,MIGRACION DIRECTA VIABLE,-9.15
873,LIC. ADOLFO LOPEZ MATEOS,RED SEC,,(TZ-45) Torre SSPM,27.464642,-109.928422,1.49,True,MIGRACION DIRECTA VIABLE,-8.84
38,ALVARO OBREGON,TELMEX,,(T5-35) Sin Nombre Especificado,31.311738,-109.534488,1.491,True,MIGRACION DIRECTA VIABLE,-10.04
2076,PROF. MANUEL ROBLES TOVAR,MEGACABLE,,ESPERANZA,27.56626,-109.9411,1.491,True,MIGRACION DIRECTA VIABLE,-11.08
2293,SALVADOR DALI,RED SEC,,Universidad de Sonora  Campus Navojoa,27.074257,-109.429382,1.495,True,MIGRACION DIRECTA VIABLE,-8.87
2285,HENRI WALLON,RED SEC,,Universidad de Sonora Módulo Navajoa,27.074073,-109.429392,1.497,True,MIGRACION DIRECTA VIABLE,-8.39
700,VALENTIN GOMEZ FARIAS,MEGACABLE,,(TZ-45) Torre Fiscal,27.497094,-109.932206,1.501,True,MIGRACION DIRECTA VIABLE,-9.22
1373,SEBASTIAN GONZALEZ,TELMEX,,Centro de Salud Vicam,27.647,-110.296,1.502,True,MIGRACION DIRECTA VIABLE,-10.18
2613,FRANCISCO URREA BERMUDEZ,TELMEX,,(TZ-45) Torre Subcentro C5 PP,31.333964,-113.52995,1.504,True,MIGRACION DIRECTA VIABLE,-10.16
1722,LUIS DONALDO COLOSIO MURRIETA,COMPUENLACES,,CUM,29.10936,-110.993616,1.505,True,MIGRACION DIRECTA VIABLE,-7.8
2368,RICARDO FLORES MAGON,TELMEX,,(TZ-45) Torre UES,27.047372,-109.452433,1.508,True,MIGRACION DIRECTA VIABLE,-9.29
2149,SONOTL,MEGACABLE,,MAGDALENA,30.6298,-110.96689,1.512,True,MIGRACION DIRECTA VIABLE,-10.13
3043,Plantel Ciudad Obregón,TELMEX,,PLANTEL OBREGÓN I,27.477614,-109.928985,1.517,True,MIGRACION DIRECTA VIABLE,-11.88
2520,HORACIO AVENDAÑO ARREDONDO,RED SEC,,CORREDIR,31.28495,-110.95889,1.518,True,MIGRACION DIRECTA VIABLE,-7.18
989,ESPERANZA,MEGACABLE,,CANANEA,30.9777,-110.308617,1.518,False,REQUIERE REPETIDOR O REVISION TECNICA,0.55
2784,JUAN G. CABRAL,MEGACABLE,,VILLA-COLONIAL,32.450023,-114.75052,1.524,True,MIGRACION DIRECTA VIABLE,-10.17
1636,JUAN ENRIQUE PESTALOZZI,COMPUENLACES,,(TZ-45) Comandancia el Cortijo,29.143614,-110.986272,1.525,True,MIGRACION DIRECTA VIABLE,-8.79
3445,MÓDULO BENITO JUÁREZ,TELMEX,,(TZ-45) Torre dif villa juarez,27.128213,-109.830136,1.527,True,MIGRACION DIRECTA VIABLE,-9.41
2760,FRANCISCO SARABIA,TELNOR,,AEROPUERTO,32.44079,-114.80972,1.528,True,MIGRACION DIRECTA VIABLE,-9.18
3227,HOSPITAL GENERAL PUERTO PEÑASCO,TELMEX,,(TZ-45) Torre Subcentro C5 PP,31.333964,-113.52995,1.529,True,MIGRACION DIRECTA VIABLE,-10.13
1478,NACAMERI,MEGACABLE,,CGOB,29.067638,-110.959266,1.532,True,MIGRACION DIRECTA VIABLE,-9.95
2972,Plantel Bahia de Kino,TELMEX,,BAHIA-DE-KINO,28.832808,-111.955989,1.533,True,MIGRACION DIRECTA VIABLE,-10.28
1835,PROF. FRANCISCO NAVARRO ESTRADA,MEGACABLE,,GANADEROS,29.037639,-110.935456,1.533,True,MIGRACION DIRECTA VIABLE,-8.76
1295,EL TRENECITO,RED SEC,,Centro de Salud Vicam,27.647,-110.296,1.536,True,MIGRACION DIRECTA VIABLE,-10.15
1857,ROSARIO PALIZA DE CARPIO,COMPUENLACES,,CESPEJO,29.091625,-110.975432,1.537,True,MIGRACION DIRECTA VIABLE,-11.04
3746,COMISIÓN DE ECOLOGÍA Y DESARROLLO SUSTENTABLE DEL ESTADO DE SONORA,TELMEX,2608.25,CESPEJO,29.091625,-110.975432,1.547,True,MIGRACION DIRECTA VIABLE,-8.92
3747,COMISIÓN DE ECOLOGÍA Y DESARROLLO SUSTENTABLE DEL ESTADO DE SONORA,TELMEX,2608.25,CESPEJO,29.091625,-110.975432,1.547,True,MIGRACION DIRECTA VIABLE,-8.92
3748,COMISIÓN DE ECOLOGÍA Y DESARROLLO SUSTENTABLE DEL ESTADO DE SONORA,TELMEX,2608.25,CESPEJO,29.091625,-110.975432,1.547,True,MIGRACION DIRECTA VIABLE,-8.92
1162,BENITO JUAREZ,INDEX,,CENTRO DE SALUD BACOBAMPO,26.979011,-109.654255,1.552,True,MIGRACION DIRECTA VIABLE,-10.15
1249,TELESECUNDARIA 368,INDEX,,CENTRO DE SALUD BACOBAMPO,26.979011,-109.654255,1.552,True,MIGRACION DIRECTA VIABLE,-10.15
1208,GENERAL LAZARO CARDENAS,TELMEX,,CENTRO DE SALUD BACOBAMPO,26.979011,-109.654255,1.552,True,MIGRACION DIRECTA VIABLE,-10.15
3482,ITAMA - COCORIT,TELMEX,,ESPERANZA,27.56626,-109.9411,1.554,True,MIGRACION DIRECTA VIABLE,-9.11
2761,IGNACIO ZARAGOZA,TELNOR,,SONORA,32.455202,-114.779741,1.558,True,MIGRACION DIRECTA VIABLE,-10.18
2184,EVOLUCION,COMPUPROYECCIONES,,H. Ayuntamientode Moctezuma,29.80268,-109.68059,1.565,True,MIGRACION DIRECTA VIABLE,-12.24
2524,FRIDA KAHLO,RED SEC,,VILLA-SONORA,31.26229,-110.94593,1.573,False,REQUIERE REPETIDOR O REVISION TECNICA,19.68
2601,MIGUEL HIDALGO Y COSTILLA,TELMEX,,SAN FELIPE DE JESÚS,31.305833,-113.540438,1.575,True,MIGRACION DIRECTA VIABLE,-9.71
25,GENERAL IGNACIO ZARAGOZA,TELMEX,,(TZ-45) Torre Subcentro C5 Agua Prieta,31.319139,-109.558056,1.576,True,MIGRACION DIRECTA VIABLE,-10.23
990,VALLE DEL COBRE,MEGACABLE,,RADIO TEC,30.98961,-110.26602,1.577,True,MIGRACION DIRECTA VIABLE,-9.92
2717,SECUNDARIA GENERAL NUM. 4,TELNOR,,(TZ-45) Torre Agencia Fiscal SLRC,32.479336,-114.779044,1.58,True,MIGRACION DIRECTA VIABLE,-10.15
1740,RAFAEL ALVAREZ GONZALEZ,TELMEX,,(TZ-45) Comandancia el Cortijo,29.143614,-110.986272,1.581,False,REQUIERE REPETIDOR O REVISION TECNICA,3.71
1974,TIERRA DE GENERALES,TELMEX,,ITHUA,26.820917,-109.618556,1.582,True,MIGRACION DIRECTA VIABLE,-10.13
29,ESCUADRON 201,TELMEX,,(TZ-45) Torre Subcentro C5 Agua Prieta,31.319139,-109.558056,1.594,True,MIGRACION DIRECTA VIABLE,-11.22
2731,ABELARDO L. RODRIGUEZ,TELNOR,,SONORA,32.455202,-114.779741,1.595,True,MIGRACION DIRECTA VIABLE,-10.17
1834,PROF. AMADEO HERNANDEZ CORONADO,COMPUENLACES,,(TZ-45) Comandancia el Cortijo,29.143614,-110.986272,1.599,True,MIGRACION DIRECTA VIABLE,-9.68
1081,MARIA CARO OLIVA,MEGACABLE,,HEROE-DE-NACOZARI,27.959147,-110.79165,1.605,True,MIGRACION DIRECTA VIABLE,-7.99
1768,ESCUELA SECUNDARIA TECNICA NUM. 78,RED SEC,,LA-DOCE,28.84228,-111.48905,1.605,True,MIGRACION DIRECTA VIABLE,-8.35
1397,ANTONIO MONTES GARCIA,MEGACABLE,,(TZ-45) Torre C5 Guaymas,27.946206,-110.934208,1.607,True,MIGRACION DIRECTA VIABLE,-10.0
725,HERMANOS GRIMM,RED SEC,,(TZ-45) Torre SSPM,27.464642,-109.928422,1.608,True,MIGRACION DIRECTA VIABLE,-10.2
1615,JORGE ALBERTO MARTINEZ PLOMOSO,MEGACABLE,,LUIS-ORCI,29.102933,-111.007014,1.609,True,MIGRACION DIRECTA VIABLE,-10.09
2167,CATALINA ACOSTA DE BERNAL,MEGACABLE,,ITHUA,26.820917,-109.618556,1.615,True,MIGRACION DIRECTA VIABLE,-8.29
833,ACAMAPICHTLI,RED SEC,,Torre C4,27.525981,-109.930289,1.615,True,MIGRACION DIRECTA VIABLE,-11.15
2392,PROF. PEDRO M AGUILAR,TELMEX,,Campo Deportivo Mpal de San Ignacio Rio Muerto,27.409988,-110.239434,1.616,True,MIGRACION DIRECTA VIABLE,-10.12
1624,TOMAS MARTINEZ CRUZ,RED SEC,,(TZ-45) Torre Comandancia Municipal,28.842942,-111.489844,1.617,True,MIGRACION DIRECTA VIABLE,-10.21
2239,MI FAMILIA,RED SEC,,EL-SAUZ,27.068219,-109.501556,1.62,True,MIGRACION DIRECTA VIABLE,-10.15
3488,ITAMA - SAN LUIS RIO COLORADO,TELMEX,,MEZQUITE,32.427675,-114.778164,1.628,True,MIGRACION DIRECTA VIABLE,-10.18
3489,ITAMA - SAN LUIS RIO COLORADO,TELMEX,,MEZQUITE,32.427675,-114.778164,1.628,True,MIGRACION DIRECTA VIABLE,-10.18
2175,DISTRIBUIDORES NISSAN 38,TELMEX,,MAGDALENA,30.6298,-110.96689,1.629,True,MIGRACION DIRECTA VIABLE,-10.87
1288,MACOCHINI,RED SEC,,Centro de Salud Vicam,27.647,-110.296,1.631,True,MIGRACION DIRECTA VIABLE,-9.16
2628,FERMIN TRUJILLO FUENTES,TELMEX,,BAHIA-DE-KINO,28.832808,-111.955989,1.635,True,MIGRACION DIRECTA VIABLE,-10.29
985,MARTIRES DE 1906,MEGACABLE,,CANANEA,30.9777,-110.308617,1.639,True,MIGRACION DIRECTA VIABLE,-10.59
1665,MIGUEL HIDALGO,RED SEC,,VSERIS,29.064011,-110.955496,1.64,True,MIGRACION DIRECTA VIABLE,-8.41
874,ARTICULO TERCERO CONSTITUCIONAL,RED SEC,,Hospital General de Obregón,27.4836,-109.955,1.641,True,MIGRACION DIRECTA VIABLE,-10.61
1832,PROFA. ZOILA REYNA DE PALAFOX,MEGACABLE,,(TZ-45) Comandancia el Cortijo,29.143614,-110.986272,1.644,True,MIGRACION DIRECTA VIABLE,-7.88
1761,GUADALUPE RODRIGUEZ MARIN,MEGACABLE,,(TZ-45) Torre C5 Guaymas,27.946206,-110.934208,1.652,True,MIGRACION DIRECTA VIABLE,-10.01
3220,HOSPITAL GENERAL DE CABORCA,TELMEX,,BENITO-JUAREZ,30.715511,-112.167881,1.66,True,MIGRACION DIRECTA VIABLE,-6.84
1459,PROF. RUBEN A GUTIERREZ CARRANZA,TELMEX,,CESPEJO,29.091625,-110.975432,1.663,True,MIGRACION DIRECTA VIABLE,-12.0
707,MANUEL IÑIGUEZ CAMBEROS,TELMEX,,PLANTEL OBREGÓN II,27.44299,-109.924923,1.663,True,MIGRACION DIRECTA VIABLE,-11.03
1712,CINCO DE MAYO,TELMEX,,(TZ-45) Centro integral PEI,29.094997,-111.028789,1.667,True,MIGRACION DIRECTA VIABLE,-8.37
2801,JOSEFA ORTIZ DE DOMINGUEZ,TELNOR,,SONORA,32.455202,-114.779741,1.674,True,MIGRACION DIRECTA VIABLE,-9.34
2079,MICAELA A DE BORQUEZ,TELMEX,,(TZ-30) Torre Hospital Gral. Huatabampo,26.842472,-109.641122,1.676,True,MIGRACION DIRECTA VIABLE,-9.29
1643,HERMANOS FLORES MAGON,MEGACABLE,,COMUNICACIÓN SOCIAL,29.074473,-110.958499,1.677,True,MIGRACION DIRECTA VIABLE,-7.3
812,NIÑOS HEROES,RED SEC,,PLANTEL OBREGÓN II,27.44299,-109.924923,1.683,True,MIGRACION DIRECTA VIABLE,-9.61
1880,SOCORRO BERUMEN GUEVARA,TELMEX,,PUEBLITOS,29.151882,-111.006934,1.687,True,MIGRACION DIRECTA VIABLE,-8.84
943,LIC. LUIS ENCINAS,MEGACABLE,,(TZ-45) Torre Fiscal,27.497094,-109.932206,1.689,True,MIGRACION DIRECTA VIABLE,-11.18
2094,TELESECUNDARIA 120,COMPUPROYECCIONES,,Centro de Salud Rural de Las Bocas,26.59506,-109.33547,1.689,True,MIGRACION DIRECTA VIABLE,-8.73
3618,SERVICIOS DE SALUD DE SONORA,TELMEX,343.97,Torre C4,27.525981,-109.930289,1.705,True,MIGRACION DIRECTA VIABLE,-9.3
1752,SERGIO FLORENTINO MOROYOQUI AYALA,MEGACABLE,,LA-DOCE,28.84228,-111.48905,1.709,True,MIGRACION DIRECTA VIABLE,-10.13
3579,INSTITUTO SONORENSE  DE LAS MUJERES,TELMEX,688.79,(TZ-45) Comandancia Zona Norte,29.110261,-110.991386,1.716,True,MIGRACION DIRECTA VIABLE,-10.03
228,TELESECUNDARIA 88,COMPUPROYECCIONES,,ÁTIL,30.847936,-111.576303,1.721,True,MIGRACION DIRECTA VIABLE,-10.29
3196,CENTRO DE SALUD LOMAS DE MADRID,TELMEX,,(TZ-45) Comandancia el Cortijo,29.143614,-110.986272,1.722,True,MIGRACION DIRECTA VIABLE,-10.14
2597,LEONA VICARIO,TELMEX,,PUERTO PEÑASCO,31.305833,-113.540556,1.722,True,MIGRACION DIRECTA VIABLE,-7.34
2081,GENERAL ALVARO OBREGON,TELMEX,,(TZ-30) Torre Hospital Gral. Huatabampo,26.842472,-109.641122,1.723,True,MIGRACION DIRECTA VIABLE,-10.0
1813,MARIA HEREDIA DURON,MEGACABLE,,(TZ-45) Comandancia el Cortijo,29.143614,-110.986272,1.727,True,MIGRACION DIRECTA VIABLE,-6.71
1515,ESTEFANIA CASTAÑEDA,MEGACABLE,,(TZ-45) Comandancia el Cortijo,29.143614,-110.986272,1.739,True,MIGRACION DIRECTA VIABLE,-9.3
1747,LUIS ARTURO PALMA MEZA,TELMEX,,PUEBLITOS,29.151882,-111.006934,1.742,True,MIGRACION DIRECTA VIABLE,-11.04
2776,TOPAHUE,TELNOR,,MEZQUITE,32.427675,-114.778164,1.748,True,MIGRACION DIRECTA VIABLE,-7.35
1863,VICTOR MANUEL BLANCO MARTINEZ,TELMEX,,(TZ-45) Comandancia el Cortijo,29.143614,-110.986272,1.75,True,MIGRACION DIRECTA VIABLE,-10.34
3441,POLICLÍNICO HUATABAMPO,TELMEX,,ITHUA,26.820917,-109.618556,1.76,True,MIGRACION DIRECTA VIABLE,-10.13
2510,SONORA,RED SEC,,CORREDIR,31.28495,-110.95889,1.761,True,MIGRACION DIRECTA VIABLE,-8.07
802,CENTRO DE ATENCION MULTIPLE NUM. 62,MEGACABLE,,(TZ-45) Torre Comandancia Municipal,28.842942,-111.489844,1.761,True,MIGRACION DIRECTA VIABLE,-8.19
3206,CENTRO DE SALUD OBREGÓN NORTE,TELMEX,,Torre C4,27.525981,-109.930289,1.766,True,MIGRACION DIRECTA VIABLE,-8.17
2382,NARCIZO MENDOZA,COMPUPROYECCIONES,,Prim Rosita C de Aguilera de Musuabampo,27.290221,-109.777697,1.767,True,MIGRACION DIRECTA VIABLE,-10.16
3420,UNEME-ENFERMEDADES CRONICAS OBREGON,TELMEX,,(TZ-45) Torre SSPM,27.464642,-109.928422,1.771,True,MIGRACION DIRECTA VIABLE,-8.21
1662,EMILIANO ZAPATA,COMPUENLACES,,(TZ-45) Comandancia el Cortijo,29.143614,-110.986272,1.774,True,MIGRACION DIRECTA VIABLE,-6.28
2398,ANDRES GARCIA GAXIOLA,RED SEC,,(TZ-45) Torre C4 Viejo Seg Publica,27.080367,-109.462436,1.774,True,MIGRACION DIRECTA VIABLE,-10.24
3188,CENTRO DE SALUD EMILIANO ZAPATA,TELMEX,,VSERIS,29.064011,-110.955496,1.776,True,MIGRACION DIRECTA VIABLE,-6.5
1708,IGNACIO ALLENDE,COMPUENLACES,,(TZ-45) Comandancia el Cortijo,29.143614,-110.986272,1.781,True,MIGRACION DIRECTA VIABLE,-4.51
3207,CENTRO DE SALUD OBREGÓN SUR,TOTAL PLAY,,(TZ-45) Torre SSPM,27.464642,-109.928422,1.785,True,MIGRACION DIRECTA VIABLE,-6.66
2399,GUADALUPE LOPEZ FELIX,RED SEC,,Universidad de Sonora Módulo Navajoa,27.074073,-109.429392,1.788,True,MIGRACION DIRECTA VIABLE,-9.36
844,MELCHOR OCAMPO,MEGACABLE,,(TZ-45) Torre SSPM,27.464642,-109.928422,1.788,True,MIGRACION DIRECTA VIABLE,-10.2
2794,FRANCISCO GALAVIZ GOMEZ,MEGACABLE,,(TZ-45) Centro integral PEI,29.094997,-111.028789,1.791,True,MIGRACION DIRECTA VIABLE,-9.18
2582,ELVIRA LIZARRAGA VALENZUELA,RED SEC,,PITIQUITO,30.67713,-112.05045,1.792,True,MIGRACION DIRECTA VIABLE,-9.36
1873,ENRIQUETA DE PARODI,COMPUENLACES,,(TZ-45) Comandancia Zona Norte,29.110261,-110.991386,1.793,True,MIGRACION DIRECTA VIABLE,-9.07
1625,19 DE ABRIL,RED SEC,,(TZ-45) Torre Comandancia Municipal,28.842942,-111.489844,1.796,True,MIGRACION DIRECTA VIABLE,-11.19
1131,LA CASITA FELIZ,RED SEC,,Centro de Salud Rural de Buaysiacobe,27.05884,-109.68408,1.8,True,MIGRACION DIRECTA VIABLE,-7.74
1286,BEOSKO CHOKI,RED SEC,,VICAM-PUEBLO,27.58345,-110.32388,1.802,True,MIGRACION DIRECTA VIABLE,-10.15
3425,HOSPITAL COMUNITARIO DE MAGDALENA,TELMEX,,MAGDALENA,30.6298,-110.96689,1.802,True,MIGRACION DIRECTA VIABLE,-8.29
1843,PROF. LUIS P MENDEZ,COMPUENLACES,,(TZ-45) Comandancia Zona Norte,29.110261,-110.991386,1.803,True,MIGRACION DIRECTA VIABLE,-6.25
1190,NIÑOS HEROES,RED SEC,,CENTRO DE SALUD BACOBAMPO,26.979011,-109.654255,1.812,True,MIGRACION DIRECTA VIABLE,-9.18
1544,ROSAS DE LA INFANCIA,MEGACABLE,,(TZ-45) Comandancia el Cortijo,29.143614,-110.986272,1.814,True,MIGRACION DIRECTA VIABLE,-9.22
1890,DISTRIBUIDORES NISSAN 47-1,TELMEX,,BAHIA-DE-KINO,28.832808,-111.955989,1.815,True,MIGRACION DIRECTA VIABLE,-10.29
3729,UNIVERSIDAD ESTATAL DE SONORA,TELMEX,5751.15,C5 SAN LUIS RÍO COLORADO,32.456613,-114.746291,1.816,True,MIGRACION DIRECTA VIABLE,-9.55
3077,SUPERIOR ESTATAL DE SONORA-Unidad Academica Slrc,MEGACABLE,,C5 SAN LUIS RÍO COLORADO,32.456613,-114.746291,1.816,True,MIGRACION DIRECTA VIABLE,-9.55
3078,SUPERIOR ESTATAL DE SONORA-Unidad Academica Slrc,MEGACABLE,,C5 SAN LUIS RÍO COLORADO,32.456613,-114.746291,1.816,True,MIGRACION DIRECTA VIABLE,-9.55
1343,CAPITAN JUAN BANTEA,RED SEC,,Centro de Salud Vicam,27.647,-110.296,1.824,True,MIGRACION DIRECTA VIABLE,-9.18
615,VERONICA CASTILLO JAIME,RED SEC,,BENITO-JUAREZ,30.715511,-112.167881,1.828,True,MIGRACION DIRECTA VIABLE,-6.76
658,LUIS PASTEUR,RED SEC,,BENITO-JUAREZ,30.715511,-112.167881,1.831,True,MIGRACION DIRECTA VIABLE,-7.32
768,LIBERTAD,RED SEC,,Hospital General de Obregón,27.4836,-109.955,1.832,True,MIGRACION DIRECTA VIABLE,-9.2
3651,DIF SONORA,TELMEX,1300.61,CESPEJO,29.091625,-110.975432,1.836,True,MIGRACION DIRECTA VIABLE,-11.0
1867,PROF. JUAN RUIZ DURAZO,COMPUENLACES,,(TZ-45) Comandancia el Cortijo,29.143614,-110.986272,1.849,True,MIGRACION DIRECTA VIABLE,-9.71
667,CENTRO DE ATENCION MULTIPLE NUM. 54,RED SEC,,(TZ-60) Torre CIF Guaymas,27.919503,-110.900733,1.852,False,REQUIERE REPETIDOR O REVISION TECNICA,99.38
1859,LAZARO CARDENAS,TELMEX,,BAHIA-DE-KINO,28.832808,-111.955989,1.854,True,MIGRACION DIRECTA VIABLE,-10.29
673,JARDIN DE NIÑOS NUEVA CREACION,RED SEC,,LA-MESITA,30.698854,-112.161729,1.857,True,MIGRACION DIRECTA VIABLE,-9.5
1647,MEXICO,MEGACABLE,,SSP ESPEJO,29.091529,-110.975496,1.862,True,MIGRACION DIRECTA VIABLE,-7.3
1447,TELESECUNDARIA 353,RED SEC,,Centro de Salud Vicam,27.647,-110.296,1.864,True,MIGRACION DIRECTA VIABLE,-10.5
702,LIBERALES DE LA REFORMA,MEGACABLE,,(TZ-45) Torre SSPM,27.464642,-109.928422,1.866,True,MIGRACION DIRECTA VIABLE,-6.41
805,JOSE MARIA LEYVA,RED SEC,,Torre C4,27.525981,-109.930289,1.868,True,MIGRACION DIRECTA VIABLE,-10.15
1465,RAFAEL HUERTA SANDOVAL,MEGACABLE,,(TZ-45) Comandancia el Cortijo,29.143614,-110.986272,1.87,True,MIGRACION DIRECTA VIABLE,-10.84
1716,NETZAHUALCOYOTL,MEGACABLE,,CGOB,29.067638,-110.959266,1.875,True,MIGRACION DIRECTA VIABLE,-9.08
1885,PROF. MANUEL MIRAZO NAVARRETE 1,MEGACABLE,,(TZ-45) Comandancia Zona Norte,29.110261,-110.991386,1.882,True,MIGRACION DIRECTA VIABLE,-10.96
1005,ELODIA N VDA DE AVILES,TELMEX,,CANANEA,30.9777,-110.308617,1.896,True,MIGRACION DIRECTA VIABLE,-10.26
2700,SECUNDARIA TECNICA ESTATAL NUM. 19,COMPUPROYECCIONES,,(TZ-45) Torre Unison,30.542247,-111.113753,1.897,True,MIGRACION DIRECTA VIABLE,-6.34
655,MANUEL ACUNA,COMPUPROYECCIONES,,URES,30.735918,-112.958025,1.899,True,MIGRACION DIRECTA VIABLE,-10.16
687,TELESECUNDARIA 327,COMPUPROYECCIONES,,URES,30.735918,-112.958025,1.899,True,MIGRACION DIRECTA VIABLE,-10.16
3025,"CECyTE, Buaysiacobe",COMPUPROYECCIONES,,Centro de Salud Rural de Buaysiacobe,27.05884,-109.68408,1.901,True,MIGRACION DIRECTA VIABLE,-9.76
620,CENTRO DE ATENCION MULTIPLE NUM. 47,COMPUENLACES,,(TZ-45) Comandancia el Cortijo,29.143614,-110.986272,1.906,True,MIGRACION DIRECTA VIABLE,-9.88
1827,MARIA DEL CARMEN ALVAREZ FIGUEROA,MEGACABLE,,(TZ-45) Comandancia el Cortijo,29.143614,-110.986272,1.906,True,MIGRACION DIRECTA VIABLE,-9.88
3580,COMISION DE BUSQUEDA DE PERSONAS PARA EL ESTADO DE SONORA,TELMEX,1096.67,NUEVO-HERMOSILLO,29.008651,-110.935527,1.909,True,MIGRACION DIRECTA VIABLE,-6.35
1296,ILI TAA TACHIRIA,RED SEC,,Centro de Salud Vicam,27.647,-110.296,1.911,True,MIGRACION DIRECTA VIABLE,-10.21
2267,ANTONIO CASO,RED SEC,,AGENCIA FISCAL,27.082605,-109.447167,1.912,True,MIGRACION DIRECTA VIABLE,-10.2
946,RUFFO E VITELA,MEGACABLE,,ESPERANZA,27.56626,-109.9411,1.918,True,MIGRACION DIRECTA VIABLE,-7.15
858,TIERRA Y LIBERTAD,TELMEX,,(TZ-45) Torre SSPM,27.464642,-109.928422,1.919,True,MIGRACION DIRECTA VIABLE,-10.87
2260,IGNACIO JOSE ALLENDE,TELMEX,,Universidad de Sonora  Campus Navojoa,27.074257,-109.429382,1.926,True,MIGRACION DIRECTA VIABLE,-10.14
1622,ROGELIO SA¤UDO SEP—LVEDA,TELMEX,,Prim Cuauhtemoc de Aceitunas,27.079185,-109.913514,1.932,True,MIGRACION DIRECTA VIABLE,-10.53
3197,CENTRO DE SALUD LOS NARANJOS,TELMEX,,AUFIS,29.069393,-110.944628,1.938,True,MIGRACION DIRECTA VIABLE,-9.06
2901,TELESECUNDARIA 263,COMPUPROYECCIONES,,PUEBLO-NUEVO-OCUCA,30.573705,-111.447576,1.94,True,MIGRACION DIRECTA VIABLE,-10.11
1537,JOHN LOCKE,MEGACABLE,,SSP ESPEJO,29.091529,-110.975496,1.945,True,MIGRACION DIRECTA VIABLE,-10.26
1721,ALICIA MUNOZ ROMERO,TELMEX,,LUIS-ORCI,29.102933,-111.007014,1.945,True,MIGRACION DIRECTA VIABLE,-8.47
1864,PROFA. MARGARITA ROMANDIA DE MENDEZ,MEGACABLE,,SSP ESPEJO,29.091529,-110.975496,1.945,True,MIGRACION DIRECTA VIABLE,-10.78
2486,MAXTIA JIAPSIPO,RED SEC,,VILLA-SONORA,31.26229,-110.94593,1.945,False,REQUIERE REPETIDOR O REVISION TECNICA,32.65
1825,JULIO GARCIA GONZALEZ,TELMEX,,BAHIA-DE-KINO,28.832808,-111.955989,1.956,True,MIGRACION DIRECTA VIABLE,-10.59
1301,FRANCISCO I. MADERO,MEGACABLE,,(TZ-60) Torre CIF Guaymas,27.919503,-110.900733,1.961,True,MIGRACION DIRECTA VIABLE,-10.14
1389,GENERAL ALVARO OBREGON,MEGACABLE,,(TZ-60) Torre CIF Guaymas,27.919503,-110.900733,1.963,False,REQUIERE REPETIDOR O REVISION TECNICA,100.71
2979,Plantel Nogales,TOTAL PLAY,,VILLA-SONORA,31.26229,-110.94593,1.974,False,REQUIERE REPETIDOR O REVISION TECNICA,3.92
829,EMILIANO ZAPATA,RED SEC,,CARTAMO,27.401244,-109.829454,1.974,True,MIGRACION DIRECTA VIABLE,-10.21
939,CARMEN SANCHEZ CORRAL,MEGACABLE,,Hospital General de Obregón,27.4836,-109.955,1.974,True,MIGRACION DIRECTA VIABLE,-9.55
2967,Plantel Prof. Jesús Guillermo Careaga Cruz (Reforma),TOTAL PLAY,,CESPEJO,29.091625,-110.975432,1.976,True,MIGRACION DIRECTA VIABLE,-7.87
1676,EJIDO DE VILLA DE SERIS,TELMEX,,GANADEROS,29.037639,-110.935456,1.976,False,REQUIERE REPETIDOR O REVISION TECNICA,0.85
811,LAZARO CARDENAS DEL RIO,RED SEC,,(TZ-45) Torre SSPM,27.464642,-109.928422,1.985,True,MIGRACION DIRECTA VIABLE,-9.13
2964,Plantel Villa de Seris,TOTAL PLAY,,LAS-LOMAS,29.051335,-110.939713,1.991,False,REQUIERE REPETIDOR O REVISION TECNICA,81.29
3451,MÓDULO COBACH VILLA DE SERIS,TELMEX,,LAS-LOMAS,29.051335,-110.939713,1.992,False,REQUIERE REPETIDOR O REVISION TECNICA,85.73
706,SALVADOR GONZALEZ PARTIDA,MEGACABLE,,Hospital General de Obregón,27.4836,-109.955,1.993,True,MIGRACION DIRECTA VIABLE,-10.47
2685,ELSA GUADALUPE CAÑEZ CORONADO,TELMEX,,ESQUEDA,31.30943,-109.5601,1.996,True,MIGRACION DIRECTA VIABLE,-7.24
1032,MARTIRES DE BACOBAMPO,TELMEX,,CUMPAS,29.996425,-109.77598,2.001,True,MIGRACION DIRECTA VIABLE,-9.34
742,JUAN MALDONADO TETABIATE,MEGACABLE,,Torre C4,27.525981,-109.930289,2.004,True,MIGRACION DIRECTA VIABLE,-10.13
1457,"SECUNDARIA GENERAL NO. 2 ""CAJEME""",MEGACABLE,,(TZ-45) Comandancia Zona Norte,29.110261,-110.991386,2.006,True,MIGRACION DIRECTA VIABLE,-9.92
1412,MARIA ELENA ARBALLO PIÑUELAS,RED SEC,,(TZ-60) Torre CIF Guaymas,27.919503,-110.900733,2.008,True,MIGRACION DIRECTA VIABLE,-10.14
2264,FRANCISCO GONZALEZ BOCANEGRA,RED SEC,,(TZ-45) Torre C4 Viejo Seg Publica,27.080367,-109.462436,2.008,True,MIGRACION DIRECTA VIABLE,-9.15
1784,JOSEFINA B NUÑEZ,MEGACABLE,,BMXDGR,29.076318,-110.957066,2.008,False,REQUIERE REPETIDOR O REVISION TECNICA,9.71
3625,DIRECCIÓN GENERAL DE ASISTENCIA SOCIAL,TELMEX,473.28,(TZ-45) Comandancia Zona Norte,29.110261,-110.991386,2.011,True,MIGRACION DIRECTA VIABLE,-9.97
3730,UNIVERSIDAD ESTATAL DE SONORA,TELMEX,2422.69,LA-DOCE,28.84228,-111.48905,2.015,True,MIGRACION DIRECTA VIABLE,-4.82
3610,PROCURADURÍA FISCAL,TELMEX,473.28,CESPEJO,29.091625,-110.975432,2.016,True,MIGRACION DIRECTA VIABLE,-8.08
959,PROF. BASILIO RUIZ VELAZQUEZ,RED SEC,,C5i Obregón,27.526008,-109.930316,2.02,True,MIGRACION DIRECTA VIABLE,-8.21
982,TELESECUNDARIA 278,RED SEC,,C5i Obregón,27.526008,-109.930316,2.02,True,MIGRACION DIRECTA VIABLE,-8.21
3228,HOSPITAL INFANTIL DEL ESTADO DE SONORA,MEGACABLE,,(TZ-45) Comandancia Zona Norte,29.110261,-110.991386,2.027,True,MIGRACION DIRECTA VIABLE,-7.97
3038,Plantel Hermosillo I - Dr. Samuel Ocaña García,TOTAL PLAY,,PIND,29.014912,-110.924153,2.03,True,MIGRACION DIRECTA VIABLE,-8.69
1554,LUIS SPOTA,MEGACABLE,,(TZ-45) Comandancia el Cortijo,29.143614,-110.986272,2.031,True,MIGRACION DIRECTA VIABLE,-7.66
1016,IGNACIO MANUEL ALTAMIRANO,TELMEX,,RADIO TEC,30.98961,-110.26602,2.038,True,MIGRACION DIRECTA VIABLE,-10.66
2977,Plantel Faustino Félix Serna (Pitiquito),TELMEX,,PITIQUITO,30.67713,-112.05045,2.048,True,MIGRACION DIRECTA VIABLE,-1.29
2166,PAULINA CAZARES GARCIA,TELMEX,,MAGDALENA,30.6298,-110.96689,2.051,True,MIGRACION DIRECTA VIABLE,-12.92
910,JOSE GABRIEL MACIEL LOZANO,RED SEC,,Hospital General de Obregón,27.4836,-109.955,2.056,True,MIGRACION DIRECTA VIABLE,-9.21
705,FAUSTINO FELIX SERNA,TELMEX,,(TZ-45) Torre SSPM,27.464642,-109.928422,2.058,True,MIGRACION DIRECTA VIABLE,-9.05
3733,COMISIÓN DEL DEPORTE DEL ESTADO DE SONORA,TELMEX,473.28,(TZ-45) Comandancia Zona Norte,29.110261,-110.991386,2.063,True,MIGRACION DIRECTA VIABLE,-5.88
3631,SERVICIOS DE SALUD DE SONORA,TELMEX,559.48,SSP ESPEJO,29.091529,-110.975496,2.063,True,MIGRACION DIRECTA VIABLE,-10.49
2908,JUAN FRANCISCO RUIZ SOTO,RED SEC,,MOLINO-DE-CAMOU,29.196339,-110.786536,2.064,True,MIGRACION DIRECTA VIABLE,-10.12
1853,CLUB DE LEONES 2,COMPUENLACES,,(TZ-45) Comandancia Zona Norte,29.110261,-110.991386,2.067,True,MIGRACION DIRECTA VIABLE,-8.18
924,JUAN ENRIQUE PESTALOZZI,MEGACABLE,,ESPERANZA,27.56626,-109.9411,2.076,True,MIGRACION DIRECTA VIABLE,-5.28
884,OBREGON NUM. 50,MEGACABLE,,(TZ-45) Torre Fiscal,27.497094,-109.932206,2.078,True,MIGRACION DIRECTA VIABLE,-10.24
3039,Plantel Hermosillo II,TOTAL PLAY,,SSP ESPEJO,29.091529,-110.975496,2.079,True,MIGRACION DIRECTA VIABLE,-9.24
2021,IGNACIO SOTO,TELMEX,,(TZ-30) Torre Hospital Gral. Huatabampo,26.842472,-109.641122,2.082,True,MIGRACION DIRECTA VIABLE,-9.18
926,LAURA EUGENIA OCHOA ROBLES,RED SEC,,Hospital General de Obregón,27.4836,-109.955,2.087,True,MIGRACION DIRECTA VIABLE,-10.19
3629,SERVICIOS DE SALUD DE SONORA,TELMEX,473.28,SSP ESPEJO,29.091529,-110.975496,2.089,True,MIGRACION DIRECTA VIABLE,-11.24
1663,ARTICULO 3 CONSTITUCIONAL,MEGACABLE,,LUIS-ORCI,29.102933,-111.007014,2.091,True,MIGRACION DIRECTA VIABLE,-8.92
1311,MARIANO AZUELA,RED SEC,,(TZ-60) Torre CIF Guaymas,27.919503,-110.900733,2.099,False,REQUIERE REPETIDOR O REVISION TECNICA,100.94
3190,CENTRO DE SALUD ESPERANZA,MEGACABLE,,ESPERANZA,27.56626,-109.9411,2.1,True,MIGRACION DIRECTA VIABLE,-8.17
3652,DIF SONORA,TELMEX,1085.1,GANADEROS,29.037639,-110.935456,2.108,True,MIGRACION DIRECTA VIABLE,-7.12
2123,MANUEL AVILA CAMACHO,GLOBALSAT,,ÍMURIS,30.793453,-110.846086,2.119,True,MIGRACION DIRECTA VIABLE,-11.11
1869,LUIS DONALDO COLOSIO MURRIETA,COMPUENLACES,,(TZ-45) Comandancia el Cortijo,29.143614,-110.986272,2.121,True,MIGRACION DIRECTA VIABLE,-4.5
1718,MARIANO AZUELA,TELMEX,,GANADEROS,29.037639,-110.935456,2.133,True,MIGRACION DIRECTA VIABLE,-8.07
3442,FARMACIA NO. 2,TOTAL PLAY,,CESPEJO,29.091625,-110.975432,2.135,True,MIGRACION DIRECTA VIABLE,-10.24
3433,CENTRO MÉDICO DR. IGNACIO CHÁVEZ,TOTAL PLAY,,CESPEJO,29.091625,-110.975432,2.135,True,MIGRACION DIRECTA VIABLE,-10.24
3690,ISSSTESON,TOTAL PLAY,5935,CESPEJO,29.091625,-110.975432,2.135,True,MIGRACION DIRECTA VIABLE,-10.24
1041,TELESECUNDARIA 163,TELMEX,,CUMPAS,29.996425,-109.77598,2.139,True,MIGRACION DIRECTA VIABLE,-9.26
3732,COMISIÓN DEL DEPORTE DEL ESTADO DE SONORA,TELMEX,473.28,BMXDGR,29.076318,-110.957066,2.139,True,MIGRACION DIRECTA VIABLE,-12.03
2150,CAPOSEHUA,RED SEC,,Cuarentenaria Bahuises,27.127718,-109.469734,2.143,True,MIGRACION DIRECTA VIABLE,-9.41
2324,EMILIANO ZAPATA,RED SEC,,Cuarentenaria Bahuises,27.127718,-109.469734,2.143,True,MIGRACION DIRECTA VIABLE,-9.41
2067,RITHA MEDINA JACQUES,TELMEX,,(TZ-30) Torre Hospital Gral. Huatabampo,26.842472,-109.641122,2.146,True,MIGRACION DIRECTA VIABLE,-8.76
1846,PROF. HERIBERTO AJA,TELMEX,,BMXDGR,29.076318,-110.957066,2.147,True,MIGRACION DIRECTA VIABLE,-8.98
863,CAMARA JUNIOR,TELMEX,,ESPERANZA,27.56626,-109.9411,2.148,True,MIGRACION DIRECTA VIABLE,-10.09
1753,CENTENARIO DEL DIA DEL MAESTRO,COMPUENLACES,,(TZ-45) Comandancia el Cortijo,29.143614,-110.986272,2.148,True,MIGRACION DIRECTA VIABLE,-5.94
1848,ELISA W DE BERAUD,COMPUENLACES,,BMXDGR,29.076318,-110.957066,2.15,True,MIGRACION DIRECTA VIABLE,-2.81
3052,"SUPERIOR TECNOLOGICA DE HERMOSILLO, SONORA",TELMEX,,PIND,29.014912,-110.924153,2.156,True,MIGRACION DIRECTA VIABLE,-8.29
3741,INSTITUTO SONORENSE DE CULTURA,TELMEX,473.28,Hospital General de Obregón,27.4836,-109.955,2.164,True,MIGRACION DIRECTA VIABLE,-4.58
3716,INSTITUTO SONORENSE DE CULTURA,TELMEX,473.28,Hospital General de Obregón,27.4836,-109.955,2.164,True,MIGRACION DIRECTA VIABLE,-4.58
809,LIC. ALBERTO FLORES URBINA,MEGACABLE,,ESPERANZA,27.56626,-109.9411,2.167,True,MIGRACION DIRECTA VIABLE,-1.59
531,"CENTRO DE ATENCION MULTIPLE,CENTRO DOWN",MEGACABLE,,PLANTEL OBREGÓN I,27.477614,-109.928985,2.173,True,MIGRACION DIRECTA VIABLE,-4.61
2618,JUAN CEBALLOS AYALA,TELMEX,,SSP ESPEJO,29.091529,-110.975496,2.178,True,MIGRACION DIRECTA VIABLE,-3.76
944,CLOTILDE FLORES,MEGACABLE,,ESPERANZA,27.56626,-109.9411,2.189,True,MIGRACION DIRECTA VIABLE,-7.2
3646,DIF SONORA,TELMEX,892.73,AUFIS,29.069393,-110.944628,2.192,True,MIGRACION DIRECTA VIABLE,-10.03
3026,"CECyTE, Pótam",COMPUPROYECCIONES,,POTAM,27.625629,-110.417627,2.193,True,MIGRACION DIRECTA VIABLE,-10.18
1648,GENERAL VICENTE GUERRERO,MEGACABLE,,VSERIS,29.064011,-110.955496,2.195,True,MIGRACION DIRECTA VIABLE,-10.07
2596,ARTICULO 115 CONSTITUCIONAL,TELMEX,,PLANTEL PUERTO PEÑASCO,31.329356,-113.529867,2.204,True,MIGRACION DIRECTA VIABLE,-11.18
3628,SERVICIOS DE SALUD DE SONORA,TELMEX,473.28,BMXDGR,29.076318,-110.957066,2.208,True,MIGRACION DIRECTA VIABLE,-8.1
758,PEDRO CURIE,RED SEC,,(TZ-45) Torre SSPM,27.464642,-109.928422,2.208,True,MIGRACION DIRECTA VIABLE,-9.4
2269,JARDIN DE NIÑOS NUEVA CREACION,RED SEC,,Universidad de Sonora  Campus Navojoa,27.074257,-109.429382,2.21,True,MIGRACION DIRECTA VIABLE,-10.07
1631,ESCUELA PRIMARIA NUEVA CREACION,COMPUENLACES,,(TZ-45) Centro integral PEI,29.094997,-111.028789,2.215,True,MIGRACION DIRECTA VIABLE,-10.27
3768,ALMACEN QUIROGA,TOTAL PLAY,,SSP ESPEJO,29.091529,-110.975496,2.216,True,MIGRACION DIRECTA VIABLE,-10.02
1632,TADEO ADOLFO VILLA OLIVAS,COMPUENLACES,,(TZ-45) Centro integral PEI,29.094997,-111.028789,2.218,True,MIGRACION DIRECTA VIABLE,-8.11
1892,JUAN FIGUEROA ABRIL,TELMEX,,CESPEJO,29.091625,-110.975432,2.219,True,MIGRACION DIRECTA VIABLE,-9.05
1895,CENTENARIO DE LA CONSTITUCION 1,COMPUENLACES,,CESPEJO,29.091625,-110.975432,2.219,True,MIGRACION DIRECTA VIABLE,-9.05
1896,BERTHA LIDIA FIGUEROA LOPEZ,MEGACABLE,,CESPEJO,29.091625,-110.975432,2.219,True,MIGRACION DIRECTA VIABLE,-9.05
2666,SECUNDARIA TECNICA ESTATAL NUM. 17,COMPUENLACES,,CESPEJO,29.091625,-110.975432,2.219,True,MIGRACION DIRECTA VIABLE,-9.05
1750,HUGO ROMERO OJEDA,COMPUENLACES,,CESPEJO,29.091625,-110.975432,2.219,True,MIGRACION DIRECTA VIABLE,-9.05
1748,SEBASTIAN ARVAYO ARVAYO,TELMEX,,CESPEJO,29.091625,-110.975432,2.219,True,MIGRACION DIRECTA VIABLE,-9.05
1468,SECUNDARIA GENERAL NUM. 15,COMPUENLACES,,CESPEJO,29.091625,-110.975432,2.219,True,MIGRACION DIRECTA VIABLE,-9.05
1599,NORBERTO SOTELO CRUZ,TELMEX,,CESPEJO,29.091625,-110.975432,2.219,True,MIGRACION DIRECTA VIABLE,-9.05
843,SALVADOR ALLENDE,RED SEC,,Hospital General de Obregón,27.4836,-109.955,2.219,True,MIGRACION DIRECTA VIABLE,-9.42
1817,JOSEFINA PADILLA DE JIMENEZ,MEGACABLE,,CESPEJO,29.091625,-110.975432,2.222,True,MIGRACION DIRECTA VIABLE,-10.0
3671,INSTITUTO SONORENSE PARA LA ATENCIÓN DE LOS ADULTOS MAYORES,TELMEX,688.79,(TZ-45) Torre SSPM,27.464642,-109.928422,2.222,True,MIGRACION DIRECTA VIABLE,-9.59
3755,INSTITUTO SONORENSE DE INFRAESTRUCTURA EDUCATIVA,TELMEX,343.97,(TZ-45) Torre Fiscal,27.497094,-109.932206,2.222,True,MIGRACION DIRECTA VIABLE,-6.35
3655,DIRECCIÓN GENERAL DE SERVICIOS DE SALUD A LA PERSONA,TOTAL PLAY,8731,SSP ESPEJO,29.091529,-110.975496,2.223,True,MIGRACION DIRECTA VIABLE,-10.27
3650,DIF SONORA,DESIERTA PRECIO NO ACEPTABLE,8836.75,AUFIS,29.069393,-110.944628,2.226,True,MIGRACION DIRECTA VIABLE,-11.06
55,IEP 7 CORONEL J. CRUZ GALVEZ,TELMEX,,BMXDGR,29.076318,-110.957066,2.25,True,MIGRACION DIRECTA VIABLE,-10.0
1700,MAGISTERIO,MEGACABLE,,CGOB,29.067638,-110.959266,2.252,True,MIGRACION DIRECTA VIABLE,-8.82
1486,CUAUHTEMOC,MEGACABLE,,GANADEROS,29.037639,-110.935456,2.256,True,MIGRACION DIRECTA VIABLE,-8.29
1757,ESCUELA SECUNDARIA TECNICA NUM. 67,MEGACABLE,,Universidad de Sonora Módulo Navajoa,27.074073,-109.429392,2.257,True,MIGRACION DIRECTA VIABLE,-8.04
2359,VICENTE GUERRERO,RED SEC,,EL-SAUZ,27.068219,-109.501556,2.261,True,MIGRACION DIRECTA VIABLE,-8.48
2235,EL GORRIONCITO,RED SEC,,EL-SAUZ,27.068219,-109.501556,2.261,True,MIGRACION DIRECTA VIABLE,-8.48
3613,DIRECCIÓN GENERAL DE RECAUDACIÓN,"GSAT COMUNICACIONES, S.A. DE C.V.",3899,Torre C5,29.063708,-111.048239,2.278,False,REQUIERE REPETIDOR O REVISION TECNICA,14.77
1503,GABRIELA MISTRAL,MEGACABLE,,CGOB,29.067638,-110.959266,2.28,True,MIGRACION DIRECTA VIABLE,-8.35
1493,ENRIQUETA DE PARODI,MEGACABLE,,(TZ-45) Comandancia el Cortijo,29.143614,-110.986272,2.29,True,MIGRACION DIRECTA VIABLE,-10.04
869,PDTE MANUEL AVILA CAMACHO,TELMEX,,(TZ-45) Torre SSPM,27.464642,-109.928422,2.299,True,MIGRACION DIRECTA VIABLE,-8.82
1618,EDUARDO PEÑA IBARRA,MEGACABLE,,GANADEROS,29.037639,-110.935456,2.3,True,MIGRACION DIRECTA VIABLE,-10.07
3483,ITAMA - CTE OBREGON,TELMEX,,Hospital General de Obregón,27.4836,-109.955,2.303,True,MIGRACION DIRECTA VIABLE,-8.97
2292,JORGE ISSACS,RED SEC,,Universidad de Sonora Módulo Navajoa,27.074073,-109.429392,2.303,True,MIGRACION DIRECTA VIABLE,-9.02
3731,UNIVERSIDAD TECNOLÓGICA DE HERMOSILLO,TOTAL PLAY,9581,PIND,29.014912,-110.924153,2.304,True,MIGRACION DIRECTA VIABLE,-7.24
3621,SERVICIOS DE SALUD DE SONORA,TELMEX,1698.75,SSP ESPEJO,29.091529,-110.975496,2.323,True,MIGRACION DIRECTA VIABLE,-5.39
907,JORGE HUMBERTO GUZMAN ROMAN,RED SEC,,(TZ-45) Torre Fiscal,27.497094,-109.932206,2.323,True,MIGRACION DIRECTA VIABLE,-5.0
1163,SANTOS ONTIVEROS GARCIA,RED SEC,,(TZ-45) Torre Palacio Municipal  Etchojoa,26.911617,-109.625892,2.334,True,MIGRACION DIRECTA VIABLE,-10.21
1141,JESUS GARCIA,RED SEC,,(TZ-45) Torre Palacio Municipal  Etchojoa,26.911617,-109.625892,2.334,True,MIGRACION DIRECTA VIABLE,-10.21
201,RAUL PONCE DERATT,TELMEX,,(TZ-45) Comandancia de Policia,30.703842,-111.827728,2.348,True,MIGRACION DIRECTA VIABLE,-5.63
1858,VICENTE GUERRERO,MEGACABLE,,AUFIS,29.069393,-110.944628,2.349,True,MIGRACION DIRECTA VIABLE,-10.03
3042,Plantel Caborca,TELMEX,,HEROICA-CABORCA,30.713508,-112.149922,2.35,False,REQUIERE REPETIDOR O REVISION TECNICA,13.81
3772,DIRECCIÓN GENERAL DE INFRAESTRUCTURA FISICA,TELMEX,,LUIS-ORCI,29.102933,-111.007014,2.366,True,MIGRACION DIRECTA VIABLE,-10.24
1760,ROBERTO BAÑAGA SAIZA,TELMEX,,Torre C4,27.525981,-109.930289,2.372,True,MIGRACION DIRECTA VIABLE,-10.14
1879,PROF. PASCUAL PEREZ GONZALEZ,MEGACABLE,,(TZ-45) Comandancia el Cortijo,29.143614,-110.986272,2.376,True,MIGRACION DIRECTA VIABLE,-7.34
3662,CENDI 1,TELMEX,861.2,LUIS-ORCI,29.102933,-111.007014,2.385,True,MIGRACION DIRECTA VIABLE,-10.21
1706,SIMON BOLIVAR,COMPUENLACES,,CUM,29.10936,-110.993616,2.396,True,MIGRACION DIRECTA VIABLE,-10.89
1126,SAN RAFAEL,RED SEC,,(TZ-45) Torre Salubridad Etchojoa,26.978656,-109.656283,2.41,True,MIGRACION DIRECTA VIABLE,-10.18
631,GENERAL LAZARO CARDENAS,COMPUPROYECCIONES,,ADOLFO-ORIBE-DE-ALVA,30.93714,-113.01164,2.418,True,MIGRACION DIRECTA VIABLE,-10.18
3216,CENTRO DE SALUD VILLA JUAREZ,TELMEX,,(TZ-45) Torre dif villa juarez,27.128213,-109.830136,2.424,True,MIGRACION DIRECTA VIABLE,-10.18
1709,RICARDO FLORES MAGON,TELMEX,,AUFIS,29.069393,-110.944628,2.438,False,REQUIERE REPETIDOR O REVISION TECNICA,68.27
3230,HOSPITAL PSIQUIATRICO CRUZ DEL NORTE,MEGACABLE,,LUIS-ORCI,29.102933,-111.007014,2.442,True,MIGRACION DIRECTA VIABLE,-9.49
2091,TELESECUNDARIA 115,INDEX,,Centro de Salud Rural de Venustiano Carranza,26.427719,-109.031198,2.444,True,MIGRACION DIRECTA VIABLE,-10.21
1173,ESCUELA PRIMARIA NUEVA CREACION,RED SEC,,(TZ-45) Torre Palacio Municipal  Etchojoa,26.911617,-109.625892,2.455,True,MIGRACION DIRECTA VIABLE,-11.2
1181,MIGUEL HIDALGO,RED SEC,,(TZ-45) Torre Palacio Municipal  Etchojoa,26.911617,-109.625892,2.455,True,MIGRACION DIRECTA VIABLE,-11.2
2851,VICENTE GUERRERO,TELMEX,,EL-CLARO,30.45145,-111.20288,2.462,True,MIGRACION DIRECTA VIABLE,-11.19
2846,ALFONSO MARIN RETIFF,TELMEX,,EL-CLARO,30.45145,-111.20288,2.462,True,MIGRACION DIRECTA VIABLE,-11.19
3589,DIRECCIÓN GENERAL DE REGISTRO CIVIL,TELMEX,343.97,ESPERANZA,27.56626,-109.9411,2.474,True,MIGRACION DIRECTA VIABLE,-6.89
3490,USP - UNIVERSIDAD DE LA SEGURIDAD PÚBLICA DEL ESTADO,MEGACABLE,,NUEVO-HERMOSILLO,29.008651,-110.935527,2.484,False,REQUIERE REPETIDOR O REVISION TECNICA,25.53
1366,RICARDO FLORES MAGON,COMPUPROYECCIONES,,Centro de Salud de Francisco Marquez,28.157694,-110.591389,2.49,True,MIGRACION DIRECTA VIABLE,-10.24
2068,PROF. ROBERTO AJA ESCOBAR,RED SEC,,HOSPITAL GENERAL,26.842562,-109.641426,2.5,True,MIGRACION DIRECTA VIABLE,-11.14
1877,PROF. GUSTAVO RIVERA,TELMEX,,AUFIS,29.069393,-110.944628,2.509,False,REQUIERE REPETIDOR O REVISION TECNICA,73.92
1160,NIÑOS HEROES,RED SEC,,(TZ-45) Torre Palacio Municipal  Etchojoa,26.911617,-109.625892,2.515,True,MIGRACION DIRECTA VIABLE,-9.2
888,ESCUADRON 201,MEGACABLE,,PLANTEL OBREGÓN II,27.44299,-109.924923,2.543,True,MIGRACION DIRECTA VIABLE,-10.63
1745,FRANCISCO MENESES FIERROS,MEGACABLE,,(TZ-45) Comandancia el Cortijo,29.143614,-110.986272,2.558,True,MIGRACION DIRECTA VIABLE,-10.18
3486,ITAMA - CICE NOGALES,TELMEX,,EL-TORREON,31.16167,-110.9703,2.565,True,MIGRACION DIRECTA VIABLE,-11.05
1668,PLUTARCO ELIAS CALLES,COMPUENLACES,,CESPEJO,29.091625,-110.975432,2.572,True,MIGRACION DIRECTA VIABLE,-9.06
900,ESTEBAN TEROS CAREAGA,TELMEX,,Torre C4,27.525981,-109.930289,2.59,True,MIGRACION DIRECTA VIABLE,-7.5
964,ROSA IRMA CHINCHILLAS ORDUÑO,RED SEC,,PLANTEL OBREGÓN I,27.477614,-109.928985,2.597,True,MIGRACION DIRECTA VIABLE,-9.5
2012,BARTOLOME DE LAS CASAS,INDEX,,Centro de Salud Rural de Venustiano Carranza,26.427719,-109.031198,2.601,True,MIGRACION DIRECTA VIABLE,-7.94
2303,BELISARIO DOMINGUEZ,RED SEC,,AGENCIA FISCAL,27.082605,-109.447167,2.615,True,MIGRACION DIRECTA VIABLE,-10.61
2253,VICENTE SUAREZ,RED SEC,,AGENCIA FISCAL,27.082605,-109.447167,2.615,True,MIGRACION DIRECTA VIABLE,-10.61
1329,ANNA FREUD,RED SEC,,(TZ-60) Torre CIF Guaymas,27.919503,-110.900733,2.635,False,REQUIERE REPETIDOR O REVISION TECNICA,176.11
3591,DIRECCIÓN GENERAL DE REGISTRO CIVIL,TELMEX,343.97,CESPEJO,29.091625,-110.975432,2.635,True,MIGRACION DIRECTA VIABLE,-8.8
2507,VENUSTIANO CARRANZA,TELMEX,,EL-TORREON,31.16167,-110.9703,2.643,False,REQUIERE REPETIDOR O REVISION TECNICA,2.24
831,GENERAL FRUCTUOSO MENDEZ,MEGACABLE,,ESPERANZA,27.56626,-109.9411,2.655,True,MIGRACION DIRECTA VIABLE,-3.41
1112,LA ESPIGUITA,RED SEC,,(TZ-45) Torre Palacio Municipal  Etchojoa,26.911617,-109.625892,2.675,True,MIGRACION DIRECTA VIABLE,-10.35
2297,LAZARO CARDENAS DEL RIO,RED SEC,,Cuarentenaria Bahuises,27.127718,-109.469734,2.688,True,MIGRACION DIRECTA VIABLE,-10.26
1139,NIÑOS HEROES,RED SEC,,Prim Niños Heroes de Campo España,26.990163,-109.708276,2.694,True,MIGRACION DIRECTA VIABLE,-9.76
1201,GENERAL LAZARO CARDENAS,RED SEC,,Prim Niños Heroes de Campo España,26.990163,-109.708276,2.694,True,MIGRACION DIRECTA VIABLE,-9.76
1657,RODOLFO ELIAS CALLES,TELMEX,,VSERIS,29.064011,-110.955496,2.705,True,MIGRACION DIRECTA VIABLE,-8.94
1751,FAUSTINO FERNANDEZ AGUILAR,RED SEC,,C5 Hermosillo,29.06376,-111.048102,2.718,True,MIGRACION DIRECTA VIABLE,-7.42
1617,JOSE ARMANDO MARQUEZ VIDAÑA,TELMEX,,(TZ-45) Torre Vigia Guaymas,27.942091,-110.904878,2.726,True,MIGRACION DIRECTA VIABLE,-12.82
1630,ESCUELA PRIMARIA NUEVA CREACION,COMPUENLACES,,PUEBLITOS,29.151882,-111.006934,2.756,True,MIGRACION DIRECTA VIABLE,-8.47
2213,EL RANCHITO,RED SEC,,EL-SAUZ,27.068219,-109.501556,2.757,True,MIGRACION DIRECTA VIABLE,-7.45
2342,IGNACIO MANUEL ALTAMIRANO,RED SEC,,EL-SAUZ,27.068219,-109.501556,2.757,True,MIGRACION DIRECTA VIABLE,-7.45
2435,TELESECUNDARIA 367,RED SEC,,EL-SAUZ,27.068219,-109.501556,2.757,True,MIGRACION DIRECTA VIABLE,-7.45
1764,ROBERTO TOPETE GARCIA,TELMEX,,LUIS-ORCI,29.102933,-111.007014,2.763,True,MIGRACION DIRECTA VIABLE,-8.01
3191,CENTRO DE SALUD FLORESTA,TELMEX,,LUIS-ORCI,29.102933,-111.007014,2.781,True,MIGRACION DIRECTA VIABLE,-10.76
1341,VASCO DE QUIROGA,RED SEC,,Onteme,27.603833,-110.289378,2.786,True,MIGRACION DIRECTA VIABLE,-9.99
1300,JARDIN DE NIÑOS NUEVA CREACION,RED SEC,,Onteme,27.603833,-110.289378,2.786,True,MIGRACION DIRECTA VIABLE,-9.99
2170,OTHON ALMADA,GLOBALSAT,,(TZ-30) Torre Cereso,30.670322,-110.916661,2.79,True,MIGRACION DIRECTA VIABLE,-8.1
2144,CABORICA,TELMEX,,(TZ-30) Torre Cereso,30.670322,-110.916661,2.79,True,MIGRACION DIRECTA VIABLE,-8.1
820,20 DE NOVIEMBRE,RED SEC,,Subcentro (C5i) de Cd. Obregon,27.525989,-109.930322,2.797,True,MIGRACION DIRECTA VIABLE,-11.09
2623,ESCUELA SECUNDARIA TECNICA ESTATAL NUM. 13,TELMEX,,ESPERANZA,27.56626,-109.9411,2.804,True,MIGRACION DIRECTA VIABLE,-11.0
3636,SERVICIOS DE SALUD DE SONORA,TELMEX,688.79,(TZ-45) Comandancia Zona Norte,29.110261,-110.991386,2.804,True,MIGRACION DIRECTA VIABLE,-10.87
1726,ADOLFO DE LA HUERTA,MEGACABLE,,(TZ-45) Centro integral PEI,29.094997,-111.028789,2.806,True,MIGRACION DIRECTA VIABLE,-9.02
1650,ESCUELA PRIMARIA FORD NUM. 3,RED SEC,,(TZ-45) Torre Comandancia Municipal,28.842942,-111.489844,2.832,True,MIGRACION DIRECTA VIABLE,-9.13
3654,DIF SONORA,TELMEX,6905.72,(TZ-45) Torre Fiscal,27.497094,-109.932206,2.854,True,MIGRACION DIRECTA VIABLE,-9.4
2966,Plantel Ernesto Lopez Riesgo,TOTAL PLAY,,BMXDGR,29.076318,-110.957066,2.87,False,REQUIERE REPETIDOR O REVISION TECNICA,9.54
976,PROF. CARLOS ESPINOZA MUÑOZ,TELMEX,,CESPEJO,29.091625,-110.975432,2.881,True,MIGRACION DIRECTA VIABLE,-8.74
1646,HEROE DE NACOZARI,COMPUENLACES,,CESPEJO,29.091625,-110.975432,2.885,True,MIGRACION DIRECTA VIABLE,-9.87
1499,ISAURA RIVERA DE HOYOS,TELMEX,,AUFIS,29.069393,-110.944628,2.887,False,REQUIERE REPETIDOR O REVISION TECNICA,36.78
1406,ENRIQUE RIOS ENRIQUEZ,TELNOR,,(TZ-45) Torre Comandancia Sonoyta,31.864325,-112.849472,2.902,False,REQUIERE REPETIDOR O REVISION TECNICA,12.36
813,BENITO JUAREZ,RED SEC,,PLANTEL OBREGÓN II,27.44299,-109.924923,2.905,True,MIGRACION DIRECTA VIABLE,-9.66
1210,JESUS GARCIA CORONA,TELMEX,,(TZ-45) Torre Palacio Municipal  Etchojoa,26.911617,-109.625892,2.907,True,MIGRACION DIRECTA VIABLE,-8.26
1239,TELESECUNDARIA 230,TELMEX,,(TZ-45) Torre Palacio Municipal  Etchojoa,26.911617,-109.625892,2.907,True,MIGRACION DIRECTA VIABLE,-8.26
1728,ARMIDA DE LA VARA,MEGACABLE,,LUIS-ORCI,29.102933,-111.007014,2.909,True,MIGRACION DIRECTA VIABLE,-7.35
1224,ESCUELA SECUNDARIA TECNICA NUM. 19,RED SEC,,(TZ-60) Torre CIF Guaymas,27.919503,-110.900733,2.921,False,REQUIERE REPETIDOR O REVISION TECNICA,31.02
1469,JUAN AGUILAR PEREZ,COMPUENLACES,,PUEBLITOS,29.151882,-111.006934,2.936,False,REQUIERE REPETIDOR O REVISION TECNICA,0.63
2163,NIÑOS HEROES,GLOBALSAT,,(TZ-30) Torre Cereso,30.670322,-110.916661,2.94,True,MIGRACION DIRECTA VIABLE,-10.43
1455,ARQ. GUSTAVO F. AGUILAR BELTRAN,TELMEX,,CGOB,29.067638,-110.959266,2.949,False,REQUIERE REPETIDOR O REVISION TECNICA,15.41
1400,MARIA ESPERANZA SALCIDO RUIZ,MEGACABLE,,(TZ-60) Torre CIF Guaymas,27.919503,-110.900733,2.952,False,REQUIERE REPETIDOR O REVISION TECNICA,15.17
3064,Universidad Tecnológica de Puerto Peñasco,MEGACABLE,,(TZ-45) Torre Subcentro C5 PP,31.333964,-113.52995,2.992,True,MIGRACION DIRECTA VIABLE,-7.45
3687,SECRETARÍA PARTICULAR,TELMEX,2404.31,(TZ-45) Torre C5 Guaymas,27.946206,-110.934208,3.011,False,REQUIERE REPETIDOR O REVISION TECNICA,28.4
1096,NICOLAS GARCIA OCEGUEDA,TELMEX,,Prim Presidente Miguel Alemán de Ej Miguel Aleman,27.498163,-110.115354,3.011,True,MIGRACION DIRECTA VIABLE,-10.16
3642,DIF SONORA,TELMEX,343.97,AUFIS,29.069393,-110.944628,3.028,False,REQUIERE REPETIDOR O REVISION TECNICA,41.44
1434,AARON AMARILLAS BUITIMEA,RED SEC,,Onteme,27.603833,-110.289378,3.032,True,MIGRACION DIRECTA VIABLE,-11.01
1450,TELESECUNDARIA 370,RED SEC,,Onteme,27.603833,-110.289378,3.032,True,MIGRACION DIRECTA VIABLE,-11.01
1164,EMILIANO ZAPATA,RED SEC,,(TZ-30) Torre Hospital Gral. Huatabampo,26.842472,-109.641122,3.035,True,MIGRACION DIRECTA VIABLE,-11.15
2651,OSCAR ROMERO CARPENA,TELMEX,,Hospital General de Obregón,27.4836,-109.955,3.069,True,MIGRACION DIRECTA VIABLE,-8.65
1656,NARCISO MENDOZA,MEGACABLE,,(TZ-45) Comandancia Zona Norte,29.110261,-110.991386,3.074,True,MIGRACION DIRECTA VIABLE,-9.46
963,DISTRIBUIDORES NISSAN 54-1,RED SEC,,PLANTEL OBREGÓN II,27.44299,-109.924923,3.076,True,MIGRACION DIRECTA VIABLE,-10.22
1179,NETZAHUALCOYOTL,TELMEX,,(TZ-45) Torre Salubridad Etchojoa,26.978656,-109.656283,3.098,True,MIGRACION DIRECTA VIABLE,-10.5
1653,LEONA VICARIO,COMPUENLACES,,(TZ-45) Comandancia el Cortijo,29.143614,-110.986272,3.124,True,MIGRACION DIRECTA VIABLE,-7.09
3071,SUPERIOR ESTATAL DE SONORA-Unidad Academica Hermosillo,MEGACABLE,,(TZ-45) Comandancia el Cortijo,29.143614,-110.986272,3.126,True,MIGRACION DIRECTA VIABLE,-3.42
3703,UNIVERSIDAD ESTATAL DE SONORA,TOTAL PLAY,5009,(TZ-45) Comandancia el Cortijo,29.143614,-110.986272,3.126,True,MIGRACION DIRECTA VIABLE,-3.42
3070,SUPERIOR ESTATAL DE SONORA-Unidad Academica Hermosillo,MEGACABLE,,(TZ-45) Comandancia el Cortijo,29.143614,-110.986272,3.126,True,MIGRACION DIRECTA VIABLE,-3.42
3069,SUPERIOR ESTATAL DE SONORA-Unidad Academica Hermosillo,MEGACABLE,,(TZ-45) Comandancia el Cortijo,29.143614,-110.986272,3.126,True,MIGRACION DIRECTA VIABLE,-3.42
3067,SUPERIOR ESTATAL DE SONORA-Unidad Academica Hermosillo,MEGACABLE,,(TZ-45) Comandancia el Cortijo,29.143614,-110.986272,3.126,True,MIGRACION DIRECTA VIABLE,-3.42
3068,"SUPERIOR ESTATAL DE SONORA-Unidad Academica Hermosillo/Coord. Informatica, Ed. C.",MEGACABLE,,(TZ-45) Comandancia el Cortijo,29.143614,-110.986272,3.126,True,MIGRACION DIRECTA VIABLE,-3.42
1935,EL NOPAL,RED SEC,,HOSPITAL GENERAL,26.842562,-109.641426,3.133,True,MIGRACION DIRECTA VIABLE,-4.64
2030,NARCIZO MENDOZA,RED SEC,,HOSPITAL GENERAL,26.842562,-109.641426,3.133,True,MIGRACION DIRECTA VIABLE,-4.64
3686,SECRETARÍA PARTICULAR,TELMEX,1613.92,BMXDGR,29.076318,-110.957066,3.136,True,MIGRACION DIRECTA VIABLE,-1.43
1194,21 DE MARZO,RED SEC,,CENTRO DE SALUD BACOBAMPO,26.979011,-109.654255,3.193,True,MIGRACION DIRECTA VIABLE,-7.12
1142,JOSEFA ORTIZ DE DOMINGUEZ,RED SEC,,CENTRO DE SALUD BACOBAMPO,26.979011,-109.654255,3.193,True,MIGRACION DIRECTA VIABLE,-7.12
2330,ANAHUAC,RED SEC,,AGENCIA FISCAL,27.082605,-109.447167,3.199,True,MIGRACION DIRECTA VIABLE,-7.31
2286,ISSAC NEWTON,RED SEC,,AGENCIA FISCAL,27.082605,-109.447167,3.199,True,MIGRACION DIRECTA VIABLE,-7.31
2232,MONTESSORI,RED SEC,,Cuarentenaria Bahuises,27.127718,-109.469734,3.201,True,MIGRACION DIRECTA VIABLE,-12.11
2325,18 DE MARZO,RED SEC,,Cuarentenaria Bahuises,27.127718,-109.469734,3.201,True,MIGRACION DIRECTA VIABLE,-12.11
3626,CENTRO ESTATAL DE TRASPLANTES,TELMEX,688.79,CESPEJO,29.091625,-110.975432,3.212,True,MIGRACION DIRECTA VIABLE,-7.76
1409,ESCUELA SECUNDARIA TECNICA NUM. 38,TELMEX,,(TZ-45) Torre Salubridad Etchojoa,26.978656,-109.656283,3.23,True,MIGRACION DIRECTA VIABLE,-8.18
2421,TELESECUNDARIA 103,RED SEC,,Cuarentenaria Bahuises,27.127718,-109.469734,3.279,True,MIGRACION DIRECTA VIABLE,-9.21
2343,CONQUISTA DE LA REVOLUCION,RED SEC,,Cuarentenaria Bahuises,27.127718,-109.469734,3.279,True,MIGRACION DIRECTA VIABLE,-9.21
2228,EL ROSAL,RED SEC,,Cuarentenaria Bahuises,27.127718,-109.469734,3.279,True,MIGRACION DIRECTA VIABLE,-9.21
2969,Plantel Hermosillo V,TOTAL PLAY,,C5 Hermosillo,29.06376,-111.048102,3.284,True,MIGRACION DIRECTA VIABLE,-8.08
2365,GUADALUPE VICTORIA,RED SEC,,EL-SAUZ,27.068219,-109.501556,3.294,True,MIGRACION DIRECTA VIABLE,-9.17
2236,LA TORTUGUITA,RED SEC,,EL-SAUZ,27.068219,-109.501556,3.294,True,MIGRACION DIRECTA VIABLE,-9.17
502,OVIDIO DECROLY,MEGACABLE,,Prim Presidente Miguel Alemán de Ej Miguel Aleman,27.498163,-110.115354,3.294,True,MIGRACION DIRECTA VIABLE,-9.03
1672,JUAN BOURJAC,TELMEX,,C5 Hermosillo,29.06376,-111.048102,3.3,True,MIGRACION DIRECTA VIABLE,-8.11
512,JOSE MA MORELOS Y PAVON,MEGACABLE,,Prim Presidente Miguel Alemán de Ej Miguel Aleman,27.498163,-110.115354,3.315,True,MIGRACION DIRECTA VIABLE,-10.18
1219,GENERAL LAZARO CARDENAS DEL RIO,RED SEC,,CENTRO DE SALUD BACOBAMPO,26.979011,-109.654255,3.327,True,MIGRACION DIRECTA VIABLE,-11.15
3653,DIF SONORA,TELMEX,2320.31,(TZ-45) Comandancia Zona Norte,29.110261,-110.991386,3.332,True,MIGRACION DIRECTA VIABLE,-11.78
908,RAFAEL AMAYA AMAYA,RED SEC,,Hospital General de Obregón,27.4836,-109.955,3.335,True,MIGRACION DIRECTA VIABLE,-7.94
530,GENERAL ROMAN YOCUPICIO,MEGACABLE,,Prim Presidente Miguel Alemán de Ej Miguel Aleman,27.498163,-110.115354,3.342,True,MIGRACION DIRECTA VIABLE,-10.17
1464,NETZAHUALCOYOTL,MEGACABLE,,(TZ-45) Comandancia Zona Norte,29.110261,-110.991386,3.362,True,MIGRACION DIRECTA VIABLE,-5.33
1743,LAURA ALICIA FRIAS DE LOPEZ NOGALES,TELMEX,,(TZ-45) Comandancia Zona Norte,29.110261,-110.991386,3.367,True,MIGRACION DIRECTA VIABLE,-6.29
1824,DR. MARCO AURELIO LARIOS RAMOS,TELMEX,,(TZ-45) Comandancia Zona Norte,29.110261,-110.991386,3.382,True,MIGRACION DIRECTA VIABLE,-8.79
1828,PROFA. LYDIA COTAQUE BARRIOS,TELMEX,,(TZ-45) Comandancia Zona Norte,29.110261,-110.991386,3.396,True,MIGRACION DIRECTA VIABLE,-8.37
3476,ITAMA - HERMOSILLO II FEMENIL,TELMEX,,VSERIS,29.064011,-110.955496,3.398,True,MIGRACION DIRECTA VIABLE,-7.58
3477,ITAMA - HERMOSILLO II FEMENIL,TELMEX,,VSERIS,29.064011,-110.955496,3.398,True,MIGRACION DIRECTA VIABLE,-7.58
1324,HEROES DE LA INDEPENDENCIA,RED SEC,,(TZ-60) Torre CIF Guaymas,27.919503,-110.900733,3.404,False,REQUIERE REPETIDOR O REVISION TECNICA,0.12
1741,FRANCISCO CASTILLO BLANCO,COMPUENLACES,,LUIS-ORCI,29.102933,-111.007014,3.417,True,MIGRACION DIRECTA VIABLE,-10.26
3649,DIF SONORA,TELMEX,892.73,(TZ-45) Comandancia Zona Norte,29.110261,-110.991386,3.43,True,MIGRACION DIRECTA VIABLE,-6.19
929,RAMONCITA GIL OSORIO,RED SEC,,Torre C4,27.525981,-109.930289,3.448,True,MIGRACION DIRECTA VIABLE,-7.73
1356,CHIMAMPAC,INDEX,,Prim Emiliano Zapata de El Castillo,27.520371,-110.183333,3.478,True,MIGRACION DIRECTA VIABLE,-7.4
1186,BENITO JUAREZ,RED SEC,,CENTRO DE SALUD BACOBAMPO,26.979011,-109.654255,3.479,True,MIGRACION DIRECTA VIABLE,-10.19
2120,BRAULIO RODRIGUEZ,GLOBALSAT,,ÍMURIS,30.793453,-110.846086,3.484,False,REQUIERE REPETIDOR O REVISION TECNICA,4.92
1100,EL BAYNORO,RED SEC,,(TZ-30) Torre Hospital Gral. Huatabampo,26.842472,-109.641122,3.484,True,MIGRACION DIRECTA VIABLE,-9.25
1236,TELESECUNDARIA 184,RED SEC,,(TZ-30) Torre Hospital Gral. Huatabampo,26.842472,-109.641122,3.484,True,MIGRACION DIRECTA VIABLE,-9.25
1180,JUSTO SIERRA,RED SEC,,(TZ-30) Torre Hospital Gral. Huatabampo,26.842472,-109.641122,3.484,True,MIGRACION DIRECTA VIABLE,-9.25
3054,SUPERIOR TECNOLÓGICA DE GUAYMAS,MEGACABLE,,(TZ-45) Torre C5 Guaymas,27.946206,-110.934208,3.498,True,MIGRACION DIRECTA VIABLE,-10.92
1871,MANUEL RIOS Y RIOS,RED SEC,,GANADEROS,29.037639,-110.935456,3.543,True,MIGRACION DIRECTA VIABLE,-3.24
1651,GENERAL LAZARO CARDENAS DEL RIO,MEGACABLE,,AUFIS,29.069393,-110.944628,3.551,False,REQUIERE REPETIDOR O REVISION TECNICA,78.65
1686,GENERAL ABELARDO L RODRIGUEZ,MEGACABLE,,CESPEJO,29.091625,-110.975432,3.581,True,MIGRACION DIRECTA VIABLE,-12.78
499,GOBERNADOR JESUS VALENZUELA,RED SEC,,Centro de Salud BÁCUM,27.5551,-110.085,3.603,True,MIGRACION DIRECTA VIABLE,-10.14
520,MIGUEL HIDALGO,RED SEC,,Centro de Salud BÁCUM,27.5551,-110.085,3.603,True,MIGRACION DIRECTA VIABLE,-10.14
498,JESUS GARCIA,RED SEC,,Centro de Salud BÁCUM,27.5551,-110.085,3.603,True,MIGRACION DIRECTA VIABLE,-10.14
534,TELESECUNDARIA 146,RED SEC,,Centro de Salud BÁCUM,27.5551,-110.085,3.603,True,MIGRACION DIRECTA VIABLE,-10.14
1379,BELISARIO DOMINGUEZ,COMPUPROYECCIONES,,Centro de Salud de Francisco Marquez,28.157694,-110.591389,3.633,True,MIGRACION DIRECTA VIABLE,-6.2
1327,MOLIERE,RED SEC,,(TZ-60) Torre CIF Guaymas,27.919503,-110.900733,3.638,False,REQUIERE REPETIDOR O REVISION TECNICA,37.41
1363,IGNACIO ALLENDE,TELMEX,,(TZ-60) Torre CIF Guaymas,27.919503,-110.900733,3.692,False,REQUIERE REPETIDOR O REVISION TECNICA,35.22
1120,JU-WICHALACA,RED SEC,,PLANTEL ETCHOJOA,26.908076,-109.622712,3.698,True,MIGRACION DIRECTA VIABLE,-7.63
1214,16 DE SEPTIEMBRE,RED SEC,,PLANTEL ETCHOJOA,26.908076,-109.622712,3.698,True,MIGRACION DIRECTA VIABLE,-7.63
847,JAIME NUNO,RED SEC,,MOCTEZUMA,27.457599,-109.894,3.719,True,MIGRACION DIRECTA VIABLE,-9.03
1209,ESCUADRON 201,RED SEC,,CENTRO DE SALUD BACOBAMPO,26.979011,-109.654255,3.721,True,MIGRACION DIRECTA VIABLE,-9.32
1146,IGNACIO L VALLARTA,RED SEC,,CENTRO DE SALUD BACOBAMPO,26.979011,-109.654255,3.721,True,MIGRACION DIRECTA VIABLE,-9.32
1243,TELESECUNDARIA 250,RED SEC,,CENTRO DE SALUD BACOBAMPO,26.979011,-109.654255,3.721,True,MIGRACION DIRECTA VIABLE,-9.32
1749,ESCUELA PRIMARIA NUEVA CREACION,MEGACABLE,,(TZ-45) Centro integral PEI,29.094997,-111.028789,3.738,True,MIGRACION DIRECTA VIABLE,-3.27
2,GENERAL FRANCISCO CONTRERAS B,TELMEX,,ACONCHI (SITIO ALTAN),29.8262,-110.21989,3.746,True,MIGRACION DIRECTA VIABLE,-5.7
1454,JOSE MARIA GONZALEZ HERMOSILLO,TELMEX,,VSERIS,29.064011,-110.955496,3.757,True,MIGRACION DIRECTA VIABLE,-7.72
1633,ENRIQUE C. REBSAMEN,TELMEX,,VSERIS,29.064011,-110.955496,3.758,True,MIGRACION DIRECTA VIABLE,-10.3
2424,TELESECUNDARIA 156,RED SEC,,EL-SAUZ,27.068219,-109.501556,3.782,True,MIGRACION DIRECTA VIABLE,-10.12
2230,MARIPOSITA,RED SEC,,EL-SAUZ,27.068219,-109.501556,3.782,True,MIGRACION DIRECTA VIABLE,-10.12
2333,NARCISO MENDOZA,RED SEC,,EL-SAUZ,27.068219,-109.501556,3.782,True,MIGRACION DIRECTA VIABLE,-10.12
1458,ALFREDO E URUCHURTU,MEGACABLE,,AUFIS,29.069393,-110.944628,3.814,False,REQUIERE REPETIDOR O REVISION TECNICA,29.51
1312,MARIA LUISA ALCOTT,RED SEC,,(TZ-60) Torre CIF Guaymas,27.919503,-110.900733,3.818,False,REQUIERE REPETIDOR O REVISION TECNICA,28.89
1528,MAURICIO SAENZ BARRON,MEGACABLE,,CGOB,29.067638,-110.959266,3.831,True,MIGRACION DIRECTA VIABLE,-1.56
1737,ALVARO REMBAU FIGUEROA,COMPUENLACES,,(TZ-45) Comandancia el Cortijo,29.143614,-110.986272,3.835,True,MIGRACION DIRECTA VIABLE,-6.53
1887,MARIA CANDELARIA VANEGAS TREVOR,MEGACABLE,,CGOB,29.067638,-110.959266,3.848,True,MIGRACION DIRECTA VIABLE,-6.62
1448,TELESECUNDARIA 355,INDEX,,POTAM,27.625629,-110.417627,3.881,True,MIGRACION DIRECTA VIABLE,-7.84
1350,JOSE MARIA MATUZ FLORES,INDEX,,POTAM,27.625629,-110.417627,3.881,True,MIGRACION DIRECTA VIABLE,-7.84
3670,INSTITUTO SONORENSE PARA LA ATENCIÓN DE LOS ADULTOS MAYORES,TELMEX,688.79,VSERIS,29.064011,-110.955496,3.89,True,MIGRACION DIRECTA VIABLE,-7.35
1133,MAGICO,RED SEC,,(TZ-45) Torre Palacio Municipal  Etchojoa,26.911617,-109.625892,3.893,True,MIGRACION DIRECTA VIABLE,-11.18
1673,21 DE MARZO,MEGACABLE,,CGOB,29.067638,-110.959266,3.913,True,MIGRACION DIRECTA VIABLE,-2.99
1392,LIC. ADOLFO LOPEZ MATEOS,TELMEX,,(TZ-60) Torre CIF Guaymas,27.919503,-110.900733,3.945,True,MIGRACION DIRECTA VIABLE,-3.52
1467,PROFR. HORACIO SORIA LARREA,MEGACABLE,,(TZ-45) Centro integral PEI,29.094997,-111.028789,3.956,True,MIGRACION DIRECTA VIABLE,-6.76
37,JOSE VASCONCELOS,COMPUPROYECCIONES,,ESQUEDA,31.30943,-109.5601,3.979,True,MIGRACION DIRECTA VIABLE,-10.06
2971,Plantel California,TOTAL PLAY,,(TZ-45) Centro integral PEI,29.094997,-111.028789,3.996,True,MIGRACION DIRECTA VIABLE,-7.35
1238,TELESECUNDARIA 229,RED SEC,,Prim Niños Heroes de Campo España,26.990163,-109.708276,4.015,True,MIGRACION DIRECTA VIABLE,-9.58
1121,EL PROGRESO,RED SEC,,Prim Niños Heroes de Campo España,26.990163,-109.708276,4.015,True,MIGRACION DIRECTA VIABLE,-9.58
1184,CONSTITUCION,RED SEC,,Prim Niños Heroes de Campo España,26.990163,-109.708276,4.015,True,MIGRACION DIRECTA VIABLE,-9.58
3198,CENTRO DE SALUD LOS OLIVOS,MEGACABLE,,GANADEROS,29.037639,-110.935456,4.074,True,MIGRACION DIRECTA VIABLE,-3.45
1038,TELESECUNDARIA 77,TELMEX,,CUMPAS,29.998067,-109.775114,4.081,True,MIGRACION DIRECTA VIABLE,-4.82
1109,EL ARROYITO,RED SEC,,PLANTEL ETCHOJOA,26.908076,-109.622712,4.103,True,MIGRACION DIRECTA VIABLE,-8.35
1161,REVOLUCION,RED SEC,,PLANTEL ETCHOJOA,26.908076,-109.622712,4.103,True,MIGRACION DIRECTA VIABLE,-8.35
1611,MARIA MAGDALENA SPINDOLA GARCIA,TELMEX,,Hospital General de Obregón,27.4836,-109.955,4.111,True,MIGRACION DIRECTA VIABLE,-10.24
1175,HERMENEGILDO GALEANA,RED SEC,,(TZ-45) Torre Palacio Municipal  Etchojoa,26.911617,-109.625892,4.143,True,MIGRACION DIRECTA VIABLE,-11.17
1110,CAPERUCITA ROJA,RED SEC,,(TZ-45) Torre Palacio Municipal  Etchojoa,26.911617,-109.625892,4.143,True,MIGRACION DIRECTA VIABLE,-11.17
3195,CENTRO DE SALUD LAS MINITAS,MEGACABLE,,CGOB,29.067638,-110.959266,4.147,False,REQUIERE REPETIDOR O REVISION TECNICA,7.2
2788,VICENTE GUERRERO,GLOBALSAT,,SANTA ANA,30.544389,-111.121275,4.156,True,MIGRACION DIRECTA VIABLE,-10.04
653,LAZARO CARDENAS DEL RIO,COMPUPROYECCIONES,,"(TZ-90) Cecytes ""Y""",30.805425,-112.713033,4.163,True,MIGRACION DIRECTA VIABLE,-8.74
2806,MIGUEL HIDALGO,TELNOR,,EL-FRONTERIZO,32.275715,-114.892026,4.175,True,MIGRACION DIRECTA VIABLE,-10.01
2335,HEROES DE SAHUARIPA,RED SEC,,EL-SAUZ,27.068219,-109.501556,4.197,True,MIGRACION DIRECTA VIABLE,-11.17
1206,GENERAL FRANCISCO VILLA,RED SEC,,PLANTEL ETCHOJOA,26.908076,-109.622712,4.2,True,MIGRACION DIRECTA VIABLE,-11.16
1119,UME-ILI OLAM,RED SEC,,PLANTEL ETCHOJOA,26.908076,-109.622712,4.2,True,MIGRACION DIRECTA VIABLE,-11.16
1113,LAS ESTRELLITAS,RED SEC,,(TZ-45) Torre Palacio Municipal  Etchojoa,26.911617,-109.625892,4.235,True,MIGRACION DIRECTA VIABLE,-9.2
1159,JOSE MA MORELOS,RED SEC,,(TZ-45) Torre Palacio Municipal  Etchojoa,26.911617,-109.625892,4.235,True,MIGRACION DIRECTA VIABLE,-9.2
1244,TELESECUNDARIA 251,RED SEC,,(TZ-45) Torre Palacio Municipal  Etchojoa,26.911617,-109.625892,4.235,True,MIGRACION DIRECTA VIABLE,-9.2
1137,EL SOLECITO,RED SEC,,CENTRO DE SALUD BACOBAMPO,26.979011,-109.654255,4.238,True,MIGRACION DIRECTA VIABLE,-10.13
1191,IGNACIO ALLENDE,RED SEC,,CENTRO DE SALUD BACOBAMPO,26.979011,-109.654255,4.238,True,MIGRACION DIRECTA VIABLE,-10.13
1155,MARIANO ARISTA,RED SEC,,CENTRO DE SALUD BACOBAMPO,26.979011,-109.654255,4.238,True,MIGRACION DIRECTA VIABLE,-10.13
1220,EMILIANO ZAPATA,RED SEC,,(TZ-45) Torre Palacio Municipal  Etchojoa,26.911617,-109.625892,4.244,True,MIGRACION DIRECTA VIABLE,-8.17
1472,LEONA VICARIO,RED SEC,,Cerro 7Cerros  / Sitio C5 Hermosillo,28.854599,-111.385835,4.248,True,MIGRACION DIRECTA VIABLE,-12.83
1862,EMILIANO ZAPATA,RED SEC,,Cerro 7Cerros  / Sitio C5 Hermosillo,28.854599,-111.385835,4.248,True,MIGRACION DIRECTA VIABLE,-12.83
1440,EZEQUIEL SILVAS LOPEZ,RED SEC,,Cerro 7Cerros  / Sitio C5 Hermosillo,28.854599,-111.385835,4.248,True,MIGRACION DIRECTA VIABLE,-12.83
3055,Universidad Tecnológica de Etchojoa,ENINETWORKS,,(TZ-45) Torre Salubridad Etchojoa,26.978656,-109.656283,4.353,True,MIGRACION DIRECTA VIABLE,-10.2
1414,ABELARDO L. RODRIGUEZ,RED SEC,,(TZ-45) Torre Vigia Guaymas,27.942091,-110.904878,4.357,True,MIGRACION DIRECTA VIABLE,-13.98
1430,FRANCISCA MAYTORENA CAMPILLO,RED SEC,,(TZ-45) Torre Vigia Guaymas,27.942091,-110.904878,4.357,True,MIGRACION DIRECTA VIABLE,-13.98
660,BENITO JUAREZ,COMPUPROYECCIONES,,ADOLFO-ORIBE-DE-ALVA,30.93714,-113.01164,4.376,True,MIGRACION DIRECTA VIABLE,-7.82
1730,SANTIAGO FELIPE XICOTENCATL,RED SEC,,VSERIS,29.064011,-110.955496,4.391,True,MIGRACION DIRECTA VIABLE,-6.57
1893,GILDARDO ERNESTO CORDOVA VILLEGAS,MEGACABLE,,NUEVO-HERMOSILLO,29.008651,-110.935527,4.402,False,REQUIERE REPETIDOR O REVISION TECNICA,38.57
2339,BENITO JUAREZ,RED SEC,,EL-SAUZ,27.068219,-109.501556,4.404,True,MIGRACION DIRECTA VIABLE,-7.27
2220,LA ESPINITA,RED SEC,,EL-SAUZ,27.068219,-109.501556,4.404,True,MIGRACION DIRECTA VIABLE,-7.27
2418,TELESECUNDARIA 37,RED SEC,,EL-SAUZ,27.068219,-109.501556,4.404,True,MIGRACION DIRECTA VIABLE,-7.27
497,BATACONCICA,RED SEC,,Centro de Salud BÁCUM,27.5551,-110.085,4.405,True,MIGRACION DIRECTA VIABLE,-10.19
509,PADRE DE LAS CASAS,RED SEC,,Centro de Salud BÁCUM,27.5551,-110.085,4.405,True,MIGRACION DIRECTA VIABLE,-10.19
690,TELESECUNDARIA 340,COMPUPROYECCIONES,,LA-ALMITA,30.705106,-112.430622,4.407,True,MIGRACION DIRECTA VIABLE,-9.02
637,JESUS GARCIA,COMPUPROYECCIONES,,LA-ALMITA,30.705106,-112.430622,4.407,True,MIGRACION DIRECTA VIABLE,-9.02
1744,JESUS JOSE LOYA ABOYTIA,MEGACABLE,,CGOB,29.067638,-110.959266,4.428,False,REQUIERE REPETIDOR O REVISION TECNICA,57.46
1717,VICENTE GUERRERO,COMPUPROYECCIONES,,MOLINO-DE-CAMOU,29.196339,-110.786536,4.49,True,MIGRACION DIRECTA VIABLE,-7.15
2849,FLAVIA GALLEGOS PERALTA,GLOBALSAT,,EL-CLARO,30.45145,-111.20288,4.517,True,MIGRACION DIRECTA VIABLE,-4.4
1245,TELESECUNDARIA 261,RED SEC,,(TZ-45) Torre Palacio Municipal  Etchojoa,26.911617,-109.625892,4.552,True,MIGRACION DIRECTA VIABLE,-10.37
2302,AGUILUCHOS DEL PACIFICO,RED SEC,,EL-SAUZ,27.068219,-109.501556,4.56,True,MIGRACION DIRECTA VIABLE,-1.88
2221,LA COMARCA,RED SEC,,EL-SAUZ,27.068219,-109.501556,4.56,True,MIGRACION DIRECTA VIABLE,-1.88
1108,SAHUARITO,RED SEC,,(TZ-45) Torre Palacio Municipal  Etchojoa,26.911617,-109.625892,4.582,True,MIGRACION DIRECTA VIABLE,-7.85
1567,MARGARITA URUCHURTU,MEGACABLE,,CGOB,29.067638,-110.959266,4.586,False,REQUIERE REPETIDOR O REVISION TECNICA,15.18
3637,SERVICIOS DE SALUD DE SONORA,TELMEX,473.28,CGOB,29.067638,-110.959266,4.591,False,REQUIERE REPETIDOR O REVISION TECNICA,7.71
1122,PERIQUITO,RED SEC,,CENTRO DE SALUD BACOBAMPO,26.979011,-109.654255,4.616,True,MIGRACION DIRECTA VIABLE,-12.16
1183,5 DE MAYO,RED SEC,,CENTRO DE SALUD BACOBAMPO,26.979011,-109.654255,4.616,True,MIGRACION DIRECTA VIABLE,-12.16
1346,COMANDANTE FRANCISCO URBALEJO,RED SEC,,TORIM,27.57877,-110.22728,4.623,True,MIGRACION DIRECTA VIABLE,-12.14
1443,CESAR ZEPEDA GARCIA,COMPUPROYECCIONES,,KILOMETRO-CINCUENTA-Y-SIETE,32.20119,-114.98914,4.68,True,MIGRACION DIRECTA VIABLE,-11.15
3050,Plantel Navojoa,TELMEX,,(TZ-45) Torre UES,27.047372,-109.452433,4.68,True,MIGRACION DIRECTA VIABLE,-10.14
2425,TELESECUNDARIA 195,RED SEC,,Cuarentenaria Bahuises,27.127718,-109.469734,4.706,True,MIGRACION DIRECTA VIABLE,-10.28
2222,EL RANCHITO,RED SEC,,Cuarentenaria Bahuises,27.127718,-109.469734,4.706,True,MIGRACION DIRECTA VIABLE,-10.28
2341,EL NIGROMANTE,RED SEC,,Cuarentenaria Bahuises,27.127718,-109.469734,4.706,True,MIGRACION DIRECTA VIABLE,-10.28
1723,VENUSTIANO CARRANZA,MEGACABLE,,VSERIS,29.064011,-110.955496,4.721,True,MIGRACION DIRECTA VIABLE,-10.77
2307,MANUEL AVILA CAMACHO,RED SEC,,EL-SAUZ,27.068219,-109.501556,4.75,True,MIGRACION DIRECTA VIABLE,-9.4
2249,MI PRIMERA LUZ,RED SEC,,EL-SAUZ,27.068219,-109.501556,4.75,True,MIGRACION DIRECTA VIABLE,-9.4
2037,EMILIANO ZAPATA,RED SEC,,ITHUA,26.820917,-109.618556,4.767,True,MIGRACION DIRECTA VIABLE,-9.18
1958,BATWE,RED SEC,,ITHUA,26.820917,-109.618556,4.767,True,MIGRACION DIRECTA VIABLE,-9.18
969,TELESECUNDARIA 15,TELMEX,,ESPERANZA,27.56626,-109.9411,4.767,True,MIGRACION DIRECTA VIABLE,-11.92
1188,EMILIANO ZAPATA,RED SEC,,Prim Indigena del Mayo de Juchica,27.083333,-109.646555,4.768,True,MIGRACION DIRECTA VIABLE,-8.92
1231,TELESECUNDARIA 129,RED SEC,,Prim Indigena del Mayo de Juchica,27.083333,-109.646555,4.768,True,MIGRACION DIRECTA VIABLE,-8.92
1106,ESPERANZA,RED SEC,,Prim Indigena del Mayo de Juchica,27.083333,-109.646555,4.768,True,MIGRACION DIRECTA VIABLE,-8.92
1212,EMILIANO ZAPATA,RED SEC,,Prim Niños Heroes de Campo España,26.990163,-109.708276,4.806,True,MIGRACION DIRECTA VIABLE,-11.74
2000,PLAN DE AYALA,RED SEC,,ITHUA,26.820917,-109.618556,4.834,True,MIGRACION DIRECTA VIABLE,-8.24
1944,LA SIEMBRITA,RED SEC,,ITHUA,26.820917,-109.618556,4.834,True,MIGRACION DIRECTA VIABLE,-8.24
3739,INSTITUTO SONORENSE DE CULTURA,TELMEX,473.28,VILLA PESQUEIRA,29.118272,-109.969133,4.882,False,REQUIERE REPETIDOR O REVISION TECNICA,87.46
3740,INSTITUTO SONORENSE DE CULTURA,TELMEX,473.28,VILLA PESQUEIRA,29.118272,-109.969133,4.882,False,REQUIERE REPETIDOR O REVISION TECNICA,87.46
3737,INSTITUTO SONORENSE DE CULTURA,TELMEX,473.28,VILLA PESQUEIRA,29.118272,-109.969133,4.882,False,REQUIERE REPETIDOR O REVISION TECNICA,87.46
3738,INSTITUTO SONORENSE DE CULTURA,TELMEX,473.28,VILLA PESQUEIRA,29.118272,-109.969133,4.882,False,REQUIERE REPETIDOR O REVISION TECNICA,87.46
2322,ALFONSO CRUZ DELGADO,RED SEC,,Cuarentenaria Bahuises,27.127718,-109.469734,4.893,True,MIGRACION DIRECTA VIABLE,-5.47
2215,U-PARISEERO,RED SEC,,Cuarentenaria Bahuises,27.127718,-109.469734,4.893,True,MIGRACION DIRECTA VIABLE,-5.47
654,NIÑOS HEROES,COMPUPROYECCIONES,,ULTIMO-ESFUERZO,30.79001,-112.84186,4.902,True,MIGRACION DIRECTA VIABLE,-8.22
1425,PETRA L DE RODRIGUEZ,RED SEC,,(TZ-45) Torre Vigia Guaymas,27.942091,-110.904878,4.914,True,MIGRACION DIRECTA VIABLE,-12.98
1437,TELESECUNDARIA 124,RED SEC,,(TZ-45) Torre Vigia Guaymas,27.942091,-110.904878,4.914,True,MIGRACION DIRECTA VIABLE,-12.98
1321,ADOLFO RUIZ CORTINES,RED SEC,,(TZ-45) Torre Vigia Guaymas,27.942091,-110.904878,4.914,True,MIGRACION DIRECTA VIABLE,-12.98
1679,FORD 63,RED SEC,,SUBESTACION-NUMERO-CINCO,28.75333,-111.632058,4.915,True,MIGRACION DIRECTA VIABLE,-7.14
948,REVOLUCION NUM. 1,TELMEX,,Hospital General de Obregón,27.4836,-109.955,4.934,True,MIGRACION DIRECTA VIABLE,-6.71
2820,TELESECUNDARIA 256,COMPUPROYECCIONES,,EL-FRONTERIZO,32.275715,-114.892026,5.018,True,MIGRACION DIRECTA VIABLE,-9.15
2957,RAMON ANGEL LUZANIA MOROYOQUI,COMPUPROYECCIONES,,LA-ALMITA,30.705106,-112.430622,5.021,True,MIGRACION DIRECTA VIABLE,-7.76
659,VENUSTIANO CARRANZA,COMPUPROYECCIONES,,LA-ALMITA,30.705106,-112.430622,5.021,True,MIGRACION DIRECTA VIABLE,-7.76
1654,20 DE NOVIEMBRE,COMPUPROYECCIONES,,MOLINO-DE-CAMOU,29.196339,-110.786536,5.071,True,MIGRACION DIRECTA VIABLE,-12.67
1234,TELESECUNDARIA 134,RED SEC,,(TZ-45) Torre Palacio Municipal  Etchojoa,26.911617,-109.625892,5.11,True,MIGRACION DIRECTA VIABLE,-11.17
1099,EL MANGUITO,RED SEC,,(TZ-45) Torre Palacio Municipal  Etchojoa,26.911617,-109.625892,5.11,True,MIGRACION DIRECTA VIABLE,-11.17
1202,FRANCISCO I. MADERO,RED SEC,,(TZ-45) Torre Palacio Municipal  Etchojoa,26.911617,-109.625892,5.11,True,MIGRACION DIRECTA VIABLE,-11.17
1354,LAZARO CARDENAS,INDEX,,TORIM,27.57877,-110.22728,5.12,True,MIGRACION DIRECTA VIABLE,-12.18
971,TELESECUNDARIA 18,RED SEC,,(TZ-45) Palacio Municipal BÁCUM,27.549892,-110.083075,5.121,True,MIGRACION DIRECTA VIABLE,-9.18
823,RICARDO FLORES MAGON,RED SEC,,(TZ-45) Palacio Municipal BÁCUM,27.549892,-110.083075,5.121,True,MIGRACION DIRECTA VIABLE,-9.18
752,ALEJANDRO VOLTA,RED SEC,,(TZ-45) Palacio Municipal BÁCUM,27.549892,-110.083075,5.121,True,MIGRACION DIRECTA VIABLE,-9.18
1192,ESTADO DE MICHOACAN,RED SEC,,Centro de Salud Rural de Buaysiacobe,27.05884,-109.68408,5.125,True,MIGRACION DIRECTA VIABLE,-9.29
1241,TELESECUNDARIA 248,RED SEC,,Centro de Salud Rural de Buaysiacobe,27.05884,-109.68408,5.125,True,MIGRACION DIRECTA VIABLE,-9.29
1123,EL NARANJO,RED SEC,,Centro de Salud Rural de Buaysiacobe,27.05884,-109.68408,5.125,True,MIGRACION DIRECTA VIABLE,-9.29
2305,PROF. SALVADOR RUIZ MEJIA,RED SEC,,EL-SAUZ,27.068219,-109.501556,5.218,True,MIGRACION DIRECTA VIABLE,-7.53
2250,LA LAGUNITA,RED SEC,,EL-SAUZ,27.068219,-109.501556,5.218,True,MIGRACION DIRECTA VIABLE,-7.53
1701,EL NIÑO CAMPESINO,RED SEC,,C5 Hermosillo,29.06376,-111.048102,5.31,True,MIGRACION DIRECTA VIABLE,-10.08
1058,RAMON MARTINEZ CORRAL,RED SEC,,CENTRO DE SALUD BACOBAMPO,26.979011,-109.654255,5.314,True,MIGRACION DIRECTA VIABLE,-8.35
1145,LUIS G URBINA,INDEX,,CENTRO DE SALUD BACOBAMPO,26.979011,-109.654255,5.314,True,MIGRACION DIRECTA VIABLE,-8.35
1229,LIC. HORACIO SOBARZO,INDEX,,CENTRO DE SALUD BACOBAMPO,26.979011,-109.654255,5.314,True,MIGRACION DIRECTA VIABLE,-8.35
2223,LA PECHITA,RED SEC,,Cuarentenaria Bahuises,27.127718,-109.469734,5.318,True,MIGRACION DIRECTA VIABLE,-11.21
1326,JACINTO BENAVENTE,RED SEC,,(TZ-60) Torre CIF Guaymas,27.919503,-110.900733,5.451,False,REQUIERE REPETIDOR O REVISION TECNICA,13.29
1951,ILI-KETWEYO,RED SEC,,ITHUA,26.820917,-109.618556,5.46,True,MIGRACION DIRECTA VIABLE,-11.16
2048,MIGUEL HIDALGO,RED SEC,,ITHUA,26.820917,-109.618556,5.46,True,MIGRACION DIRECTA VIABLE,-11.16
1470,ESCUELA SECUNDARIA TECNICA NUM. 45,TELMEX,,Prim Aquiles Serdán de La Potable,26.878814,-109.448692,5.462,True,MIGRACION DIRECTA VIABLE,-6.41
2413,ADELAIDA E DE FELIX,TELMEX,,Prim Aquiles Serdán de La Potable,26.878814,-109.448692,5.462,True,MIGRACION DIRECTA VIABLE,-6.41
2022,JOSE MA MORELOS,RED SEC,,HOSPITAL GENERAL,26.842562,-109.641426,5.489,True,MIGRACION DIRECTA VIABLE,-7.57
1282,TELESECUNDARIA 362,GLOBALSAT,,(TZ-45) Torre Comandancia Sonoyta,31.864325,-112.849472,5.493,False,REQUIERE REPETIDOR O REVISION TECNICA,15.52
1913,TELESECUNDARIA 252,RED SEC,,MOLINO-DE-CAMOU,29.196339,-110.786536,5.501,True,MIGRACION DIRECTA VIABLE,-11.13
2159,EMILIANO ZAPATA,GLOBALSAT,,MAGDALENA,30.632581,-110.978589,5.508,True,MIGRACION DIRECTA VIABLE,-12.03
2821,TELESECUNDARIA 282,COMPUPROYECCIONES,,LOS-PORTALES,32.46642,-114.8182,5.51,True,MIGRACION DIRECTA VIABLE,-9.64
2962,TELESECUNDARIA 224,COMPUPROYECCIONES,,Cerro Campanero  2,28.375794,-109.033189,5.541,False,REQUIERE REPETIDOR O REVISION TECNICA,111.58
2093,TELESECUNDARIA 117,RED SEC,,ITHUA,26.820917,-109.618556,5.566,True,MIGRACION DIRECTA VIABLE,-9.18
1957,MOTCHIK,RED SEC,,ITHUA,26.820917,-109.618556,5.566,True,MIGRACION DIRECTA VIABLE,-9.18
2042,MELCHOR OCAMPO,RED SEC,,ITHUA,26.820917,-109.618556,5.566,True,MIGRACION DIRECTA VIABLE,-9.18
2834,TELESECUNDARIA 235,COMPUPROYECCIONES,,Carrizo,29.345094,-110.746816,5.57,True,MIGRACION DIRECTA VIABLE,-10.78
2828,ISMAEL S QUIROGA,COMPUPROYECCIONES,,Carrizo,29.345094,-110.746816,5.57,True,MIGRACION DIRECTA VIABLE,-10.78
867,GUADALUPE VICTORIA,RED SEC,,PLANTEL OBREGÓN II,27.44299,-109.924923,5.617,True,MIGRACION DIRECTA VIABLE,-10.25
983,TELESECUNDARIA 288,RED SEC,,PLANTEL OBREGÓN II,27.44299,-109.924923,5.617,True,MIGRACION DIRECTA VIABLE,-10.25
2029,JOSEFA ORTIZ DE DOMINGUEZ,RED SEC,,HOSPITAL GENERAL,26.842562,-109.641426,5.619,True,MIGRACION DIRECTA VIABLE,-10.13
2057,13 DE ENERO,INDEX,,Prim Mariano Matamoros de Ej Manuel Caudillo,26.490564,-109.086278,5.622,False,REQUIERE REPETIDOR O REVISION TECNICA,45.0
886,NIÑOS HEROES,RED SEC,,MOCTEZUMA,27.457599,-109.894,5.63,True,MIGRACION DIRECTA VIABLE,-8.83
1187,CRISTOBAL COLON,RED SEC,,EL-SAUZ,27.068219,-109.501556,5.647,True,MIGRACION DIRECTA VIABLE,-9.18
1103,U-ILI TO-TO-RO-ORA,RED SEC,,EL-SAUZ,27.068219,-109.501556,5.647,True,MIGRACION DIRECTA VIABLE,-9.18
2011,LAZARO CARDENAS,RED SEC,,ITHUA,26.820917,-109.618556,5.664,True,MIGRACION DIRECTA VIABLE,-10.15
2902,MINERVA IBARRA JACOBO,MEGACABLE,,RESPLANDOR,29.27303,-110.94341,5.669,True,MIGRACION DIRECTA VIABLE,-6.9
2031,GREGORIO TORRES QUINTERO,RED SEC,,HOSPITAL GENERAL,26.842562,-109.641426,5.672,True,MIGRACION DIRECTA VIABLE,-10.5
1931,LOS FRUTITOS,RED SEC,,HOSPITAL GENERAL,26.842562,-109.641426,5.672,True,MIGRACION DIRECTA VIABLE,-10.5
2219,EL CHINITO,RED SEC,,EL-SAUZ,27.068219,-109.501556,5.682,True,MIGRACION DIRECTA VIABLE,-11.18
2429,TELESECUNDARIA 262,RED SEC,,EL-SAUZ,27.068219,-109.501556,5.682,True,MIGRACION DIRECTA VIABLE,-11.18
2326,DANIEL DELGADILLO,RED SEC,,EL-SAUZ,27.068219,-109.501556,5.682,True,MIGRACION DIRECTA VIABLE,-11.18
2010,GENERAL FRANCISCO VILLA,RED SEC,,HOSPITAL GENERAL,26.842562,-109.641426,5.683,True,MIGRACION DIRECTA VIABLE,-8.0
1105,U-ILI-AQUI,RED SEC,,EL-SAUZ,27.068219,-109.501556,5.727,True,MIGRACION DIRECTA VIABLE,-7.45
1204,GILBERTO R LIMON,RED SEC,,EL-SAUZ,27.068219,-109.501556,5.727,True,MIGRACION DIRECTA VIABLE,-7.45
1344,FRANCISCO I. MADERO,INDEX,,Centro de Salud Vicam,27.647,-110.296,5.729,True,MIGRACION DIRECTA VIABLE,-8.84
1207,NIÑOS HEROES,TELMEX,,CENTRO DE SALUD BACOBAMPO,26.979011,-109.654255,5.784,True,MIGRACION DIRECTA VIABLE,-10.14
2244,EL SONADOR,RED SEC,,Cuarentenaria Bahuises,27.127718,-109.469734,5.836,True,MIGRACION DIRECTA VIABLE,-8.04
2346,NETZAHUALCOYOTL,RED SEC,,Cuarentenaria Bahuises,27.127718,-109.469734,5.836,True,MIGRACION DIRECTA VIABLE,-8.04
2422,TELESECUNDARIA 109,RED SEC,,Cuarentenaria Bahuises,27.127718,-109.469734,5.836,True,MIGRACION DIRECTA VIABLE,-8.04
1942,LA ALEGRIA,RED SEC,,ITHUA,26.820917,-109.618556,5.838,True,MIGRACION DIRECTA VIABLE,-8.37
2025,TIERRA Y LIBERTAD,RED SEC,,ITHUA,26.820917,-109.618556,5.838,True,MIGRACION DIRECTA VIABLE,-8.37
2327,ALFREDO DEL MAZO,RED SEC,,Universidad de Sonora  Campus Navojoa,27.074257,-109.429382,5.841,True,MIGRACION DIRECTA VIABLE,-3.34
2247,ROSARIO CASTELLANOS,RED SEC,,Universidad de Sonora  Campus Navojoa,27.074257,-109.429382,5.841,True,MIGRACION DIRECTA VIABLE,-3.34
1068,JOSE MA MORELOS,TELMEX,,Prim Leona Vicario de Maytorena,28.075694,-110.747167,5.948,True,MIGRACION DIRECTA VIABLE,-11.1
1402,ESCUELA SECUNDARIA TECNICA NUM. 32,TELMEX,,Prim Leona Vicario de Maytorena,28.075694,-110.747167,5.948,True,MIGRACION DIRECTA VIABLE,-11.1
824,JESUS GARCIA,RED SEC,,Prim Presidente Miguel Alemán de Ej Miguel Aleman,27.498163,-110.115354,5.949,True,MIGRACION DIRECTA VIABLE,-10.25
749,FRANZ HAYDN,RED SEC,,Prim Presidente Miguel Alemán de Ej Miguel Aleman,27.498163,-110.115354,5.949,True,MIGRACION DIRECTA VIABLE,-10.25
1689,FORD 96,RED SEC,,(TZ-45) Torre Comandancia Municipal,28.842942,-111.489844,5.963,True,MIGRACION DIRECTA VIABLE,-6.4
2500,GENERAL VICENTE GUERRERO,COMPUPROYECCIONES,,LOS-VIRREYES,31.300917,-110.898194,5.989,False,REQUIERE REPETIDOR O REVISION TECNICA,61.81
2910,TELESECUNDARIA 365,COMPUPROYECCIONES,,PUEBLO-NUEVO-OCUCA,30.573705,-111.447576,6.018,True,MIGRACION DIRECTA VIABLE,-6.71
3287,CENTRO DE SALUD RURAL LA ATRAVEZADA,TELMEX,,Prim Leona Vicario de Maytorena,28.075694,-110.747167,6.063,True,MIGRACION DIRECTA VIABLE,-9.24
1369,GENERAL LAZARO CARDENAS,COMPUPROYECCIONES,,GENERAL-FELIPE-ANGELES,28.27353,-110.62722,6.093,True,MIGRACION DIRECTA VIABLE,-8.9
750,20 DE NOVIEMBRE,RED SEC,,Hospital General de Obregón,27.4836,-109.955,6.116,True,MIGRACION DIRECTA VIABLE,-10.27
849,5 DE FEBRERO,RED SEC,,Hospital General de Obregón,27.4836,-109.955,6.116,True,MIGRACION DIRECTA VIABLE,-10.27
1182,EDO DE VERACRUZ,RED SEC,,PLANTEL ETCHOJOA,26.908076,-109.622712,6.13,True,MIGRACION DIRECTA VIABLE,-11.16
1117,U-ILI-SEE,RED SEC,,PLANTEL ETCHOJOA,26.908076,-109.622712,6.13,True,MIGRACION DIRECTA VIABLE,-11.16
522,JOSE MARIA MORELOS,RED SEC,,(TZ-45) Palacio Municipal BÁCUM,27.549892,-110.083075,6.192,True,MIGRACION DIRECTA VIABLE,-10.13
1705,U-TAA,RED SEC,,ITHUA,26.820917,-109.618556,6.217,True,MIGRACION DIRECTA VIABLE,-11.17
1059,LUIS ALFONSO FRANCO AGUAYO,MEGACABLE,,PLANTEL PUEBLO YAQUI,27.352328,-110.038082,6.282,True,MIGRACION DIRECTA VIABLE,-6.4
851,MARIANO MATAMOROS,RED SEC,,(TZ-45) Palacio Municipal BÁCUM,27.549892,-110.083075,6.285,True,MIGRACION DIRECTA VIABLE,-8.16
3,AMADO NERVO,COMPUPROYECCIONES,,ACONCHI (SITIO ALTAN),29.8262,-110.21989,6.307,False,REQUIERE REPETIDOR O REVISION TECNICA,0.3
2920,FRANCISCO I. MADERO,TELMEX,,HEROICA-CIUDAD-DE-URES,29.42406,-110.38735,6.333,True,MIGRACION DIRECTA VIABLE,-9.33
1185,BELISARIO DOMINGUEZ,RED SEC,,CENTRO DE SALUD BACOBAMPO,26.979011,-109.654255,6.335,True,MIGRACION DIRECTA VIABLE,-9.66
1156,SEVERIANO TALAMANTE,RED SEC,,CENTRO DE SALUD BACOBAMPO,26.979011,-109.654255,6.335,True,MIGRACION DIRECTA VIABLE,-9.66
2201,TELESECUNDARIA 170,COMPUPROYECCIONES,,Palacio Municipal de Nacori Chico,29.68636,-108.97802,6.389,True,MIGRACION DIRECTA VIABLE,-7.58
2124,JESUS GARCIA,TELMEX,,(TZ-30) Torre Cereso,30.670322,-110.916661,6.407,False,REQUIERE REPETIDOR O REVISION TECNICA,96.79
1128,EL CARRUCEL,RED SEC,,EL-SAUZ,27.068219,-109.501556,6.419,True,MIGRACION DIRECTA VIABLE,-9.16
1101,JARDIN DE NIÑOS NUEVA CREACION,RED SEC,,Prim Indigena del Mayo de Juchica,27.083333,-109.646555,6.449,True,MIGRACION DIRECTA VIABLE,-7.43
1195,HIMNO NACIONAL,RED SEC,,Prim Indigena del Mayo de Juchica,27.083333,-109.646555,6.449,True,MIGRACION DIRECTA VIABLE,-7.43
1178,BENITO JUAREZ,RED SEC,,(TZ-45) Torre Palacio Municipal  Etchojoa,26.911617,-109.625892,6.456,True,MIGRACION DIRECTA VIABLE,-7.44
1237,TELESECUNDARIA 194,RED SEC,,(TZ-45) Torre Palacio Municipal  Etchojoa,26.911617,-109.625892,6.456,True,MIGRACION DIRECTA VIABLE,-7.44
1102,EL GUAYABITO,RED SEC,,(TZ-45) Torre Palacio Municipal  Etchojoa,26.911617,-109.625892,6.456,True,MIGRACION DIRECTA VIABLE,-7.44
173,TELESECUNDARIA 31,COMPUPROYECCIONES,,(TZ-45) Torre Comandancia municipal Álamos,27.039497,-108.944858,6.511,False,REQUIERE REPETIDOR O REVISION TECNICA,36.59
1168,EMILIANO ZAPATA,RED SEC,,EL-SAUZ,27.068219,-109.501556,6.525,True,MIGRACION DIRECTA VIABLE,-10.17
1211,NARCISO MENDOZA,RED SEC,,CENTRO DE SALUD BACOBAMPO,26.979011,-109.654255,6.573,True,MIGRACION DIRECTA VIABLE,-10.14
3004,"EMSaD, Basiroa",COMPUPROYECCIONES,,TAPIZUELAS,26.66351,-108.864288,6.593,True,MIGRACION DIRECTA VIABLE,-5.13
1999,FELIPE CARRILLO PUERTO,RED SEC,,ITHUA,26.820917,-109.618556,6.596,True,MIGRACION DIRECTA VIABLE,-11.45
2819,SIGIFREDO VALENZUELA PORTILLO,RED SEC,,ESPERANZA,27.56626,-109.9411,6.597,True,MIGRACION DIRECTA VIABLE,-5.09
1205,LAZARO CARDENAS DEL RIO,RED SEC,,HOSPITAL GENERAL,26.842562,-109.641426,6.615,True,MIGRACION DIRECTA VIABLE,-10.11
1098,LA ESPINITA,RED SEC,,HOSPITAL GENERAL,26.842562,-109.641426,6.615,True,MIGRACION DIRECTA VIABLE,-10.11
1603,EVELIO ESCALANTE ANTE,COMPUPROYECCIONES,,Prim Adolfo López Mateos de Ej Joaquin Amaro,27.258411,-109.761846,6.709,True,MIGRACION DIRECTA VIABLE,-10.29
1641,JESUS GARCIA,COMPUPROYECCIONES,,MOLINO-DE-CAMOU,29.196339,-110.786536,6.762,True,MIGRACION DIRECTA VIABLE,-8.88
187,TELESECUNDARIA 295,COMPUPROYECCIONES,,(TZ-45) Torre Comandancia municipal Álamos,27.039497,-108.944858,6.808,True,MIGRACION DIRECTA VIABLE,-4.28
3231,CENTRO DE SALUD RURAL LOMA DE GUAMUCHIL,COMPUPROYECCIONES,,ESPERANZA,27.56626,-109.9411,6.831,True,MIGRACION DIRECTA VIABLE,-13.03
2014,FELIPE ANGUAMEA PALMA,RED SEC,,ITHUA,26.820917,-109.618556,6.938,True,MIGRACION DIRECTA VIABLE,-9.37
1952,ILI-SIA,RED SEC,,ITHUA,26.820917,-109.618556,6.938,True,MIGRACION DIRECTA VIABLE,-9.37
2100,TELESECUNDARIA 227,RED SEC,,ITHUA,26.820917,-109.618556,7.012,True,MIGRACION DIRECTA VIABLE,-7.18
1937,UME-NAMUM,RED SEC,,ITHUA,26.820917,-109.618556,7.012,True,MIGRACION DIRECTA VIABLE,-7.18
2004,RICARDO FLORES,RED SEC,,ITHUA,26.820917,-109.618556,7.012,True,MIGRACION DIRECTA VIABLE,-7.18
642,ALVARO OBREGON,COMPUPROYECCIONES,,URES,30.735918,-112.958025,7.03,True,MIGRACION DIRECTA VIABLE,-5.82
686,TELESECUNDARIA 291,COMPUPROYECCIONES,,URES,30.735918,-112.958025,7.03,True,MIGRACION DIRECTA VIABLE,-5.82
1413,JUAN ALDAMA,RED SEC,,(TZ-45) Torre Vigia Guaymas,27.942091,-110.904878,7.073,True,MIGRACION DIRECTA VIABLE,-13.92
1386,FRANCISCO I. MADERO,RED SEC,,(TZ-45) Torre Vigia Guaymas,27.942091,-110.904878,7.073,True,MIGRACION DIRECTA VIABLE,-13.92
761,XICOTENCATL,RED SEC,,ESPERANZA,27.56626,-109.9411,7.075,True,MIGRACION DIRECTA VIABLE,-10.42
883,EMILIANO ZAPATA,RED SEC,,ESPERANZA,27.56626,-109.9411,7.075,True,MIGRACION DIRECTA VIABLE,-10.42
968,TELESECUNDARIA 14,RED SEC,,ESPERANZA,27.56626,-109.9411,7.075,True,MIGRACION DIRECTA VIABLE,-10.42
2656,TELESECUNDARIA 332,COMPUPROYECCIONES,,ROSARIO,27.850747,-109.365744,7.122,True,MIGRACION DIRECTA VIABLE,-16.75
2923,GUADALUPE SOTO SANCHEZ,RED SEC,,(TZ-45) Torre C5 Guaymas,27.946206,-110.934208,7.131,True,MIGRACION DIRECTA VIABLE,-9.61
1383,EMILIANO ZAPATA,RED SEC,,(TZ-45) Torre C5 Guaymas,27.946206,-110.934208,7.131,True,MIGRACION DIRECTA VIABLE,-9.61
1328,ENRIQUE GONZALEZ MARTINEZ,RED SEC,,(TZ-45) Torre C5 Guaymas,27.946206,-110.934208,7.131,True,MIGRACION DIRECTA VIABLE,-9.61
866,IGNACIO ZARAGOZA,RED SEC,,(TZ-30) Torre Pueblo Yaqui,27.354236,-110.035575,7.272,True,MIGRACION DIRECTA VIABLE,-8.25
2034,RICARDO FLORES MAGON,RED SEC,,HOSPITAL GENERAL,26.842562,-109.641426,7.276,True,MIGRACION DIRECTA VIABLE,-9.13
2337,GENERAL BENJAMIN HILL,RED SEC,,Universidad de Sonora  Campus Navojoa,27.074257,-109.429382,7.289,True,MIGRACION DIRECTA VIABLE,-8.87
2256,JUAN DE LA BARRERA,RED SEC,,Universidad de Sonora  Campus Navojoa,27.074257,-109.429382,7.289,True,MIGRACION DIRECTA VIABLE,-8.87
1968,IN ANIA,RED SEC,,HOSPITAL GENERAL,26.842562,-109.641426,7.348,True,MIGRACION DIRECTA VIABLE,-5.51
1981,RICARDO FLORES MAGON,RED SEC,,HOSPITAL GENERAL,26.842562,-109.641426,7.348,True,MIGRACION DIRECTA VIABLE,-5.51
1933,LOS ALAMITOS,RED SEC,,HOSPITAL GENERAL,26.842562,-109.641426,7.348,True,MIGRACION DIRECTA VIABLE,-5.51
1621,ESCUELA SECUNDARIA TECNICA NUM. 63,COMPUPROYECCIONES,,HOSPITAL GENERAL,26.842562,-109.641426,7.348,True,MIGRACION DIRECTA VIABLE,-5.51
2016,ESCUELA PRIMARIA NUEVA CREACION,RED SEC,,Prim Aquiles Serdán de La Potable,26.878814,-109.448692,7.361,True,MIGRACION DIRECTA VIABLE,-8.67
1410,EDUARDO SALCIDO CELAYA,TELMEX,,HEROICA-CIUDAD-DE-URES,29.42406,-110.38735,7.382,True,MIGRACION DIRECTA VIABLE,-9.31
2915,EMILIANO ZAPATA,TELMEX,,HEROICA-CIUDAD-DE-URES,29.42406,-110.38735,7.382,True,MIGRACION DIRECTA VIABLE,-9.31
1176,PIPILA,RED SEC,,CENTRO DE SALUD BACOBAMPO,26.979011,-109.654255,7.478,True,MIGRACION DIRECTA VIABLE,-11.13
1242,TELESECUNDARIA 249,RED SEC,,EL-SAUZ,27.068219,-109.501556,7.509,True,MIGRACION DIRECTA VIABLE,-9.18
1189,NIÑOS HEROES,RED SEC,,EL-SAUZ,27.068219,-109.501556,7.509,True,MIGRACION DIRECTA VIABLE,-9.18
1104,LA PLUMITA,RED SEC,,EL-SAUZ,27.068219,-109.501556,7.509,True,MIGRACION DIRECTA VIABLE,-9.18
1114,EL INDITO,RED SEC,,Prim 20 de Noviembre de Bacajaquia,27.074443,-109.65144,7.52,True,MIGRACION DIRECTA VIABLE,-6.24
1200,GENERAL LAZARO CARDENAS,RED SEC,,Prim 20 de Noviembre de Bacajaquia,27.074443,-109.65144,7.52,True,MIGRACION DIRECTA VIABLE,-6.24
181,TELESECUNDARIA 236,COMPUPROYECCIONES,,LOS-TANQUES,27.21055,-108.89006,7.661,False,REQUIERE REPETIDOR O REVISION TECNICA,37.22
1954,EL CARITO,RED SEC,,HOSPITAL GENERAL,26.842562,-109.641426,7.674,True,MIGRACION DIRECTA VIABLE,-8.82
2023,ESTADO DE PUEBLA,RED SEC,,HOSPITAL GENERAL,26.842562,-109.641426,7.674,True,MIGRACION DIRECTA VIABLE,-8.82
2308,IGNACIO JOSE ALLENDE,RED SEC,,Cuarentenaria Bahuises,27.127718,-109.469734,7.677,True,MIGRACION DIRECTA VIABLE,-6.71
2340,DAMIAN CARMONA,RED SEC,,Cuarentenaria Bahuises,27.127718,-109.469734,7.702,True,MIGRACION DIRECTA VIABLE,-7.45
2242,LA PALOMA,RED SEC,,Cuarentenaria Bahuises,27.127718,-109.469734,7.702,True,MIGRACION DIRECTA VIABLE,-7.45
1097,TELESECUNDARIA 374,COMPUPROYECCIONES,,Prim Niños Heroes de Ej Junelancahui,28.069167,-110.548444,7.724,True,MIGRACION DIRECTA VIABLE,-7.72
1390,PLUTARCO ELIAS CALLES,COMPUPROYECCIONES,,Centro de Salud de Francisco Marquez,28.157694,-110.591389,7.803,True,MIGRACION DIRECTA VIABLE,-4.24
1934,EL FUTURO,RED SEC,,ITHUA,26.820917,-109.618556,7.92,True,MIGRACION DIRECTA VIABLE,-7.55
2035,JOSEFA ORTIZ DE DOMINGUEZ,RED SEC,,ITHUA,26.820917,-109.618556,7.92,True,MIGRACION DIRECTA VIABLE,-7.55
3024,"CECyTE, Júpare",COMPUPROYECCIONES,,HOSPITAL GENERAL,26.842562,-109.641426,7.963,True,MIGRACION DIRECTA VIABLE,-7.18
186,TELESECUNDARIA 294,COMPUPROYECCIONES,,(TZ-45) Torre Comandancia municipal Álamos,27.039497,-108.944858,7.965,False,REQUIERE REPETIDOR O REVISION TECNICA,274.76
2793,MARIA TERESA HINOJOSA DE OCHOA,RED SEC,,AUFIS,29.069393,-110.944628,7.972,False,REQUIERE REPETIDOR O REVISION TECNICA,68.76
1494,EL SABER,RED SEC,,HOSPITAL GENERAL,26.842562,-109.641426,8.014,True,MIGRACION DIRECTA VIABLE,-8.09
2024,LAZARO CARDENAS,RED SEC,,HOSPITAL GENERAL,26.842562,-109.641426,8.014,True,MIGRACION DIRECTA VIABLE,-8.09
2066,LIC. MIGUEL ALEMAN,RED SEC,,ITHUA,26.820917,-109.618556,8.057,True,MIGRACION DIRECTA VIABLE,-8.37
1936,U-BISEROU,RED SEC,,ITHUA,26.820917,-109.618556,8.057,True,MIGRACION DIRECTA VIABLE,-8.37
2848,SALVADOR JIMENEZ BADILLA,COMPUPROYECCIONES,,PUEBLO-NUEVO-OCUCA,30.573705,-111.447576,8.083,True,MIGRACION DIRECTA VIABLE,-7.33
1644,PIPILA,RED SEC,,Cerro Cementera,29.061306,-110.941472,8.101,True,MIGRACION DIRECTA VIABLE,-8.82
188,TELESECUNDARIA 296,COMPUPROYECCIONES,,EL MOCÚZARI (CONICÁRIT),27.215093,-109.094535,8.103,False,REQUIERE REPETIDOR O REVISION TECNICA,241.93
1215,EL CAMPESINO,RED SEC,,Prim 20 de Noviembre de Bacajaquia,27.074443,-109.65144,8.235,True,MIGRACION DIRECTA VIABLE,-8.4
1152,SILVESTRE REVUELTAS,RED SEC,,Prim 20 de Noviembre de Bacajaquia,27.074443,-109.65144,8.235,True,MIGRACION DIRECTA VIABLE,-8.4
1607,ESCUELA SECUNDARIA TECNICA NUM. 50,RED SEC,,ITHUA,26.820917,-109.618556,8.244,True,MIGRACION DIRECTA VIABLE,-3.39
693,TELESECUNDARIA 369,COMPUPROYECCIONES,,"(TZ-90) Cecytes ""Y""",30.805425,-112.713033,8.302,True,MIGRACION DIRECTA VIABLE,-9.83
169,TELESECUNDARIA 23,COMPUPROYECCIONES,,LOS-TANQUES,27.21055,-108.89006,8.317,False,REQUIERE REPETIDOR O REVISION TECNICA,44.06
548,BENITO JUAREZ GARCIA,COMPUPROYECCIONES,,Telesecundaria No. 255 de San Miguelito,30.516485,-108.969837,8.392,False,REQUIERE REPETIDOR O REVISION TECNICA,65.73
552,TELESECUNDARIA 373,COMPUPROYECCIONES,,Telesecundaria No. 255 de San Miguelito,30.516485,-108.969837,8.392,False,REQUIERE REPETIDOR O REVISION TECNICA,65.73
2026,PROF. ALVARO OBREGON,RED SEC,,ITHUA,26.820917,-109.618556,8.536,True,MIGRACION DIRECTA VIABLE,-8.15
972,TELESECUNDARIA 19,TELMEX,,(TZ-30) Torre Pueblo Yaqui,27.354236,-110.035575,8.537,True,MIGRACION DIRECTA VIABLE,-7.13
209,TELESECUNDARIA 279,TELMEX,,ALTAR-II,30.70085,-111.82861,8.589,True,MIGRACION DIRECTA VIABLE,-4.61
2015,CARMEN SERDAN,RED SEC,,ITHUA,26.820917,-109.618556,8.612,True,MIGRACION DIRECTA VIABLE,-11.61
1438,TELESECUNDARIA 125,TELMEX,,GENERAL-FELIPE-ANGELES,28.27353,-110.62722,8.644,True,MIGRACION DIRECTA VIABLE,-9.03
1932,LOS JUGUETITOS,RED SEC,,ITHUA,26.820917,-109.618556,8.73,True,MIGRACION DIRECTA VIABLE,-8.15
1671,5 DE MAYO,COMPUPROYECCIONES,,Carrizo,29.345094,-110.746816,8.754,False,REQUIERE REPETIDOR O REVISION TECNICA,29.35
1965,JUAN CAMPOY VALENZUELA,RED SEC,,HOSPITAL GENERAL,26.842562,-109.641426,8.771,True,MIGRACION DIRECTA VIABLE,-7.13
2375,GENERAL EMILIANO ZAPATA,RED SEC,,Cuarentenaria Bahuises,27.127718,-109.469734,8.844,True,MIGRACION DIRECTA VIABLE,-8.2
1093,ESCUELA SECUNDARIA TECNICA NUM. 12,COMPUPROYECCIONES,,AEROPUERTO,32.44079,-114.80972,8.859,True,MIGRACION DIRECTA VIABLE,-9.26
1660,GENERAL ABELARDO L RODRIGUEZ,RED SEC,,Cerro 7Cerros  / Sitio C5 Hermosillo,28.854599,-111.385835,8.874,True,MIGRACION DIRECTA VIABLE,-8.72
1905,TELESECUNDARIA 185,RED SEC,,Cerro 7Cerros  / Sitio C5 Hermosillo,28.854599,-111.385835,8.874,True,MIGRACION DIRECTA VIABLE,-8.72
1970,III PARASIM,RED SEC,,HOSPITAL GENERAL,26.842562,-109.641426,8.876,True,MIGRACION DIRECTA VIABLE,-7.47
1998,NICOLAS BRAVO,INDEX,,HOSPITAL GENERAL,26.842562,-109.641426,8.895,True,MIGRACION DIRECTA VIABLE,-10.66
1959,LA VEREDITA,RED SEC,,HOSPITAL GENERAL,26.842562,-109.641426,8.895,True,MIGRACION DIRECTA VIABLE,-10.66
2654,TELESECUNDARIA 220,COMPUPROYECCIONES,,CEDROS,27.76029,-109.29198,8.956,True,MIGRACION DIRECTA VIABLE,-10.8
1287,VICENTE BUITIMEA,RED SEC,,Centro de Salud Vicam,27.647,-110.296,9.017,True,MIGRACION DIRECTA VIABLE,-8.28
1349,RAFAEL RAMIREZ,RED SEC,,Centro de Salud Vicam,27.647,-110.296,9.017,True,MIGRACION DIRECTA VIABLE,-8.28
1019,TELESECUNDARIA 214,COMPUPROYECCIONES,,Torre Elenita,31.005044,-110.379914,9.138,False,REQUIERE REPETIDOR O REVISION TECNICA,260.0
2033,NIÑOS HEROES,RED SEC,,ITHUA,26.820917,-109.618556,9.266,True,MIGRACION DIRECTA VIABLE,-6.35
2922,EMILIO CARRANZA,TELMEX,,HEROICA-CIUDAD-DE-URES,29.42406,-110.38735,9.33,True,MIGRACION DIRECTA VIABLE,-7.71
2028,IGNACIO ZARAGOZA,RED SEC,,ITHUA,26.820917,-109.618556,9.336,True,MIGRACION DIRECTA VIABLE,-10.19
1489,EMILIANO ZAPATA,TELMEX,,MOLINO-DE-CAMOU,29.196339,-110.786536,9.367,True,MIGRACION DIRECTA VIABLE,-6.18
3478,ITAMA - GMASS,TELMEX,,AUFIS,29.069393,-110.944628,9.402,False,REQUIERE REPETIDOR O REVISION TECNICA,36.71
2864,JOSE ANGEL HURTADO ACUÑA,TELMEX,,MOLINO-DE-CAMOU,29.196339,-110.786536,9.514,True,MIGRACION DIRECTA VIABLE,-5.16
1364,VICENTE SUAREZ,COMPUPROYECCIONES,,Centro de Salud de Francisco Marquez,28.157694,-110.591389,9.535,True,MIGRACION DIRECTA VIABLE,-7.98
189,TELESECUNDARIA 297,COMPUPROYECCIONES,,(TZ-45) Torre Comandancia municipal Álamos,27.039497,-108.944858,9.554,False,REQUIERE REPETIDOR O REVISION TECNICA,95.19
1281,TELESECUNDARIA 350,COMPUPROYECCIONES,,(TZ-45) Torre Comandancia Sonoyta,31.864325,-112.849472,9.689,False,REQUIERE REPETIDOR O REVISION TECNICA,1.48
3021,"CECyTE, San Pedro el Saucito",COMPUPROYECCIONES,,MOLINO-DE-CAMOU,29.196339,-110.786536,9.725,True,MIGRACION DIRECTA VIABLE,-10.16
3178,BELEEM PITAHAYA,COMPUPROYECCIONES,,HUIRIBIS,27.690069,-110.478103,9.77,True,MIGRACION DIRECTA VIABLE,-5.82
2086,TELESECUNDARIA 38,RED SEC,,ITHUA,26.820917,-109.618556,9.842,True,MIGRACION DIRECTA VIABLE,-8.19
2043,FELIPE SALIDO,RED SEC,,ITHUA,26.820917,-109.618556,9.842,True,MIGRACION DIRECTA VIABLE,-8.19
1950,EL PATITO,RED SEC,,ITHUA,26.820917,-109.618556,9.842,True,MIGRACION DIRECTA VIABLE,-8.19
2038,GENERAL PLUTARCO E CALLES,INDEX,,Centro de Salud Rural de Venustiano Carranza,26.427719,-109.031198,9.855,True,MIGRACION DIRECTA VIABLE,-8.48
1198,FRANCISCO I. MADERO,TELMEX,,Prim Gavino Barrera de Guaytana,27.093839,-109.656901,9.926,True,MIGRACION DIRECTA VIABLE,-10.91
1449,TELESECUNDARIA 356,GLOBALSAT,,HUIRIBIS,27.690069,-110.478103,9.969,True,MIGRACION DIRECTA VIABLE,-10.16
